[      43ms] [ERROR] Failed to load resource: net::ERR_FAILED @ chrome-extension://invalid/:0
[     152ms] [ERROR] Failed to load resource: net::ERR_FAILED @ chrome-extension://invalid/:0
[     261ms] [ERROR] Failed to load resource: net::ERR_FAILED @ chrome-extension://invalid/:0
[     371ms] [ERROR] Failed to load resource: net::ERR_FAILED @ chrome-extension://invalid/:0
[     482ms] [ERROR] Failed to load resource: net::ERR_FAILED @ chrome-extension://invalid/:0
[     594ms] [ERROR] Failed to load resource: net::ERR_FAILED @ chrome-extension://invalid/:0
[     698ms] [ERROR] Failed to load resource: net::ERR_FAILED @ chrome-extension://invalid/:0
[     806ms] [ERROR] Failed to load resource: net::ERR_FAILED @ chrome-extension://invalid/:0
[     916ms] [ERROR] Failed to load resource: net::ERR_FAILED @ chrome-extension://invalid/:0
[    1031ms] [ERROR] Failed to load resource: net::ERR_FAILED @ chrome-extension://invalid/:0
[    1147ms] [ERROR] Failed to load resource: net::ERR_FAILED @ chrome-extension://invalid/:0
[    1256ms] [ERROR] Failed to load resource: net::ERR_FAILED @ chrome-extension://invalid/:0
[    1363ms] [ERROR] Failed to load resource: net::ERR_FAILED @ chrome-extension://invalid/:0
[    1473ms] [ERROR] Failed to load resource: net::ERR_FAILED @ chrome-extension://invalid/:0
[    1585ms] [ERROR] Failed to load resource: net::ERR_FAILED @ chrome-extension://invalid/:0
[    2726ms] Error: Minified React error #418; visit https://react.dev/errors/418?args[]= for the full message or use the non-minified dev environment for full errors and additional helpful warnings.
    at rO (https://static.licdn.com/aero-v1/sc/h/assets/kuu7tUnu.js:1:50371)
    at oV (https://static.licdn.com/aero-v1/sc/h/assets/kuu7tUnu.js:1:99613)
    at sh (https://static.licdn.com/aero-v1/sc/h/assets/kuu7tUnu.js:1:128139)
    at https://static.licdn.com/aero-v1/sc/h/assets/kuu7tUnu.js:1:124314
    at https://static.licdn.com/aero-v1/sc/h/assets/kuu7tUnu.js:1:124322
    at sr (https://static.licdn.com/aero-v1/sc/h/assets/kuu7tUnu.js:1:124419)
    at sV (https://static.licdn.com/aero-v1/sc/h/assets/kuu7tUnu.js:1:145647)
    at MessagePort.T (https://static.licdn.com/aero-v1/sc/h/assets/kuu7tUnu.js:1:14547)
[    4909ms] [WARNING] Attribute 'exception.tags' of type 'object' could not be converted to a proto attribute. @ https://static.licdn.com/aero-v1/sc/h/assets/C3dzEU4g.js:2
[    4911ms] [WARNING] Attribute 'exception.tags' of type 'object' could not be converted to a proto attribute. @ https://static.licdn.com/aero-v1/sc/h/assets/C3dzEU4g.js:2
[    4957ms] [WARNING] Attribute 'exception.tags' of type 'object' could not be converted to a proto attribute. @ https://static.licdn.com/aero-v1/sc/h/assets/C3dzEU4g.js:2
[    4958ms] [WARNING] Attribute 'exception.tags' of type 'object' could not be converted to a proto attribute. @ https://static.licdn.com/aero-v1/sc/h/assets/C3dzEU4g.js:2
[    7858ms] [ERROR] Failed to load resource: net::ERR_FAILED @ chrome-extension://invalid/:0
[    7960ms] [ERROR] Failed to load resource: net::ERR_FAILED @ chrome-extension://invalid/:0
[    8070ms] [ERROR] Failed to load resource: net::ERR_FAILED @ chrome-extension://invalid/:0
[    8182ms] [ERROR] Failed to load resource: net::ERR_FAILED @ chrome-extension://invalid/:0
[    8292ms] [ERROR] Failed to load resource: net::ERR_FAILED @ chrome-extension://invalid/:0
[    8393ms] [ERROR] Failed to load resource: net::ERR_FAILED @ chrome-extension://invalid/:0
[    8498ms] [ERROR] Failed to load resource: net::ERR_FAILED @ chrome-extension://invalid/:0
[    8607ms] [ERROR] Failed to load resource: net::ERR_FAILED @ chrome-extension://invalid/:0
[    8711ms] [ERROR] Failed to load resource: net::ERR_FAILED @ chrome-extension://invalid/:0
[    8820ms] [ERROR] Failed to load resource: net::ERR_FAILED @ chrome-extension://invalid/:0
[    8930ms] [ERROR] Failed to load resource: net::ERR_FAILED @ chrome-extension://invalid/:0
[    9040ms] [ERROR] Failed to load resource: net::ERR_FAILED @ chrome-extension://invalid/:0
[    9148ms] [ERROR] Failed to load resource: net::ERR_FAILED @ chrome-extension://invalid/:0
[    9258ms] [ERROR] Failed to load resource: net::ERR_FAILED @ chrome-extension://invalid/:0
[    9367ms] [ERROR] Failed to load resource: net::ERR_FAILED @ chrome-extension://invalid/:0
[    9475ms] [ERROR] Failed to load resource: net::ERR_FAILED @ chrome-extension://invalid/:0
[    9586ms] [ERROR] Failed to load resource: net::ERR_FAILED @ chrome-extension://invalid/:0
[    9693ms] [ERROR] Failed to load resource: net::ERR_FAILED @ chrome-extension://invalid/:0
[    9803ms] [ERROR] Failed to load resource: net::ERR_FAILED @ chrome-extension://invalid/:0
[    9913ms] [ERROR] Failed to load resource: net::ERR_FAILED @ chrome-extension://invalid/:0
[   10020ms] [ERROR] Failed to load resource: net::ERR_FAILED @ chrome-extension://invalid/:0
[   10129ms] [ERROR] Failed to load resource: net::ERR_FAILED @ chrome-extension://invalid/:0
[   10230ms] [ERROR] Failed to load resource: net::ERR_FAILED @ chrome-extension://invalid/:0
[   10331ms] [ERROR] Failed to load resource: net::ERR_FAILED @ chrome-extension://invalid/:0
[   10440ms] [ERROR] Failed to load resource: net::ERR_FAILED @ chrome-extension://invalid/:0
[   10550ms] [ERROR] Failed to load resource: net::ERR_FAILED @ chrome-extension://invalid/:0
[   10657ms] [ERROR] Failed to load resource: net::ERR_FAILED @ chrome-extension://invalid/:0
[   10767ms] [ERROR] Failed to load resource: net::ERR_FAILED @ chrome-extension://invalid/:0
[   10876ms] [ERROR] Failed to load resource: net::ERR_FAILED @ chrome-extension://invalid/:0
[   10987ms] [ERROR] Failed to load resource: net::ERR_FAILED @ chrome-extension://invalid/:0
[   11098ms] [ERROR] Failed to load resource: net::ERR_FAILED @ chrome-extension://invalid/:0
[   11207ms] [ERROR] Failed to load resource: net::ERR_FAILED @ chrome-extension://invalid/:0
[   11314ms] [ERROR] Failed to load resource: net::ERR_FAILED @ chrome-extension://invalid/:0
[   11415ms] [ERROR] Failed to load resource: net::ERR_FAILED @ chrome-extension://invalid/:0
[   11520ms] [ERROR] Failed to load resource: net::ERR_FAILED @ chrome-extension://invalid/:0
[   11629ms] [ERROR] Failed to load resource: net::ERR_FAILED @ chrome-extension://invalid/:0
[   11738ms] [ERROR] Failed to load resource: net::ERR_FAILED @ chrome-extension://invalid/:0
[   11845ms] [ERROR] Failed to load resource: net::ERR_FAILED @ chrome-extension://invalid/:0
[   11954ms] [ERROR] Failed to load resource: net::ERR_FAILED @ chrome-extension://invalid/:0
[   12063ms] [ERROR] Failed to load resource: net::ERR_FAILED @ chrome-extension://invalid/:0
[   12172ms] [ERROR] Failed to load resource: net::ERR_FAILED @ chrome-extension://invalid/:0
[   12282ms] [ERROR] Failed to load resource: net::ERR_FAILED @ chrome-extension://invalid/:0
[   12392ms] [ERROR] Failed to load resource: net::ERR_FAILED @ chrome-extension://invalid/:0
[   12501ms] [ERROR] Failed to load resource: net::ERR_FAILED @ chrome-extension://invalid/:0
[   12610ms] [ERROR] Failed to load resource: net::ERR_FAILED @ chrome-extension://invalid/:0
[   12718ms] [ERROR] Failed to load resource: net::ERR_FAILED @ chrome-extension://invalid/:0
[   12820ms] [ERROR] Failed to load resource: net::ERR_FAILED @ chrome-extension://invalid/:0
[   12921ms] [ERROR] Failed to load resource: net::ERR_FAILED @ chrome-extension://invalid/:0
[   13025ms] [ERROR] Failed to load resource: net::ERR_FAILED @ chrome-extension://invalid/:0
[   13136ms] [ERROR] Failed to load resource: net::ERR_FAILED @ chrome-extension://invalid/:0
[   13246ms] [ERROR] Failed to load resource: net::ERR_FAILED @ chrome-extension://invalid/:0
[   13355ms] [ERROR] Failed to load resource: net::ERR_FAILED @ chrome-extension://invalid/:0
[   13465ms] [ERROR] Failed to load resource: net::ERR_FAILED @ chrome-extension://invalid/:0
[   13574ms] [ERROR] Failed to load resource: net::ERR_FAILED @ chrome-extension://invalid/:0
[   13684ms] [ERROR] Failed to load resource: net::ERR_FAILED @ chrome-extension://invalid/:0
[   13793ms] [ERROR] Failed to load resource: net::ERR_FAILED @ chrome-extension://invalid/:0
[   13903ms] [ERROR] Failed to load resource: net::ERR_FAILED @ chrome-extension://invalid/:0
[   14021ms] [ERROR] Failed to load resource: net::ERR_FAILED @ chrome-extension://invalid/:0
[   14335ms] [ERROR] Failed to load resource: net::ERR_FAILED @ chrome-extension://invalid/:0
[   14618ms] [ERROR] Failed to load resource: net::ERR_FAILED @ chrome-extension://invalid/:0
[   14898ms] [ERROR] Failed to load resource: net::ERR_FAILED @ chrome-extension://invalid/:0
[   15087ms] [ERROR] Failed to load resource: net::ERR_FAILED @ chrome-extension://invalid/:0
[   15190ms] [ERROR] Failed to load resource: net::ERR_FAILED @ chrome-extension://invalid/:0
[   15604ms] [ERROR] Failed to load resource: net::ERR_FAILED @ chrome-extension://invalid/:0
[   15705ms] [ERROR] Failed to load resource: net::ERR_FAILED @ chrome-extension://invalid/:0
[   15821ms] [ERROR] Failed to load resource: net::ERR_FAILED @ chrome-extension://invalid/:0
[   15933ms] [ERROR] Failed to load resource: net::ERR_FAILED @ chrome-extension://invalid/:0
[   16127ms] [ERROR] Failed to load resource: net::ERR_FAILED @ chrome-extension://invalid/:0
[   16234ms] [ERROR] Failed to load resource: net::ERR_FAILED @ chrome-extension://invalid/:0
[   16362ms] [ERROR] Failed to load resource: net::ERR_FAILED @ chrome-extension://invalid/:0
[   16502ms] [ERROR] Failed to load resource: net::ERR_FAILED @ chrome-extension://invalid/:0
[   16760ms] [ERROR] Failed to load resource: net::ERR_FAILED @ chrome-extension://invalid/:0
[   16906ms] [ERROR] Failed to load resource: net::ERR_FAILED @ chrome-extension://invalid/:0
[   17010ms] [ERROR] Failed to load resource: net::ERR_FAILED @ chrome-extension://invalid/:0
[   17128ms] [ERROR] Failed to load resource: net::ERR_FAILED @ chrome-extension://invalid/:0
[   17229ms] [ERROR] Failed to load resource: net::ERR_FAILED @ chrome-extension://invalid/:0
[   17360ms] [ERROR] Failed to load resource: net::ERR_FAILED @ chrome-extension://invalid/:0
[   17462ms] [ERROR] Failed to load resource: net::ERR_FAILED @ chrome-extension://invalid/:0
[   17782ms] [ERROR] Failed to load resource: net::ERR_FAILED @ chrome-extension://invalid/:0
[   17885ms] [ERROR] Failed to load resource: net::ERR_FAILED @ chrome-extension://invalid/:0
[   18015ms] [ERROR] Failed to load resource: net::ERR_FAILED @ chrome-extension://invalid/:0
[   18134ms] [ERROR] Failed to load resource: net::ERR_FAILED @ chrome-extension://invalid/:0
[   18240ms] [ERROR] Failed to load resource: net::ERR_FAILED @ chrome-extension://invalid/:0
[   18343ms] [ERROR] Failed to load resource: net::ERR_FAILED @ chrome-extension://invalid/:0
[   18457ms] [ERROR] Failed to load resource: net::ERR_FAILED @ chrome-extension://invalid/:0
[   18632ms] [ERROR] Failed to load resource: net::ERR_FAILED @ chrome-extension://invalid/:0
[   18786ms] [ERROR] Failed to load resource: net::ERR_FAILED @ chrome-extension://invalid/:0
[   18900ms] [ERROR] Failed to load resource: net::ERR_FAILED @ chrome-extension://invalid/:0
[   19010ms] [ERROR] Failed to load resource: net::ERR_FAILED @ chrome-extension://invalid/:0
[   19120ms] [ERROR] Failed to load resource: net::ERR_FAILED @ chrome-extension://invalid/:0
[   19242ms] [ERROR] Failed to load resource: net::ERR_FAILED @ chrome-extension://invalid/:0
[   19413ms] [ERROR] Failed to load resource: net::ERR_FAILED @ chrome-extension://invalid/:0
[   19646ms] [ERROR] Failed to load resource: net::ERR_FAILED @ chrome-extension://invalid/:0
[   19772ms] [ERROR] Failed to load resource: net::ERR_FAILED @ chrome-extension://invalid/:0
[   19943ms] [ERROR] Failed to load resource: net::ERR_FAILED @ chrome-extension://invalid/:0
[   20065ms] [ERROR] Failed to load resource: net::ERR_FAILED @ chrome-extension://invalid/:0
[   20178ms] [ERROR] Failed to load resource: net::ERR_FAILED @ chrome-extension://invalid/:0
[   20356ms] [ERROR] Failed to load resource: net::ERR_FAILED @ chrome-extension://invalid/:0
[   20474ms] [ERROR] Failed to load resource: net::ERR_FAILED @ chrome-extension://invalid/:0
[   20582ms] [ERROR] Failed to load resource: net::ERR_FAILED @ chrome-extension://invalid/:0
[   20693ms] [ERROR] Failed to load resource: net::ERR_FAILED @ chrome-extension://invalid/:0
[   20802ms] [ERROR] Failed to load resource: net::ERR_FAILED @ chrome-extension://invalid/:0
[   20911ms] [ERROR] Failed to load resource: net::ERR_FAILED @ chrome-extension://invalid/:0
[   21019ms] [ERROR] Failed to load resource: net::ERR_FAILED @ chrome-extension://invalid/:0
[   21136ms] [ERROR] Failed to load resource: net::ERR_FAILED @ chrome-extension://invalid/:0
[   21275ms] [ERROR] Failed to load resource: net::ERR_FAILED @ chrome-extension://invalid/:0
[   21396ms] [ERROR] Failed to load resource: net::ERR_FAILED @ chrome-extension://invalid/:0
[   21508ms] [ERROR] Failed to load resource: net::ERR_FAILED @ chrome-extension://invalid/:0
[   21676ms] [ERROR] Failed to load resource: net::ERR_FAILED @ chrome-extension://invalid/:0
[   21795ms] [ERROR] Failed to load resource: net::ERR_FAILED @ chrome-extension://invalid/:0
[   21902ms] [ERROR] Failed to load resource: net::ERR_FAILED @ chrome-extension://invalid/:0
[   22010ms] [ERROR] Failed to load resource: net::ERR_FAILED @ chrome-extension://invalid/:0
[   22121ms] [ERROR] Failed to load resource: net::ERR_FAILED @ chrome-extension://invalid/:0
[   22266ms] [ERROR] Failed to load resource: net::ERR_FAILED @ chrome-extension://invalid/:0
[   22386ms] [ERROR] Failed to load resource: net::ERR_FAILED @ chrome-extension://invalid/:0
[   22489ms] [ERROR] Failed to load resource: net::ERR_FAILED @ chrome-extension://invalid/:0
[   22600ms] [ERROR] Failed to load resource: net::ERR_FAILED @ chrome-extension://invalid/:0
[   22714ms] [ERROR] Failed to load resource: net::ERR_FAILED @ chrome-extension://invalid/:0
[   22828ms] [ERROR] Failed to load resource: net::ERR_FAILED @ chrome-extension://invalid/:0
[   22942ms] [ERROR] Failed to load resource: net::ERR_FAILED @ chrome-extension://invalid/:0
[   23064ms] [ERROR] Failed to load resource: net::ERR_FAILED @ chrome-extension://invalid/:0
[   23170ms] [ERROR] Failed to load resource: net::ERR_FAILED @ chrome-extension://invalid/:0
[   23283ms] [ERROR] Failed to load resource: net::ERR_FAILED @ chrome-extension://invalid/:0
[   23412ms] [ERROR] Failed to load resource: net::ERR_FAILED @ chrome-extension://invalid/:0
[   23563ms] [ERROR] Failed to load resource: net::ERR_FAILED @ chrome-extension://invalid/:0
[   23669ms] [ERROR] Failed to load resource: net::ERR_FAILED @ chrome-extension://invalid/:0
[   23783ms] [ERROR] Failed to load resource: net::ERR_FAILED @ chrome-extension://invalid/:0
[   23888ms] [ERROR] Failed to load resource: net::ERR_FAILED @ chrome-extension://invalid/:0
[   24006ms] [ERROR] Failed to load resource: net::ERR_FAILED @ chrome-extension://invalid/:0
[   24125ms] [ERROR] Failed to load resource: net::ERR_FAILED @ chrome-extension://invalid/:0
[   24228ms] [ERROR] Failed to load resource: net::ERR_FAILED @ chrome-extension://invalid/:0
[   24344ms] [ERROR] Failed to load resource: net::ERR_FAILED @ chrome-extension://invalid/:0
[   24455ms] [ERROR] Failed to load resource: net::ERR_FAILED @ chrome-extension://invalid/:0
[   24638ms] [ERROR] Failed to load resource: net::ERR_FAILED @ chrome-extension://invalid/:0
[   24747ms] [ERROR] Failed to load resource: net::ERR_FAILED @ chrome-extension://invalid/:0
[   24855ms] [ERROR] Failed to load resource: net::ERR_FAILED @ chrome-extension://invalid/:0
[   24967ms] [ERROR] Failed to load resource: net::ERR_FAILED @ chrome-extension://invalid/:0
[   25075ms] [ERROR] Failed to load resource: net::ERR_FAILED @ chrome-extension://invalid/:0
[   25228ms] [ERROR] Failed to load resource: net::ERR_FAILED @ chrome-extension://invalid/:0
[   25338ms] [ERROR] Failed to load resource: net::ERR_FAILED @ chrome-extension://invalid/:0
[   25446ms] [ERROR] Failed to load resource: net::ERR_FAILED @ chrome-extension://invalid/:0
[   25551ms] [ERROR] Failed to load resource: net::ERR_FAILED @ chrome-extension://invalid/:0
[   25677ms] [ERROR] Failed to load resource: net::ERR_FAILED @ chrome-extension://invalid/:0
[   25789ms] [ERROR] Failed to load resource: net::ERR_FAILED @ chrome-extension://invalid/:0
[   25906ms] [ERROR] Failed to load resource: net::ERR_FAILED @ chrome-extension://invalid/:0
[   26020ms] [ERROR] Failed to load resource: net::ERR_FAILED @ chrome-extension://invalid/:0
[   26189ms] [ERROR] Failed to load resource: net::ERR_FAILED @ chrome-extension://invalid/:0
[   26306ms] [ERROR] Failed to load resource: net::ERR_FAILED @ chrome-extension://invalid/:0
[   26419ms] [ERROR] Failed to load resource: net::ERR_FAILED @ chrome-extension://invalid/:0
[   26535ms] [ERROR] Failed to load resource: net::ERR_FAILED @ chrome-extension://invalid/:0
[   26652ms] [ERROR] Failed to load resource: net::ERR_FAILED @ chrome-extension://invalid/:0
[   26762ms] [ERROR] Failed to load resource: net::ERR_FAILED @ chrome-extension://invalid/:0
[   26869ms] [ERROR] Failed to load resource: net::ERR_FAILED @ chrome-extension://invalid/:0
[   26980ms] [ERROR] Failed to load resource: net::ERR_FAILED @ chrome-extension://invalid/:0
[   27086ms] [ERROR] Failed to load resource: net::ERR_FAILED @ chrome-extension://invalid/:0
[   27200ms] [ERROR] Failed to load resource: net::ERR_FAILED @ chrome-extension://invalid/:0
[   27319ms] [ERROR] Failed to load resource: net::ERR_FAILED @ chrome-extension://invalid/:0
[   27436ms] [ERROR] Failed to load resource: net::ERR_FAILED @ chrome-extension://invalid/:0
[   27557ms] [ERROR] Failed to load resource: net::ERR_FAILED @ chrome-extension://invalid/:0
[   27702ms] [ERROR] Failed to load resource: net::ERR_FAILED @ chrome-extension://invalid/:0
[   27813ms] [ERROR] Failed to load resource: net::ERR_FAILED @ chrome-extension://invalid/:0
[   27960ms] [ERROR] Failed to load resource: net::ERR_FAILED @ chrome-extension://invalid/:0
[   28121ms] [ERROR] Failed to load resource: net::ERR_FAILED @ chrome-extension://invalid/:0
[   28236ms] [ERROR] Failed to load resource: net::ERR_FAILED @ chrome-extension://invalid/:0
[   28342ms] [ERROR] Failed to load resource: net::ERR_FAILED @ chrome-extension://invalid/:0
[   28468ms] [ERROR] Failed to load resource: net::ERR_FAILED @ chrome-extension://invalid/:0
[   28585ms] [ERROR] Failed to load resource: net::ERR_FAILED @ chrome-extension://invalid/:0
[   28697ms] [ERROR] Failed to load resource: net::ERR_FAILED @ chrome-extension://invalid/:0
[   28801ms] [ERROR] Failed to load resource: net::ERR_FAILED @ chrome-extension://invalid/:0
[   28910ms] [ERROR] Failed to load resource: net::ERR_FAILED @ chrome-extension://invalid/:0
[   29020ms] [ERROR] Failed to load resource: net::ERR_FAILED @ chrome-extension://invalid/:0
[   29128ms] [ERROR] Failed to load resource: net::ERR_FAILED @ chrome-extension://invalid/:0
[   29241ms] [ERROR] Failed to load resource: net::ERR_FAILED @ chrome-extension://invalid/:0
[   29346ms] [ERROR] Failed to load resource: net::ERR_FAILED @ chrome-extension://invalid/:0
[   29458ms] [ERROR] Failed to load resource: net::ERR_FAILED @ chrome-extension://invalid/:0
[   29566ms] [ERROR] Failed to load resource: net::ERR_FAILED @ chrome-extension://invalid/:0
[   29680ms] [ERROR] Failed to load resource: net::ERR_FAILED @ chrome-extension://invalid/:0
[   29794ms] [ERROR] Failed to load resource: net::ERR_FAILED @ chrome-extension://invalid/:0
[   29897ms] [ERROR] Failed to load resource: net::ERR_FAILED @ chrome-extension://invalid/:0
[   30015ms] [ERROR] Failed to load resource: net::ERR_FAILED @ chrome-extension://invalid/:0
[   30124ms] [ERROR] Failed to load resource: net::ERR_FAILED @ chrome-extension://invalid/:0
[   30233ms] [ERROR] Failed to load resource: net::ERR_FAILED @ chrome-extension://invalid/:0
[   30340ms] [ERROR] Failed to load resource: net::ERR_FAILED @ chrome-extension://invalid/:0
[   30451ms] [ERROR] Failed to load resource: net::ERR_FAILED @ chrome-extension://invalid/:0
[   30560ms] [ERROR] Failed to load resource: net::ERR_FAILED @ chrome-extension://invalid/:0
[   30670ms] [ERROR] Failed to load resource: net::ERR_FAILED @ chrome-extension://invalid/:0
[   30783ms] [ERROR] Failed to load resource: net::ERR_FAILED @ chrome-extension://invalid/:0
[   30897ms] [ERROR] Failed to load resource: net::ERR_FAILED @ chrome-extension://invalid/:0
[   31001ms] [ERROR] Failed to load resource: net::ERR_FAILED @ chrome-extension://invalid/:0
[   31109ms] [ERROR] Failed to load resource: net::ERR_FAILED @ chrome-extension://invalid/:0
[   31216ms] [ERROR] Failed to load resource: net::ERR_FAILED @ chrome-extension://invalid/:0
[   31329ms] [ERROR] Failed to load resource: net::ERR_FAILED @ chrome-extension://invalid/:0
[   31440ms] [ERROR] Failed to load resource: net::ERR_FAILED @ chrome-extension://invalid/:0
[   31566ms] [ERROR] Failed to load resource: net::ERR_FAILED @ chrome-extension://invalid/:0
[   31669ms] [ERROR] Failed to load resource: net::ERR_FAILED @ chrome-extension://invalid/:0
[   31792ms] [ERROR] Failed to load resource: net::ERR_FAILED @ chrome-extension://invalid/:0
[   32023ms] [ERROR] Failed to load resource: net::ERR_FAILED @ chrome-extension://invalid/:0
[   32384ms] [ERROR] Failed to load resource: net::ERR_FAILED @ chrome-extension://invalid/:0
[   32861ms] [ERROR] Failed to load resource: net::ERR_FAILED @ chrome-extension://invalid/:0
[   32976ms] [ERROR] Failed to load resource: net::ERR_FAILED @ chrome-extension://invalid/:0
[   33084ms] [ERROR] Failed to load resource: net::ERR_FAILED @ chrome-extension://invalid/:0
[   33276ms] [ERROR] Failed to load resource: net::ERR_FAILED @ chrome-extension://invalid/:0
[   33385ms] [ERROR] Failed to load resource: net::ERR_FAILED @ chrome-extension://invalid/:0
[   33493ms] [ERROR] Failed to load resource: net::ERR_FAILED @ chrome-extension://invalid/:0
[   33603ms] [ERROR] Failed to load resource: net::ERR_FAILED @ chrome-extension://invalid/:0
[   33711ms] [ERROR] Failed to load resource: net::ERR_FAILED @ chrome-extension://invalid/:0
[   33822ms] [ERROR] Failed to load resource: net::ERR_FAILED @ chrome-extension://invalid/:0
[   33933ms] [ERROR] Failed to load resource: net::ERR_FAILED @ chrome-extension://invalid/:0
[   34051ms] [ERROR] Failed to load resource: net::ERR_FAILED @ chrome-extension://invalid/:0
[   34158ms] [ERROR] Failed to load resource: net::ERR_FAILED @ chrome-extension://invalid/:0
[   34275ms] [ERROR] Failed to load resource: net::ERR_FAILED @ chrome-extension://invalid/:0
[   34399ms] [ERROR] Failed to load resource: net::ERR_FAILED @ chrome-extension://invalid/:0
[   34504ms] [ERROR] Failed to load resource: net::ERR_FAILED @ chrome-extension://invalid/:0
[   34615ms] [ERROR] Failed to load resource: net::ERR_FAILED @ chrome-extension://invalid/:0
[   34718ms] [ERROR] Failed to load resource: net::ERR_FAILED @ chrome-extension://invalid/:0
[   34823ms] [ERROR] Failed to load resource: net::ERR_FAILED @ chrome-extension://invalid/:0
[   34936ms] [ERROR] Failed to load resource: net::ERR_FAILED @ chrome-extension://invalid/:0
[   35052ms] [ERROR] Failed to load resource: net::ERR_FAILED @ chrome-extension://invalid/:0
[   35170ms] [ERROR] Failed to load resource: net::ERR_FAILED @ chrome-extension://invalid/:0
[   35444ms] [ERROR] Failed to load resource: net::ERR_FAILED @ chrome-extension://invalid/:0
[   35561ms] [ERROR] Failed to load resource: net::ERR_FAILED @ chrome-extension://invalid/:0
[   35677ms] [ERROR] Failed to load resource: net::ERR_FAILED @ chrome-extension://invalid/:0
[   35864ms] [ERROR] Failed to load resource: net::ERR_FAILED @ chrome-extension://invalid/:0
[   35978ms] [ERROR] Failed to load resource: net::ERR_FAILED @ chrome-extension://invalid/:0
[   36120ms] [ERROR] Failed to load resource: net::ERR_FAILED @ chrome-extension://invalid/:0
[   36237ms] [ERROR] Failed to load resource: net::ERR_FAILED @ chrome-extension://invalid/:0
[   36344ms] [ERROR] Failed to load resource: net::ERR_FAILED @ chrome-extension://invalid/:0
[   36454ms] [ERROR] Failed to load resource: net::ERR_FAILED @ chrome-extension://invalid/:0
[   36564ms] [ERROR] Failed to load resource: net::ERR_FAILED @ chrome-extension://invalid/:0
[   36699ms] [ERROR] Failed to load resource: net::ERR_FAILED @ chrome-extension://invalid/:0
[   36813ms] [ERROR] Failed to load resource: net::ERR_FAILED @ chrome-extension://invalid/:0
[   36915ms] [ERROR] Failed to load resource: net::ERR_FAILED @ chrome-extension://invalid/:0
[   37033ms] [ERROR] Failed to load resource: net::ERR_FAILED @ chrome-extension://invalid/:0
[   37141ms] [ERROR] Failed to load resource: net::ERR_FAILED @ chrome-extension://invalid/:0
[   37254ms] [ERROR] Failed to load resource: net::ERR_FAILED @ chrome-extension://invalid/:0
[   37360ms] [ERROR] Failed to load resource: net::ERR_FAILED @ chrome-extension://invalid/:0
[   37473ms] [ERROR] Failed to load resource: net::ERR_FAILED @ chrome-extension://invalid/:0
[   37581ms] [ERROR] Failed to load resource: net::ERR_FAILED @ chrome-extension://invalid/:0
[   37699ms] [ERROR] Failed to load resource: net::ERR_FAILED @ chrome-extension://invalid/:0
[   37808ms] [ERROR] Failed to load resource: net::ERR_FAILED @ chrome-extension://invalid/:0
[   37922ms] [ERROR] Failed to load resource: net::ERR_FAILED @ chrome-extension://invalid/:0
[   38024ms] [ERROR] Failed to load resource: net::ERR_FAILED @ chrome-extension://invalid/:0
[   38142ms] [ERROR] Failed to load resource: net::ERR_FAILED @ chrome-extension://invalid/:0
[   38249ms] [ERROR] Failed to load resource: net::ERR_FAILED @ chrome-extension://invalid/:0
[   38358ms] [ERROR] Failed to load resource: net::ERR_FAILED @ chrome-extension://invalid/:0
[   38468ms] [ERROR] Failed to load resource: net::ERR_FAILED @ chrome-extension://invalid/:0
[   38583ms] [ERROR] Failed to load resource: net::ERR_FAILED @ chrome-extension://invalid/:0
[   38692ms] [ERROR] Failed to load resource: net::ERR_FAILED @ chrome-extension://invalid/:0
[   38803ms] [ERROR] Failed to load resource: net::ERR_FAILED @ chrome-extension://invalid/:0
[   38912ms] [ERROR] Failed to load resource: net::ERR_FAILED @ chrome-extension://invalid/:0
[   39013ms] [ERROR] Failed to load resource: net::ERR_FAILED @ chrome-extension://invalid/:0
[   39121ms] [ERROR] Failed to load resource: net::ERR_FAILED @ chrome-extension://invalid/:0
[   39225ms] [ERROR] Failed to load resource: net::ERR_FAILED @ chrome-extension://invalid/:0
[   39339ms] [ERROR] Failed to load resource: net::ERR_FAILED @ chrome-extension://invalid/:0
[   39500ms] [ERROR] Failed to load resource: net::ERR_FAILED @ chrome-extension://invalid/:0
[   39610ms] [ERROR] Failed to load resource: net::ERR_FAILED @ chrome-extension://invalid/:0
[   39711ms] [ERROR] Failed to load resource: net::ERR_FAILED @ chrome-extension://invalid/:0
[   39843ms] [ERROR] Failed to load resource: net::ERR_FAILED @ chrome-extension://invalid/:0
[   39948ms] [ERROR] Failed to load resource: net::ERR_FAILED @ chrome-extension://invalid/:0
[   40053ms] [ERROR] Failed to load resource: net::ERR_FAILED @ chrome-extension://invalid/:0
[   40167ms] [ERROR] Failed to load resource: net::ERR_FAILED @ chrome-extension://invalid/:0
[   40274ms] [ERROR] Failed to load resource: net::ERR_FAILED @ chrome-extension://invalid/:0
[   40377ms] [ERROR] Failed to load resource: net::ERR_FAILED @ chrome-extension://invalid/:0
[   40494ms] [ERROR] Failed to load resource: net::ERR_FAILED @ chrome-extension://invalid/:0
[   40604ms] [ERROR] Failed to load resource: net::ERR_FAILED @ chrome-extension://invalid/:0
[   40710ms] [ERROR] Failed to load resource: net::ERR_FAILED @ chrome-extension://invalid/:0
[   40832ms] [ERROR] Failed to load resource: net::ERR_FAILED @ chrome-extension://invalid/:0
[   40959ms] [ERROR] Failed to load resource: net::ERR_FAILED @ chrome-extension://invalid/:0
[   41068ms] [ERROR] Failed to load resource: net::ERR_FAILED @ chrome-extension://invalid/:0
[   41216ms] [ERROR] Failed to load resource: net::ERR_FAILED @ chrome-extension://invalid/:0
[   41334ms] [ERROR] Failed to load resource: net::ERR_FAILED @ chrome-extension://invalid/:0
[   41442ms] [ERROR] Failed to load resource: net::ERR_FAILED @ chrome-extension://invalid/:0
[   41644ms] [ERROR] Failed to load resource: net::ERR_FAILED @ chrome-extension://invalid/:0
[   41747ms] [ERROR] Failed to load resource: net::ERR_FAILED @ chrome-extension://invalid/:0
[   41937ms] [ERROR] Failed to load resource: net::ERR_FAILED @ chrome-extension://invalid/:0
[   42049ms] [ERROR] Failed to load resource: net::ERR_FAILED @ chrome-extension://invalid/:0
[   42158ms] [ERROR] Failed to load resource: net::ERR_FAILED @ chrome-extension://invalid/:0
[   42268ms] [ERROR] Failed to load resource: net::ERR_FAILED @ chrome-extension://invalid/:0
[   42374ms] [ERROR] Failed to load resource: net::ERR_FAILED @ chrome-extension://invalid/:0
[   42478ms] [ERROR] Failed to load resource: net::ERR_FAILED @ chrome-extension://invalid/:0
[   42599ms] [ERROR] Failed to load resource: net::ERR_FAILED @ chrome-extension://invalid/:0
[   42706ms] [ERROR] Failed to load resource: net::ERR_FAILED @ chrome-extension://invalid/:0
[   42821ms] [ERROR] Failed to load resource: net::ERR_FAILED @ chrome-extension://invalid/:0
[   42931ms] [ERROR] Failed to load resource: net::ERR_FAILED @ chrome-extension://invalid/:0
[   43038ms] [ERROR] Failed to load resource: net::ERR_FAILED @ chrome-extension://invalid/:0
[   43147ms] [ERROR] Failed to load resource: net::ERR_FAILED @ chrome-extension://invalid/:0
[   43275ms] [ERROR] Failed to load resource: net::ERR_FAILED @ chrome-extension://invalid/:0
[   43380ms] [ERROR] Failed to load resource: net::ERR_FAILED @ chrome-extension://invalid/:0
[   43497ms] [ERROR] Failed to load resource: net::ERR_FAILED @ chrome-extension://invalid/:0
[   43611ms] [ERROR] Failed to load resource: net::ERR_FAILED @ chrome-extension://invalid/:0
[   43722ms] [ERROR] Failed to load resource: net::ERR_FAILED @ chrome-extension://invalid/:0
[   43837ms] [ERROR] Failed to load resource: net::ERR_FAILED @ chrome-extension://invalid/:0
[   43958ms] [ERROR] Failed to load resource: net::ERR_FAILED @ chrome-extension://invalid/:0
[   44065ms] [ERROR] Failed to load resource: net::ERR_FAILED @ chrome-extension://invalid/:0
[   44179ms] [ERROR] Failed to load resource: net::ERR_FAILED @ chrome-extension://invalid/:0
[   44304ms] [ERROR] Failed to load resource: net::ERR_FAILED @ chrome-extension://invalid/:0
[   44410ms] [ERROR] Failed to load resource: net::ERR_FAILED @ chrome-extension://invalid/:0
[   44514ms] [ERROR] Failed to load resource: net::ERR_FAILED @ chrome-extension://invalid/:0
[   44677ms] [ERROR] Failed to load resource: net::ERR_FAILED @ chrome-extension://invalid/:0
[   44872ms] [ERROR] Failed to load resource: net::ERR_FAILED @ chrome-extension://invalid/:0
[   44997ms] [ERROR] Failed to load resource: net::ERR_FAILED @ chrome-extension://invalid/:0
[   45111ms] [ERROR] Failed to load resource: net::ERR_FAILED @ chrome-extension://invalid/:0
[   45227ms] [ERROR] Failed to load resource: net::ERR_FAILED @ chrome-extension://invalid/:0
[   45352ms] [ERROR] Failed to load resource: net::ERR_FAILED @ chrome-extension://invalid/:0
[   45465ms] [ERROR] Failed to load resource: net::ERR_FAILED @ chrome-extension://invalid/:0
[   45575ms] [ERROR] Failed to load resource: net::ERR_FAILED @ chrome-extension://invalid/:0
[   45686ms] [ERROR] Failed to load resource: net::ERR_FAILED @ chrome-extension://invalid/:0
[   45839ms] [ERROR] Failed to load resource: net::ERR_FAILED @ chrome-extension://invalid/:0
[   46009ms] [ERROR] Failed to load resource: net::ERR_FAILED @ chrome-extension://invalid/:0
[   46118ms] [ERROR] Failed to load resource: net::ERR_FAILED @ chrome-extension://invalid/:0
[   46226ms] [ERROR] Failed to load resource: net::ERR_FAILED @ chrome-extension://invalid/:0
[   46330ms] [ERROR] Failed to load resource: net::ERR_FAILED @ chrome-extension://invalid/:0
[   46436ms] [ERROR] Failed to load resource: net::ERR_FAILED @ chrome-extension://invalid/:0
[   46551ms] [ERROR] Failed to load resource: net::ERR_FAILED @ chrome-extension://invalid/:0
[   46654ms] [ERROR] Failed to load resource: net::ERR_FAILED @ chrome-extension://invalid/:0
[   46763ms] [ERROR] Failed to load resource: net::ERR_FAILED @ chrome-extension://invalid/:0
[   46880ms] [ERROR] Failed to load resource: net::ERR_FAILED @ chrome-extension://invalid/:0
[   47000ms] [ERROR] Failed to load resource: net::ERR_FAILED @ chrome-extension://invalid/:0
[   47103ms] [ERROR] Failed to load resource: net::ERR_FAILED @ chrome-extension://invalid/:0
[   47213ms] [ERROR] Failed to load resource: net::ERR_FAILED @ chrome-extension://invalid/:0
[   47320ms] [ERROR] Failed to load resource: net::ERR_FAILED @ chrome-extension://invalid/:0
[   47432ms] [ERROR] Failed to load resource: net::ERR_FAILED @ chrome-extension://invalid/:0
[   47539ms] [ERROR] Failed to load resource: net::ERR_FAILED @ chrome-extension://invalid/:0
[   47649ms] [ERROR] Failed to load resource: net::ERR_FAILED @ chrome-extension://invalid/:0
[   47770ms] [ERROR] Failed to load resource: net::ERR_FAILED @ chrome-extension://invalid/:0
[   47882ms] [ERROR] Failed to load resource: net::ERR_FAILED @ chrome-extension://invalid/:0
[   47991ms] [ERROR] Failed to load resource: net::ERR_FAILED @ chrome-extension://invalid/:0
[   48105ms] [ERROR] Failed to load resource: net::ERR_FAILED @ chrome-extension://invalid/:0
[   48211ms] [ERROR] Failed to load resource: net::ERR_FAILED @ chrome-extension://invalid/:0
[   48327ms] [ERROR] Failed to load resource: net::ERR_FAILED @ chrome-extension://invalid/:0
[   48442ms] [ERROR] Failed to load resource: net::ERR_FAILED @ chrome-extension://invalid/:0
[   48553ms] [ERROR] Failed to load resource: net::ERR_FAILED @ chrome-extension://invalid/:0
[   48661ms] [ERROR] Failed to load resource: net::ERR_FAILED @ chrome-extension://invalid/:0
[   48778ms] [ERROR] Failed to load resource: net::ERR_FAILED @ chrome-extension://invalid/:0
[   48885ms] [ERROR] Failed to load resource: net::ERR_FAILED @ chrome-extension://invalid/:0
[   48996ms] [ERROR] Failed to load resource: net::ERR_FAILED @ chrome-extension://invalid/:0
[   49104ms] [ERROR] Failed to load resource: net::ERR_FAILED @ chrome-extension://invalid/:0
[   49207ms] [ERROR] Failed to load resource: net::ERR_FAILED @ chrome-extension://invalid/:0
[   49319ms] [ERROR] Failed to load resource: net::ERR_FAILED @ chrome-extension://invalid/:0
[   49430ms] [ERROR] Failed to load resource: net::ERR_FAILED @ chrome-extension://invalid/:0
[   49536ms] [ERROR] Failed to load resource: net::ERR_FAILED @ chrome-extension://invalid/:0
[   49647ms] [ERROR] Failed to load resource: net::ERR_FAILED @ chrome-extension://invalid/:0
[   49752ms] [ERROR] Failed to load resource: net::ERR_FAILED @ chrome-extension://invalid/:0
[   49866ms] [ERROR] Failed to load resource: net::ERR_FAILED @ chrome-extension://invalid/:0
[   49977ms] [ERROR] Failed to load resource: net::ERR_FAILED @ chrome-extension://invalid/:0
[   50099ms] [ERROR] Failed to load resource: net::ERR_FAILED @ chrome-extension://invalid/:0
[   50211ms] [ERROR] Failed to load resource: net::ERR_FAILED @ chrome-extension://invalid/:0
[   50316ms] [ERROR] Failed to load resource: net::ERR_FAILED @ chrome-extension://invalid/:0
[   50432ms] [ERROR] Failed to load resource: net::ERR_FAILED @ chrome-extension://invalid/:0
[   50642ms] [ERROR] Failed to load resource: net::ERR_FAILED @ chrome-extension://invalid/:0
[   50774ms] [ERROR] Failed to load resource: net::ERR_FAILED @ chrome-extension://invalid/:0
[   50978ms] [ERROR] Failed to load resource: net::ERR_FAILED @ chrome-extension://invalid/:0
[   51131ms] [ERROR] Failed to load resource: net::ERR_FAILED @ chrome-extension://invalid/:0
[   51248ms] [ERROR] Failed to load resource: net::ERR_FAILED @ chrome-extension://invalid/:0
[   51355ms] [ERROR] Failed to load resource: net::ERR_FAILED @ chrome-extension://invalid/:0
[   51488ms] [ERROR] Failed to load resource: net::ERR_FAILED @ chrome-extension://invalid/:0
[   51604ms] [ERROR] Failed to load resource: net::ERR_FAILED @ chrome-extension://invalid/:0
[   51711ms] [ERROR] Failed to load resource: net::ERR_FAILED @ chrome-extension://invalid/:0
[   51821ms] [ERROR] Failed to load resource: net::ERR_FAILED @ chrome-extension://invalid/:0
[   51930ms] [ERROR] Failed to load resource: net::ERR_FAILED @ chrome-extension://invalid/:0
[   52038ms] [ERROR] Failed to load resource: net::ERR_FAILED @ chrome-extension://invalid/:0
[   52159ms] [ERROR] Failed to load resource: net::ERR_FAILED @ chrome-extension://invalid/:0
[   52266ms] [ERROR] Failed to load resource: net::ERR_FAILED @ chrome-extension://invalid/:0
[   52372ms] [ERROR] Failed to load resource: net::ERR_FAILED @ chrome-extension://invalid/:0
[   52480ms] [ERROR] Failed to load resource: net::ERR_FAILED @ chrome-extension://invalid/:0
[   52590ms] [ERROR] Failed to load resource: net::ERR_FAILED @ chrome-extension://invalid/:0
[   52701ms] [ERROR] Failed to load resource: net::ERR_FAILED @ chrome-extension://invalid/:0
[   52810ms] [ERROR] Failed to load resource: net::ERR_FAILED @ chrome-extension://invalid/:0
[   52916ms] [ERROR] Failed to load resource: net::ERR_FAILED @ chrome-extension://invalid/:0
[   53027ms] [ERROR] Failed to load resource: net::ERR_FAILED @ chrome-extension://invalid/:0
[   53139ms] [ERROR] Failed to load resource: net::ERR_FAILED @ chrome-extension://invalid/:0
[   53255ms] [ERROR] Failed to load resource: net::ERR_FAILED @ chrome-extension://invalid/:0
[   53364ms] [ERROR] Failed to load resource: net::ERR_FAILED @ chrome-extension://invalid/:0
[   53477ms] [ERROR] Failed to load resource: net::ERR_FAILED @ chrome-extension://invalid/:0
[   53582ms] [ERROR] Failed to load resource: net::ERR_FAILED @ chrome-extension://invalid/:0
[   53690ms] [ERROR] Failed to load resource: net::ERR_FAILED @ chrome-extension://invalid/:0
[   53793ms] [ERROR] Failed to load resource: net::ERR_FAILED @ chrome-extension://invalid/:0
[   53910ms] [ERROR] Failed to load resource: net::ERR_FAILED @ chrome-extension://invalid/:0
[   54101ms] [ERROR] Failed to load resource: net::ERR_FAILED @ chrome-extension://invalid/:0
[   54218ms] [ERROR] Failed to load resource: net::ERR_FAILED @ chrome-extension://invalid/:0
[   54325ms] [ERROR] Failed to load resource: net::ERR_FAILED @ chrome-extension://invalid/:0
[   54454ms] [ERROR] Failed to load resource: net::ERR_FAILED @ chrome-extension://invalid/:0
[   54568ms] [ERROR] Failed to load resource: net::ERR_FAILED @ chrome-extension://invalid/:0
[   54677ms] [ERROR] Failed to load resource: net::ERR_FAILED @ chrome-extension://invalid/:0
[   54793ms] [ERROR] Failed to load resource: net::ERR_FAILED @ chrome-extension://invalid/:0
[   54915ms] [ERROR] Failed to load resource: net::ERR_FAILED @ chrome-extension://invalid/:0
[   55028ms] [ERROR] Failed to load resource: net::ERR_FAILED @ chrome-extension://invalid/:0
[   55138ms] [ERROR] Failed to load resource: net::ERR_FAILED @ chrome-extension://invalid/:0
[   55249ms] [ERROR] Failed to load resource: net::ERR_FAILED @ chrome-extension://invalid/:0
[   55363ms] [ERROR] Failed to load resource: net::ERR_FAILED @ chrome-extension://invalid/:0
[   55470ms] [ERROR] Failed to load resource: net::ERR_FAILED @ chrome-extension://invalid/:0
[   55579ms] [ERROR] Failed to load resource: net::ERR_FAILED @ chrome-extension://invalid/:0
[   55708ms] [ERROR] Failed to load resource: net::ERR_FAILED @ chrome-extension://invalid/:0
[   55825ms] [ERROR] Failed to load resource: net::ERR_FAILED @ chrome-extension://invalid/:0
[   55943ms] [ERROR] Failed to load resource: net::ERR_FAILED @ chrome-extension://invalid/:0
[   56069ms] [ERROR] Failed to load resource: net::ERR_FAILED @ chrome-extension://invalid/:0
[   56180ms] [ERROR] Failed to load resource: net::ERR_FAILED @ chrome-extension://invalid/:0
[   56285ms] [ERROR] Failed to load resource: net::ERR_FAILED @ chrome-extension://invalid/:0
[   56395ms] [ERROR] Failed to load resource: net::ERR_FAILED @ chrome-extension://invalid/:0
[   56504ms] [ERROR] Failed to load resource: net::ERR_FAILED @ chrome-extension://invalid/:0
[   56609ms] [ERROR] Failed to load resource: net::ERR_FAILED @ chrome-extension://invalid/:0
[   56718ms] [ERROR] Failed to load resource: net::ERR_FAILED @ chrome-extension://invalid/:0
[   56823ms] [ERROR] Failed to load resource: net::ERR_FAILED @ chrome-extension://invalid/:0
[   56936ms] [ERROR] Failed to load resource: net::ERR_FAILED @ chrome-extension://invalid/:0
[   57046ms] [ERROR] Failed to load resource: net::ERR_FAILED @ chrome-extension://invalid/:0
[   57158ms] [ERROR] Failed to load resource: net::ERR_FAILED @ chrome-extension://invalid/:0
[   57264ms] [ERROR] Failed to load resource: net::ERR_FAILED @ chrome-extension://invalid/:0
[   57378ms] [ERROR] Failed to load resource: net::ERR_FAILED @ chrome-extension://invalid/:0
[   57485ms] [ERROR] Failed to load resource: net::ERR_FAILED @ chrome-extension://invalid/:0
[   57592ms] [ERROR] Failed to load resource: net::ERR_FAILED @ chrome-extension://invalid/:0
[   57701ms] [ERROR] Failed to load resource: net::ERR_FAILED @ chrome-extension://invalid/:0
[   57810ms] [ERROR] Failed to load resource: net::ERR_FAILED @ chrome-extension://invalid/:0
[   57919ms] [ERROR] Failed to load resource: net::ERR_FAILED @ chrome-extension://invalid/:0
[   58024ms] [ERROR] Failed to load resource: net::ERR_FAILED @ chrome-extension://invalid/:0
[   58142ms] [ERROR] Failed to load resource: net::ERR_FAILED @ chrome-extension://invalid/:0
[   58251ms] [ERROR] Failed to load resource: net::ERR_FAILED @ chrome-extension://invalid/:0
[   58359ms] [ERROR] Failed to load resource: net::ERR_FAILED @ chrome-extension://invalid/:0
[   58464ms] [ERROR] Failed to load resource: net::ERR_FAILED @ chrome-extension://invalid/:0
[   58572ms] [ERROR] Failed to load resource: net::ERR_FAILED @ chrome-extension://invalid/:0
[   58683ms] [ERROR] Failed to load resource: net::ERR_FAILED @ chrome-extension://invalid/:0
[   58797ms] [ERROR] Failed to load resource: net::ERR_FAILED @ chrome-extension://invalid/:0
[   58916ms] [ERROR] Failed to load resource: net::ERR_FAILED @ chrome-extension://invalid/:0
[   59038ms] [ERROR] Failed to load resource: net::ERR_FAILED @ chrome-extension://invalid/:0
[   59152ms] [ERROR] Failed to load resource: net::ERR_FAILED @ chrome-extension://invalid/:0
[   59262ms] [ERROR] Failed to load resource: net::ERR_FAILED @ chrome-extension://invalid/:0
[   59381ms] [ERROR] Failed to load resource: net::ERR_FAILED @ chrome-extension://invalid/:0
[   59503ms] [ERROR] Failed to load resource: net::ERR_FAILED @ chrome-extension://invalid/:0
[   59620ms] [ERROR] Failed to load resource: net::ERR_FAILED @ chrome-extension://invalid/:0
[   59731ms] [ERROR] Failed to load resource: net::ERR_FAILED @ chrome-extension://invalid/:0
[   59835ms] [ERROR] Failed to load resource: net::ERR_FAILED @ chrome-extension://invalid/:0
[   59949ms] [ERROR] Failed to load resource: net::ERR_FAILED @ chrome-extension://invalid/:0
[   60053ms] [ERROR] Failed to load resource: net::ERR_FAILED @ chrome-extension://invalid/:0
[   60166ms] [ERROR] Failed to load resource: net::ERR_FAILED @ chrome-extension://invalid/:0
[   60278ms] [ERROR] Failed to load resource: net::ERR_FAILED @ chrome-extension://invalid/:0
[   60388ms] [ERROR] Failed to load resource: net::ERR_FAILED @ chrome-extension://invalid/:0
[   60494ms] [ERROR] Failed to load resource: net::ERR_FAILED @ chrome-extension://invalid/:0
[   60601ms] [ERROR] Failed to load resource: net::ERR_FAILED @ chrome-extension://invalid/:0
[   60712ms] [ERROR] Failed to load resource: net::ERR_FAILED @ chrome-extension://invalid/:0
[   60823ms] [ERROR] Failed to load resource: net::ERR_FAILED @ chrome-extension://invalid/:0
[   60934ms] [ERROR] Failed to load resource: net::ERR_FAILED @ chrome-extension://invalid/:0
[   61039ms] [ERROR] Failed to load resource: net::ERR_FAILED @ chrome-extension://invalid/:0
[   61154ms] [ERROR] Failed to load resource: net::ERR_FAILED @ chrome-extension://invalid/:0
[   61258ms] [ERROR] Failed to load resource: net::ERR_FAILED @ chrome-extension://invalid/:0
[   61372ms] [ERROR] Failed to load resource: net::ERR_FAILED @ chrome-extension://invalid/:0
[   61484ms] [ERROR] Failed to load resource: net::ERR_FAILED @ chrome-extension://invalid/:0
[   61605ms] [ERROR] Failed to load resource: net::ERR_FAILED @ chrome-extension://invalid/:0
[   61712ms] [ERROR] Failed to load resource: net::ERR_FAILED @ chrome-extension://invalid/:0
[   61819ms] [ERROR] Failed to load resource: net::ERR_FAILED @ chrome-extension://invalid/:0
[   61930ms] [ERROR] Failed to load resource: net::ERR_FAILED @ chrome-extension://invalid/:0
[   62037ms] [ERROR] Failed to load resource: net::ERR_FAILED @ chrome-extension://invalid/:0
[   62152ms] [ERROR] Failed to load resource: net::ERR_FAILED @ chrome-extension://invalid/:0
[   62271ms] [ERROR] Failed to load resource: net::ERR_FAILED @ chrome-extension://invalid/:0
[   62378ms] [ERROR] Failed to load resource: net::ERR_FAILED @ chrome-extension://invalid/:0
[   62489ms] [ERROR] Failed to load resource: net::ERR_FAILED @ chrome-extension://invalid/:0
[   62602ms] [ERROR] Failed to load resource: net::ERR_FAILED @ chrome-extension://invalid/:0
[   62716ms] [ERROR] Failed to load resource: net::ERR_FAILED @ chrome-extension://invalid/:0
[   62821ms] [ERROR] Failed to load resource: net::ERR_FAILED @ chrome-extension://invalid/:0
[   62930ms] [ERROR] Failed to load resource: net::ERR_FAILED @ chrome-extension://invalid/:0
[   63047ms] [ERROR] Failed to load resource: net::ERR_FAILED @ chrome-extension://invalid/:0
[   63158ms] [ERROR] Failed to load resource: net::ERR_FAILED @ chrome-extension://invalid/:0
[   63264ms] [ERROR] Failed to load resource: net::ERR_FAILED @ chrome-extension://invalid/:0
[   63378ms] [ERROR] Failed to load resource: net::ERR_FAILED @ chrome-extension://invalid/:0
[   63488ms] [ERROR] Failed to load resource: net::ERR_FAILED @ chrome-extension://invalid/:0
[   63597ms] [ERROR] Failed to load resource: net::ERR_FAILED @ chrome-extension://invalid/:0
[   63704ms] [ERROR] Failed to load resource: net::ERR_FAILED @ chrome-extension://invalid/:0
[   63810ms] [ERROR] Failed to load resource: net::ERR_FAILED @ chrome-extension://invalid/:0
[   63927ms] [ERROR] Failed to load resource: net::ERR_FAILED @ chrome-extension://invalid/:0
[   64030ms] [ERROR] Failed to load resource: net::ERR_FAILED @ chrome-extension://invalid/:0
[   64162ms] [ERROR] Failed to load resource: net::ERR_FAILED @ chrome-extension://invalid/:0
[   64269ms] [ERROR] Failed to load resource: net::ERR_FAILED @ chrome-extension://invalid/:0
[   64374ms] [ERROR] Failed to load resource: net::ERR_FAILED @ chrome-extension://invalid/:0
[   64488ms] [ERROR] Failed to load resource: net::ERR_FAILED @ chrome-extension://invalid/:0
[   64596ms] [ERROR] Failed to load resource: net::ERR_FAILED @ chrome-extension://invalid/:0
[   64712ms] [ERROR] Failed to load resource: net::ERR_FAILED @ chrome-extension://invalid/:0
[   64826ms] [ERROR] Failed to load resource: net::ERR_FAILED @ chrome-extension://invalid/:0
[   64931ms] [ERROR] Failed to load resource: net::ERR_FAILED @ chrome-extension://invalid/:0
[   65048ms] [ERROR] Failed to load resource: net::ERR_FAILED @ chrome-extension://invalid/:0
[   65181ms] [ERROR] Failed to load resource: net::ERR_FAILED @ chrome-extension://invalid/:0
[   65298ms] [ERROR] Failed to load resource: net::ERR_FAILED @ chrome-extension://invalid/:0
[   65422ms] [ERROR] Failed to load resource: net::ERR_FAILED @ chrome-extension://invalid/:0
[   65601ms] [ERROR] Failed to load resource: net::ERR_FAILED @ chrome-extension://invalid/:0
[   65717ms] [ERROR] Failed to load resource: net::ERR_FAILED @ chrome-extension://invalid/:0
[   65878ms] [ERROR] Failed to load resource: net::ERR_FAILED @ chrome-extension://invalid/:0
[   65999ms] [ERROR] Failed to load resource: net::ERR_FAILED @ chrome-extension://invalid/:0
[   66118ms] [ERROR] Failed to load resource: net::ERR_FAILED @ chrome-extension://invalid/:0
[   66230ms] [ERROR] Failed to load resource: net::ERR_FAILED @ chrome-extension://invalid/:0
[   66342ms] [ERROR] Failed to load resource: net::ERR_FAILED @ chrome-extension://invalid/:0
[   66448ms] [ERROR] Failed to load resource: net::ERR_FAILED @ chrome-extension://invalid/:0
[   66556ms] [ERROR] Failed to load resource: net::ERR_FAILED @ chrome-extension://invalid/:0
[   66667ms] [ERROR] Failed to load resource: net::ERR_FAILED @ chrome-extension://invalid/:0
[   66777ms] [ERROR] Failed to load resource: net::ERR_FAILED @ chrome-extension://invalid/:0
[   66881ms] [ERROR] Failed to load resource: net::ERR_FAILED @ chrome-extension://invalid/:0
[   66998ms] [ERROR] Failed to load resource: net::ERR_FAILED @ chrome-extension://invalid/:0
[   67118ms] [ERROR] Failed to load resource: net::ERR_FAILED @ chrome-extension://invalid/:0
[   67225ms] [ERROR] Failed to load resource: net::ERR_FAILED @ chrome-extension://invalid/:0
[   67335ms] [ERROR] Failed to load resource: net::ERR_FAILED @ chrome-extension://invalid/:0
[   67446ms] [ERROR] Failed to load resource: net::ERR_FAILED @ chrome-extension://invalid/:0
[   67577ms] [ERROR] Failed to load resource: net::ERR_FAILED @ chrome-extension://invalid/:0
[   67694ms] [ERROR] Failed to load resource: net::ERR_FAILED @ chrome-extension://invalid/:0
[   67808ms] [ERROR] Failed to load resource: net::ERR_FAILED @ chrome-extension://invalid/:0
[   67920ms] [ERROR] Failed to load resource: net::ERR_FAILED @ chrome-extension://invalid/:0
[   68032ms] [ERROR] Failed to load resource: net::ERR_FAILED @ chrome-extension://invalid/:0
[   68150ms] [ERROR] Failed to load resource: net::ERR_FAILED @ chrome-extension://invalid/:0
[   68261ms] [ERROR] Failed to load resource: net::ERR_FAILED @ chrome-extension://invalid/:0
[   68369ms] [ERROR] Failed to load resource: net::ERR_FAILED @ chrome-extension://invalid/:0
[   68479ms] [ERROR] Failed to load resource: net::ERR_FAILED @ chrome-extension://invalid/:0
[   68591ms] [ERROR] Failed to load resource: net::ERR_FAILED @ chrome-extension://invalid/:0
[   68695ms] [ERROR] Failed to load resource: net::ERR_FAILED @ chrome-extension://invalid/:0
[   68803ms] [ERROR] Failed to load resource: net::ERR_FAILED @ chrome-extension://invalid/:0
[   68913ms] [ERROR] Failed to load resource: net::ERR_FAILED @ chrome-extension://invalid/:0
[   69026ms] [ERROR] Failed to load resource: net::ERR_FAILED @ chrome-extension://invalid/:0
[   69133ms] [ERROR] Failed to load resource: net::ERR_FAILED @ chrome-extension://invalid/:0
[   69238ms] [ERROR] Failed to load resource: net::ERR_FAILED @ chrome-extension://invalid/:0
[   69339ms] [ERROR] Failed to load resource: net::ERR_FAILED @ chrome-extension://invalid/:0
[   69445ms] [ERROR] Failed to load resource: net::ERR_FAILED @ chrome-extension://invalid/:0
[   69558ms] [ERROR] Failed to load resource: net::ERR_FAILED @ chrome-extension://invalid/:0
[   69665ms] [ERROR] Failed to load resource: net::ERR_FAILED @ chrome-extension://invalid/:0
[   69775ms] [ERROR] Failed to load resource: net::ERR_FAILED @ chrome-extension://invalid/:0
[   69879ms] [ERROR] Failed to load resource: net::ERR_FAILED @ chrome-extension://invalid/:0
[   69999ms] [ERROR] Failed to load resource: net::ERR_FAILED @ chrome-extension://invalid/:0
[   70114ms] [ERROR] Failed to load resource: net::ERR_FAILED @ chrome-extension://invalid/:0
[   70231ms] [ERROR] Failed to load resource: net::ERR_FAILED @ chrome-extension://invalid/:0
[   70369ms] [ERROR] Failed to load resource: net::ERR_FAILED @ chrome-extension://invalid/:0
[   70472ms] [ERROR] Failed to load resource: net::ERR_FAILED @ chrome-extension://invalid/:0
[   70589ms] [ERROR] Failed to load resource: net::ERR_FAILED @ chrome-extension://invalid/:0
[   70698ms] [ERROR] Failed to load resource: net::ERR_FAILED @ chrome-extension://invalid/:0
[   70804ms] [ERROR] Failed to load resource: net::ERR_FAILED @ chrome-extension://invalid/:0
[   70914ms] [ERROR] Failed to load resource: net::ERR_FAILED @ chrome-extension://invalid/:0
[   71030ms] [ERROR] Failed to load resource: net::ERR_FAILED @ chrome-extension://invalid/:0
[   71134ms] [ERROR] Failed to load resource: net::ERR_FAILED @ chrome-extension://invalid/:0
[   71245ms] [ERROR] Failed to load resource: net::ERR_FAILED @ chrome-extension://invalid/:0
[   71351ms] [ERROR] Failed to load resource: net::ERR_FAILED @ chrome-extension://invalid/:0
[   71457ms] [ERROR] Failed to load resource: net::ERR_FAILED @ chrome-extension://invalid/:0
[   71565ms] [ERROR] Failed to load resource: net::ERR_FAILED @ chrome-extension://invalid/:0
[   71677ms] [ERROR] Failed to load resource: net::ERR_FAILED @ chrome-extension://invalid/:0
[   71787ms] [ERROR] Failed to load resource: net::ERR_FAILED @ chrome-extension://invalid/:0
[   71891ms] [ERROR] Failed to load resource: net::ERR_FAILED @ chrome-extension://invalid/:0
[   71993ms] [ERROR] Failed to load resource: net::ERR_FAILED @ chrome-extension://invalid/:0
[   72096ms] [ERROR] Failed to load resource: net::ERR_FAILED @ chrome-extension://invalid/:0
[   72204ms] [ERROR] Failed to load resource: net::ERR_FAILED @ chrome-extension://invalid/:0
[   72318ms] [ERROR] Failed to load resource: net::ERR_FAILED @ chrome-extension://invalid/:0
[   72427ms] [ERROR] Failed to load resource: net::ERR_FAILED @ chrome-extension://invalid/:0
[   72621ms] [ERROR] Failed to load resource: net::ERR_FAILED @ chrome-extension://invalid/:0
[   73092ms] [ERROR] Failed to load resource: net::ERR_FAILED @ chrome-extension://invalid/:0
[   73278ms] [ERROR] Failed to load resource: net::ERR_FAILED @ chrome-extension://invalid/:0
[   73431ms] [ERROR] Failed to load resource: net::ERR_FAILED @ chrome-extension://invalid/:0
[   73750ms] [ERROR] Failed to load resource: net::ERR_FAILED @ chrome-extension://invalid/:0
[   73864ms] [ERROR] Failed to load resource: net::ERR_FAILED @ chrome-extension://invalid/:0
[   73978ms] [ERROR] Failed to load resource: net::ERR_FAILED @ chrome-extension://invalid/:0
[   74147ms] [ERROR] Failed to load resource: net::ERR_FAILED @ chrome-extension://invalid/:0
[   74259ms] [ERROR] Failed to load resource: net::ERR_FAILED @ chrome-extension://invalid/:0
[   74365ms] [ERROR] Failed to load resource: net::ERR_FAILED @ chrome-extension://invalid/:0
[   74473ms] [ERROR] Failed to load resource: net::ERR_FAILED @ chrome-extension://invalid/:0
[   74581ms] [ERROR] Failed to load resource: net::ERR_FAILED @ chrome-extension://invalid/:0
[   74690ms] [ERROR] Failed to load resource: net::ERR_FAILED @ chrome-extension://invalid/:0
[   74819ms] [ERROR] Failed to load resource: net::ERR_FAILED @ chrome-extension://invalid/:0
[   74936ms] [ERROR] Failed to load resource: net::ERR_FAILED @ chrome-extension://invalid/:0
[   75040ms] [ERROR] Failed to load resource: net::ERR_FAILED @ chrome-extension://invalid/:0
[   75153ms] [ERROR] Failed to load resource: net::ERR_FAILED @ chrome-extension://invalid/:0
[   75274ms] [ERROR] Failed to load resource: net::ERR_FAILED @ chrome-extension://invalid/:0
[   75385ms] [ERROR] Failed to load resource: net::ERR_FAILED @ chrome-extension://invalid/:0
[   75510ms] [ERROR] Failed to load resource: net::ERR_FAILED @ chrome-extension://invalid/:0
[   75615ms] [ERROR] Failed to load resource: net::ERR_FAILED @ chrome-extension://invalid/:0
[   75717ms] [ERROR] Failed to load resource: net::ERR_FAILED @ chrome-extension://invalid/:0
[   75857ms] [ERROR] Failed to load resource: net::ERR_FAILED @ chrome-extension://invalid/:0
[   75963ms] [ERROR] Failed to load resource: net::ERR_FAILED @ chrome-extension://invalid/:0
[   76073ms] [ERROR] Failed to load resource: net::ERR_FAILED @ chrome-extension://invalid/:0
[   76185ms] [ERROR] Failed to load resource: net::ERR_FAILED @ chrome-extension://invalid/:0
[   76296ms] [ERROR] Failed to load resource: net::ERR_FAILED @ chrome-extension://invalid/:0
[   76410ms] [ERROR] Failed to load resource: net::ERR_FAILED @ chrome-extension://invalid/:0
[   76515ms] [ERROR] Failed to load resource: net::ERR_FAILED @ chrome-extension://invalid/:0
[   76618ms] [ERROR] Failed to load resource: net::ERR_FAILED @ chrome-extension://invalid/:0
[   76730ms] [ERROR] Failed to load resource: net::ERR_FAILED @ chrome-extension://invalid/:0
[   76840ms] [ERROR] Failed to load resource: net::ERR_FAILED @ chrome-extension://invalid/:0
[   76959ms] [ERROR] Failed to load resource: net::ERR_FAILED @ chrome-extension://invalid/:0
[   77074ms] [ERROR] Failed to load resource: net::ERR_FAILED @ chrome-extension://invalid/:0
[   77181ms] [ERROR] Failed to load resource: net::ERR_FAILED @ chrome-extension://invalid/:0
[   77295ms] [ERROR] Failed to load resource: net::ERR_FAILED @ chrome-extension://invalid/:0
[   77400ms] [ERROR] Failed to load resource: net::ERR_FAILED @ chrome-extension://invalid/:0
[   77505ms] [ERROR] Failed to load resource: net::ERR_FAILED @ chrome-extension://invalid/:0
[   77620ms] [ERROR] Failed to load resource: net::ERR_FAILED @ chrome-extension://invalid/:0
[   77731ms] [ERROR] Failed to load resource: net::ERR_FAILED @ chrome-extension://invalid/:0
[   77840ms] [ERROR] Failed to load resource: net::ERR_FAILED @ chrome-extension://invalid/:0
[   77948ms] [ERROR] Failed to load resource: net::ERR_FAILED @ chrome-extension://invalid/:0
[   78057ms] [ERROR] Failed to load resource: net::ERR_FAILED @ chrome-extension://invalid/:0
[   78163ms] [ERROR] Failed to load resource: net::ERR_FAILED @ chrome-extension://invalid/:0
[   78275ms] [ERROR] Failed to load resource: net::ERR_FAILED @ chrome-extension://invalid/:0
[   78390ms] [ERROR] Failed to load resource: net::ERR_FAILED @ chrome-extension://invalid/:0
[   78500ms] [ERROR] Failed to load resource: net::ERR_FAILED @ chrome-extension://invalid/:0
[   78613ms] [ERROR] Failed to load resource: net::ERR_FAILED @ chrome-extension://invalid/:0
[   78724ms] [ERROR] Failed to load resource: net::ERR_FAILED @ chrome-extension://invalid/:0
[   78826ms] [ERROR] Failed to load resource: net::ERR_FAILED @ chrome-extension://invalid/:0
[   78934ms] [ERROR] Failed to load resource: net::ERR_FAILED @ chrome-extension://invalid/:0
[   79044ms] [ERROR] Failed to load resource: net::ERR_FAILED @ chrome-extension://invalid/:0
[   79162ms] [ERROR] Failed to load resource: net::ERR_FAILED @ chrome-extension://invalid/:0
[   79268ms] [ERROR] Failed to load resource: net::ERR_FAILED @ chrome-extension://invalid/:0
[   79379ms] [ERROR] Failed to load resource: net::ERR_FAILED @ chrome-extension://invalid/:0
[   79489ms] [ERROR] Failed to load resource: net::ERR_FAILED @ chrome-extension://invalid/:0
[   79596ms] [ERROR] Failed to load resource: net::ERR_FAILED @ chrome-extension://invalid/:0
[   79704ms] [ERROR] Failed to load resource: net::ERR_FAILED @ chrome-extension://invalid/:0
[   79816ms] [ERROR] Failed to load resource: net::ERR_FAILED @ chrome-extension://invalid/:0
[   79928ms] [ERROR] Failed to load resource: net::ERR_FAILED @ chrome-extension://invalid/:0
[   80033ms] [ERROR] Failed to load resource: net::ERR_FAILED @ chrome-extension://invalid/:0
[   80145ms] [ERROR] Failed to load resource: net::ERR_FAILED @ chrome-extension://invalid/:0
[   80252ms] [ERROR] Failed to load resource: net::ERR_FAILED @ chrome-extension://invalid/:0
[   80364ms] [ERROR] Failed to load resource: net::ERR_FAILED @ chrome-extension://invalid/:0
[   80475ms] [ERROR] Failed to load resource: net::ERR_FAILED @ chrome-extension://invalid/:0
[   80577ms] [ERROR] Failed to load resource: net::ERR_FAILED @ chrome-extension://invalid/:0
[   80691ms] [ERROR] Failed to load resource: net::ERR_FAILED @ chrome-extension://invalid/:0
[   80797ms] [ERROR] Failed to load resource: net::ERR_FAILED @ chrome-extension://invalid/:0
[   80909ms] [ERROR] Failed to load resource: net::ERR_FAILED @ chrome-extension://invalid/:0
[   81027ms] [ERROR] Failed to load resource: net::ERR_FAILED @ chrome-extension://invalid/:0
[   81145ms] [ERROR] Failed to load resource: net::ERR_FAILED @ chrome-extension://invalid/:0
[   81251ms] [ERROR] Failed to load resource: net::ERR_FAILED @ chrome-extension://invalid/:0
[   81398ms] [ERROR] Failed to load resource: net::ERR_FAILED @ chrome-extension://invalid/:0
[   81555ms] [ERROR] Failed to load resource: net::ERR_FAILED @ chrome-extension://invalid/:0
[   81664ms] [ERROR] Failed to load resource: net::ERR_FAILED @ chrome-extension://invalid/:0
[   81781ms] [ERROR] Failed to load resource: net::ERR_FAILED @ chrome-extension://invalid/:0
[   81892ms] [ERROR] Failed to load resource: net::ERR_FAILED @ chrome-extension://invalid/:0
[   81998ms] [ERROR] Failed to load resource: net::ERR_FAILED @ chrome-extension://invalid/:0
[   82131ms] [ERROR] Failed to load resource: net::ERR_FAILED @ chrome-extension://invalid/:0
[   82252ms] [ERROR] Failed to load resource: net::ERR_FAILED @ chrome-extension://invalid/:0
[   82357ms] [ERROR] Failed to load resource: net::ERR_FAILED @ chrome-extension://invalid/:0
[   82468ms] [ERROR] Failed to load resource: net::ERR_FAILED @ chrome-extension://invalid/:0
[   82581ms] [ERROR] Failed to load resource: net::ERR_FAILED @ chrome-extension://invalid/:0
[   82693ms] [ERROR] Failed to load resource: net::ERR_FAILED @ chrome-extension://invalid/:0
[   82811ms] [ERROR] Failed to load resource: net::ERR_FAILED @ chrome-extension://invalid/:0
[   82919ms] [ERROR] Failed to load resource: net::ERR_FAILED @ chrome-extension://invalid/:0
[   83025ms] [ERROR] Failed to load resource: net::ERR_FAILED @ chrome-extension://invalid/:0
[   83141ms] [ERROR] Failed to load resource: net::ERR_FAILED @ chrome-extension://invalid/:0
[   83251ms] [ERROR] Failed to load resource: net::ERR_FAILED @ chrome-extension://invalid/:0
[   83421ms] [ERROR] Failed to load resource: net::ERR_FAILED @ chrome-extension://invalid/:0
[   83528ms] [ERROR] Failed to load resource: net::ERR_FAILED @ chrome-extension://invalid/:0
[   83637ms] [ERROR] Failed to load resource: net::ERR_FAILED @ chrome-extension://invalid/:0
[   83756ms] [ERROR] Failed to load resource: net::ERR_FAILED @ chrome-extension://invalid/:0
[   83876ms] [ERROR] Failed to load resource: net::ERR_FAILED @ chrome-extension://invalid/:0
[   83982ms] [ERROR] Failed to load resource: net::ERR_FAILED @ chrome-extension://invalid/:0
[   84095ms] [ERROR] Failed to load resource: net::ERR_FAILED @ chrome-extension://invalid/:0
[   84209ms] [ERROR] Failed to load resource: net::ERR_FAILED @ chrome-extension://invalid/:0
[   84348ms] [ERROR] Failed to load resource: net::ERR_FAILED @ chrome-extension://invalid/:0
[   84495ms] [ERROR] Failed to load resource: net::ERR_FAILED @ chrome-extension://invalid/:0
[   84612ms] [ERROR] Failed to load resource: net::ERR_FAILED @ chrome-extension://invalid/:0
[   84715ms] [ERROR] Failed to load resource: net::ERR_FAILED @ chrome-extension://invalid/:0
[   84823ms] [ERROR] Failed to load resource: net::ERR_FAILED @ chrome-extension://invalid/:0
[   85026ms] [ERROR] Failed to load resource: net::ERR_FAILED @ chrome-extension://invalid/:0
[   85173ms] [ERROR] Failed to load resource: net::ERR_FAILED @ chrome-extension://invalid/:0
[   85290ms] [ERROR] Failed to load resource: net::ERR_FAILED @ chrome-extension://invalid/:0
[   85484ms] [ERROR] Failed to load resource: net::ERR_FAILED @ chrome-extension://invalid/:0
[   85611ms] [ERROR] Failed to load resource: net::ERR_FAILED @ chrome-extension://invalid/:0
[   85719ms] [ERROR] Failed to load resource: net::ERR_FAILED @ chrome-extension://invalid/:0
[   85823ms] [ERROR] Failed to load resource: net::ERR_FAILED @ chrome-extension://invalid/:0
[   85929ms] [ERROR] Failed to load resource: net::ERR_FAILED @ chrome-extension://invalid/:0
[   86037ms] [ERROR] Failed to load resource: net::ERR_FAILED @ chrome-extension://invalid/:0
[   86154ms] [ERROR] Failed to load resource: net::ERR_FAILED @ chrome-extension://invalid/:0
[   86274ms] [ERROR] Failed to load resource: net::ERR_FAILED @ chrome-extension://invalid/:0
[   86382ms] [ERROR] Failed to load resource: net::ERR_FAILED @ chrome-extension://invalid/:0
[   86492ms] [ERROR] Failed to load resource: net::ERR_FAILED @ chrome-extension://invalid/:0
[   86602ms] [ERROR] Failed to load resource: net::ERR_FAILED @ chrome-extension://invalid/:0
[   86714ms] [ERROR] Failed to load resource: net::ERR_FAILED @ chrome-extension://invalid/:0
[   86824ms] [ERROR] Failed to load resource: net::ERR_FAILED @ chrome-extension://invalid/:0
[   86934ms] [ERROR] Failed to load resource: net::ERR_FAILED @ chrome-extension://invalid/:0
[   87041ms] [ERROR] Failed to load resource: net::ERR_FAILED @ chrome-extension://invalid/:0
[   87154ms] [ERROR] Failed to load resource: net::ERR_FAILED @ chrome-extension://invalid/:0
[   87277ms] [ERROR] Failed to load resource: net::ERR_FAILED @ chrome-extension://invalid/:0
[   87386ms] [ERROR] Failed to load resource: net::ERR_FAILED @ chrome-extension://invalid/:0
[   87570ms] [ERROR] Failed to load resource: net::ERR_FAILED @ chrome-extension://invalid/:0
[   87679ms] [ERROR] Failed to load resource: net::ERR_FAILED @ chrome-extension://invalid/:0
[   87824ms] [ERROR] Failed to load resource: net::ERR_FAILED @ chrome-extension://invalid/:0
[   87946ms] [ERROR] Failed to load resource: net::ERR_FAILED @ chrome-extension://invalid/:0
[   88051ms] [ERROR] Failed to load resource: net::ERR_FAILED @ chrome-extension://invalid/:0
[   88163ms] [ERROR] Failed to load resource: net::ERR_FAILED @ chrome-extension://invalid/:0
[   88319ms] [ERROR] Failed to load resource: net::ERR_FAILED @ chrome-extension://invalid/:0
[   88507ms] [ERROR] Failed to load resource: net::ERR_FAILED @ chrome-extension://invalid/:0
[   88628ms] [ERROR] Failed to load resource: net::ERR_FAILED @ chrome-extension://invalid/:0
[   88733ms] [ERROR] Failed to load resource: net::ERR_FAILED @ chrome-extension://invalid/:0
[   88971ms] [ERROR] Failed to load resource: net::ERR_FAILED @ chrome-extension://invalid/:0
[   89081ms] [ERROR] Failed to load resource: net::ERR_FAILED @ chrome-extension://invalid/:0
[   89212ms] [ERROR] Failed to load resource: net::ERR_FAILED @ chrome-extension://invalid/:0
[   89321ms] [ERROR] Failed to load resource: net::ERR_FAILED @ chrome-extension://invalid/:0
[   89433ms] [ERROR] Failed to load resource: net::ERR_FAILED @ chrome-extension://invalid/:0
[   89551ms] [ERROR] Failed to load resource: net::ERR_FAILED @ chrome-extension://invalid/:0
[   89718ms] [ERROR] Failed to load resource: net::ERR_FAILED @ chrome-extension://invalid/:0
[   89823ms] [ERROR] Failed to load resource: net::ERR_FAILED @ chrome-extension://invalid/:0
[   89987ms] [ERROR] Failed to load resource: net::ERR_FAILED @ chrome-extension://invalid/:0
[   90103ms] [ERROR] Failed to load resource: net::ERR_FAILED @ chrome-extension://invalid/:0
[   90207ms] [ERROR] Failed to load resource: net::ERR_FAILED @ chrome-extension://invalid/:0
[   90350ms] [ERROR] Failed to load resource: net::ERR_FAILED @ chrome-extension://invalid/:0
[   90808ms] [ERROR] Failed to load resource: net::ERR_FAILED @ chrome-extension://invalid/:0
[   90938ms] [ERROR] Failed to load resource: net::ERR_FAILED @ chrome-extension://invalid/:0
[   91124ms] [ERROR] Failed to load resource: net::ERR_FAILED @ chrome-extension://invalid/:0
[   91231ms] [ERROR] Failed to load resource: net::ERR_FAILED @ chrome-extension://invalid/:0
[   91350ms] [ERROR] Failed to load resource: net::ERR_FAILED @ chrome-extension://invalid/:0
[   91468ms] [ERROR] Failed to load resource: net::ERR_FAILED @ chrome-extension://invalid/:0
[   91579ms] [ERROR] Failed to load resource: net::ERR_FAILED @ chrome-extension://invalid/:0
[   91762ms] [ERROR] Failed to load resource: net::ERR_FAILED @ chrome-extension://invalid/:0
[   91938ms] [ERROR] Failed to load resource: net::ERR_FAILED @ chrome-extension://invalid/:0
[   92055ms] [ERROR] Failed to load resource: net::ERR_FAILED @ chrome-extension://invalid/:0
[   92162ms] [ERROR] Failed to load resource: net::ERR_FAILED @ chrome-extension://invalid/:0
[   92265ms] [ERROR] Failed to load resource: net::ERR_FAILED @ chrome-extension://invalid/:0
[   92384ms] [ERROR] Failed to load resource: net::ERR_FAILED @ chrome-extension://invalid/:0
[   92558ms] [ERROR] Failed to load resource: net::ERR_FAILED @ chrome-extension://invalid/:0
[   92678ms] [ERROR] Failed to load resource: net::ERR_FAILED @ chrome-extension://invalid/:0
[   92788ms] [ERROR] Failed to load resource: net::ERR_FAILED @ chrome-extension://invalid/:0
[   92891ms] [ERROR] Failed to load resource: net::ERR_FAILED @ chrome-extension://invalid/:0
[   93023ms] [ERROR] Failed to load resource: net::ERR_FAILED @ chrome-extension://invalid/:0
[   93135ms] [ERROR] Failed to load resource: net::ERR_FAILED @ chrome-extension://invalid/:0
[   93249ms] [ERROR] Failed to load resource: net::ERR_FAILED @ chrome-extension://invalid/:0
[   93362ms] [ERROR] Failed to load resource: net::ERR_FAILED @ chrome-extension://invalid/:0
[   93468ms] [ERROR] Failed to load resource: net::ERR_FAILED @ chrome-extension://invalid/:0
[   93636ms] [ERROR] Failed to load resource: net::ERR_FAILED @ chrome-extension://invalid/:0
[   93748ms] [ERROR] Failed to load resource: net::ERR_FAILED @ chrome-extension://invalid/:0
[   93862ms] [ERROR] Failed to load resource: net::ERR_FAILED @ chrome-extension://invalid/:0
[   93966ms] [ERROR] Failed to load resource: net::ERR_FAILED @ chrome-extension://invalid/:0
[   94074ms] [ERROR] Failed to load resource: net::ERR_FAILED @ chrome-extension://invalid/:0
[   94231ms] [ERROR] Failed to load resource: net::ERR_FAILED @ chrome-extension://invalid/:0
[   94343ms] [ERROR] Failed to load resource: net::ERR_FAILED @ chrome-extension://invalid/:0
[   94450ms] [ERROR] Failed to load resource: net::ERR_FAILED @ chrome-extension://invalid/:0
[   94558ms] [ERROR] Failed to load resource: net::ERR_FAILED @ chrome-extension://invalid/:0
[   94668ms] [ERROR] Failed to load resource: net::ERR_FAILED @ chrome-extension://invalid/:0
[   94779ms] [ERROR] Failed to load resource: net::ERR_FAILED @ chrome-extension://invalid/:0
[   94893ms] [ERROR] Failed to load resource: net::ERR_FAILED @ chrome-extension://invalid/:0
[   95003ms] [ERROR] Failed to load resource: net::ERR_FAILED @ chrome-extension://invalid/:0
[   95123ms] [ERROR] Failed to load resource: net::ERR_FAILED @ chrome-extension://invalid/:0
[   95779ms] [ERROR] Failed to load resource: net::ERR_FAILED @ chrome-extension://invalid/:0
[   95909ms] [ERROR] Failed to load resource: net::ERR_FAILED @ chrome-extension://invalid/:0
[   96095ms] [ERROR] Failed to load resource: net::ERR_FAILED @ chrome-extension://invalid/:0
[   96239ms] [ERROR] Failed to load resource: net::ERR_FAILED @ chrome-extension://invalid/:0
[   96488ms] [ERROR] Failed to load resource: net::ERR_FAILED @ chrome-extension://invalid/:0
[   96607ms] [ERROR] Failed to load resource: net::ERR_FAILED @ chrome-extension://invalid/:0
[   96720ms] [ERROR] Failed to load resource: net::ERR_FAILED @ chrome-extension://invalid/:0
[   96822ms] [ERROR] Failed to load resource: net::ERR_FAILED @ chrome-extension://invalid/:0
[   97027ms] [ERROR] Failed to load resource: net::ERR_FAILED @ chrome-extension://invalid/:0
[   97134ms] [ERROR] Failed to load resource: net::ERR_FAILED @ chrome-extension://invalid/:0
[   97238ms] [ERROR] Failed to load resource: net::ERR_FAILED @ chrome-extension://invalid/:0
[   97360ms] [ERROR] Failed to load resource: net::ERR_FAILED @ chrome-extension://invalid/:0
[   97475ms] [ERROR] Failed to load resource: net::ERR_FAILED @ chrome-extension://invalid/:0
[   97746ms] [ERROR] Failed to load resource: net::ERR_FAILED @ chrome-extension://invalid/:0
[   97869ms] [ERROR] Failed to load resource: net::ERR_FAILED @ chrome-extension://invalid/:0
[   97981ms] [ERROR] Failed to load resource: net::ERR_FAILED @ chrome-extension://invalid/:0
[   98090ms] [ERROR] Failed to load resource: net::ERR_FAILED @ chrome-extension://invalid/:0
[   98202ms] [ERROR] Failed to load resource: net::ERR_FAILED @ chrome-extension://invalid/:0
[   98311ms] [ERROR] Failed to load resource: net::ERR_FAILED @ chrome-extension://invalid/:0
[   98416ms] [ERROR] Failed to load resource: net::ERR_FAILED @ chrome-extension://invalid/:0
[   98530ms] [ERROR] Failed to load resource: net::ERR_FAILED @ chrome-extension://invalid/:0
[   98636ms] [ERROR] Failed to load resource: net::ERR_FAILED @ chrome-extension://invalid/:0
[   98750ms] [ERROR] Failed to load resource: net::ERR_FAILED @ chrome-extension://invalid/:0
[   98868ms] [ERROR] Failed to load resource: net::ERR_FAILED @ chrome-extension://invalid/:0
[   98974ms] [ERROR] Failed to load resource: net::ERR_FAILED @ chrome-extension://invalid/:0
[   99119ms] [ERROR] Failed to load resource: net::ERR_FAILED @ chrome-extension://invalid/:0
[   99222ms] [ERROR] Failed to load resource: net::ERR_FAILED @ chrome-extension://invalid/:0
[   99333ms] [ERROR] Failed to load resource: net::ERR_FAILED @ chrome-extension://invalid/:0
[   99445ms] [ERROR] Failed to load resource: net::ERR_FAILED @ chrome-extension://invalid/:0
[   99552ms] [ERROR] Failed to load resource: net::ERR_FAILED @ chrome-extension://invalid/:0
[   99659ms] [ERROR] Failed to load resource: net::ERR_FAILED @ chrome-extension://invalid/:0
[   99771ms] [ERROR] Failed to load resource: net::ERR_FAILED @ chrome-extension://invalid/:0
[   99880ms] [ERROR] Failed to load resource: net::ERR_FAILED @ chrome-extension://invalid/:0
[   99987ms] [ERROR] Failed to load resource: net::ERR_FAILED @ chrome-extension://invalid/:0
[  100097ms] [ERROR] Failed to load resource: net::ERR_FAILED @ chrome-extension://invalid/:0
[  100206ms] [ERROR] Failed to load resource: net::ERR_FAILED @ chrome-extension://invalid/:0
[  100317ms] [ERROR] Failed to load resource: net::ERR_FAILED @ chrome-extension://invalid/:0
[  100425ms] [ERROR] Failed to load resource: net::ERR_FAILED @ chrome-extension://invalid/:0
[  100534ms] [ERROR] Failed to load resource: net::ERR_FAILED @ chrome-extension://invalid/:0
[  100649ms] [ERROR] Failed to load resource: net::ERR_FAILED @ chrome-extension://invalid/:0
[  100757ms] [ERROR] Failed to load resource: net::ERR_FAILED @ chrome-extension://invalid/:0
[  100862ms] [ERROR] Failed to load resource: net::ERR_FAILED @ chrome-extension://invalid/:0
[  100974ms] [ERROR] Failed to load resource: net::ERR_FAILED @ chrome-extension://invalid/:0
[  101082ms] [ERROR] Failed to load resource: net::ERR_FAILED @ chrome-extension://invalid/:0
[  101194ms] [ERROR] Failed to load resource: net::ERR_FAILED @ chrome-extension://invalid/:0
[  101299ms] [ERROR] Failed to load resource: net::ERR_FAILED @ chrome-extension://invalid/:0
[  101411ms] [ERROR] Failed to load resource: net::ERR_FAILED @ chrome-extension://invalid/:0
[  101526ms] [ERROR] Failed to load resource: net::ERR_FAILED @ chrome-extension://invalid/:0
[  101657ms] [ERROR] Failed to load resource: net::ERR_FAILED @ chrome-extension://invalid/:0
[  101773ms] [ERROR] Failed to load resource: net::ERR_FAILED @ chrome-extension://invalid/:0
[  101879ms] [ERROR] Failed to load resource: net::ERR_FAILED @ chrome-extension://invalid/:0
[  102004ms] [ERROR] Failed to load resource: net::ERR_FAILED @ chrome-extension://invalid/:0
[  102116ms] [ERROR] Failed to load resource: net::ERR_FAILED @ chrome-extension://invalid/:0
[  102218ms] [ERROR] Failed to load resource: net::ERR_FAILED @ chrome-extension://invalid/:0
[  102321ms] [ERROR] Failed to load resource: net::ERR_FAILED @ chrome-extension://invalid/:0
[  102424ms] [ERROR] Failed to load resource: net::ERR_FAILED @ chrome-extension://invalid/:0
[  102530ms] [ERROR] Failed to load resource: net::ERR_FAILED @ chrome-extension://invalid/:0
[  102639ms] [ERROR] Failed to load resource: net::ERR_FAILED @ chrome-extension://invalid/:0
[  102760ms] [ERROR] Failed to load resource: net::ERR_FAILED @ chrome-extension://invalid/:0
[  102864ms] [ERROR] Failed to load resource: net::ERR_FAILED @ chrome-extension://invalid/:0
[  102974ms] [ERROR] Failed to load resource: net::ERR_FAILED @ chrome-extension://invalid/:0
[  103095ms] [ERROR] Failed to load resource: net::ERR_FAILED @ chrome-extension://invalid/:0
[  103197ms] [ERROR] Failed to load resource: net::ERR_FAILED @ chrome-extension://invalid/:0
[  103302ms] [ERROR] Failed to load resource: net::ERR_FAILED @ chrome-extension://invalid/:0
[  103414ms] [ERROR] Failed to load resource: net::ERR_FAILED @ chrome-extension://invalid/:0
[  103528ms] [ERROR] Failed to load resource: net::ERR_FAILED @ chrome-extension://invalid/:0
[  103642ms] [ERROR] Failed to load resource: net::ERR_FAILED @ chrome-extension://invalid/:0
[  103757ms] [ERROR] Failed to load resource: net::ERR_FAILED @ chrome-extension://invalid/:0
[  103867ms] [ERROR] Failed to load resource: net::ERR_FAILED @ chrome-extension://invalid/:0
[  103987ms] [ERROR] Failed to load resource: net::ERR_FAILED @ chrome-extension://invalid/:0
[  104108ms] [ERROR] Failed to load resource: net::ERR_FAILED @ chrome-extension://invalid/:0
[  104239ms] [ERROR] Failed to load resource: net::ERR_FAILED @ chrome-extension://invalid/:0
[  104344ms] [ERROR] Failed to load resource: net::ERR_FAILED @ chrome-extension://invalid/:0
[  104449ms] [ERROR] Failed to load resource: net::ERR_FAILED @ chrome-extension://invalid/:0
[  104563ms] [ERROR] Failed to load resource: net::ERR_FAILED @ chrome-extension://invalid/:0
[  104673ms] [ERROR] Failed to load resource: net::ERR_FAILED @ chrome-extension://invalid/:0
[  104790ms] [ERROR] Failed to load resource: net::ERR_FAILED @ chrome-extension://invalid/:0
[  104898ms] [ERROR] Failed to load resource: net::ERR_FAILED @ chrome-extension://invalid/:0
[  105009ms] [ERROR] Failed to load resource: net::ERR_FAILED @ chrome-extension://invalid/:0
[  105124ms] [ERROR] Failed to load resource: net::ERR_FAILED @ chrome-extension://invalid/:0
[  105228ms] [ERROR] Failed to load resource: net::ERR_FAILED @ chrome-extension://invalid/:0
[  105334ms] [ERROR] Failed to load resource: net::ERR_FAILED @ chrome-extension://invalid/:0
[  105441ms] [ERROR] Failed to load resource: net::ERR_FAILED @ chrome-extension://invalid/:0
[  105559ms] [ERROR] Failed to load resource: net::ERR_FAILED @ chrome-extension://invalid/:0
[  105683ms] [ERROR] Failed to load resource: net::ERR_FAILED @ chrome-extension://invalid/:0
[  105790ms] [ERROR] Failed to load resource: net::ERR_FAILED @ chrome-extension://invalid/:0
[  105895ms] [ERROR] Failed to load resource: net::ERR_FAILED @ chrome-extension://invalid/:0
[  106000ms] [ERROR] Failed to load resource: net::ERR_FAILED @ chrome-extension://invalid/:0
[  106109ms] [ERROR] Failed to load resource: net::ERR_FAILED @ chrome-extension://invalid/:0
[  106225ms] [ERROR] Failed to load resource: net::ERR_FAILED @ chrome-extension://invalid/:0
[  106328ms] [ERROR] Failed to load resource: net::ERR_FAILED @ chrome-extension://invalid/:0
[  106435ms] [ERROR] Failed to load resource: net::ERR_FAILED @ chrome-extension://invalid/:0
[  106540ms] [ERROR] Failed to load resource: net::ERR_FAILED @ chrome-extension://invalid/:0
[  106653ms] [ERROR] Failed to load resource: net::ERR_FAILED @ chrome-extension://invalid/:0
[  106763ms] [ERROR] Failed to load resource: net::ERR_FAILED @ chrome-extension://invalid/:0
[  106872ms] [ERROR] Failed to load resource: net::ERR_FAILED @ chrome-extension://invalid/:0
[  106979ms] [ERROR] Failed to load resource: net::ERR_FAILED @ chrome-extension://invalid/:0
[  107086ms] [ERROR] Failed to load resource: net::ERR_FAILED @ chrome-extension://invalid/:0
[  107219ms] [ERROR] Failed to load resource: net::ERR_FAILED @ chrome-extension://invalid/:0
[  107322ms] [ERROR] Failed to load resource: net::ERR_FAILED @ chrome-extension://invalid/:0
[  107426ms] [ERROR] Failed to load resource: net::ERR_FAILED @ chrome-extension://invalid/:0
[  107529ms] [ERROR] Failed to load resource: net::ERR_FAILED @ chrome-extension://invalid/:0
[  107647ms] [ERROR] Failed to load resource: net::ERR_FAILED @ chrome-extension://invalid/:0
[  107758ms] [ERROR] Failed to load resource: net::ERR_FAILED @ chrome-extension://invalid/:0
[  107871ms] [ERROR] Failed to load resource: net::ERR_FAILED @ chrome-extension://invalid/:0
[  107975ms] [ERROR] Failed to load resource: net::ERR_FAILED @ chrome-extension://invalid/:0
[  108088ms] [ERROR] Failed to load resource: net::ERR_FAILED @ chrome-extension://invalid/:0
[  108201ms] [ERROR] Failed to load resource: net::ERR_FAILED @ chrome-extension://invalid/:0
[  108318ms] [ERROR] Failed to load resource: net::ERR_FAILED @ chrome-extension://invalid/:0
[  108426ms] [ERROR] Failed to load resource: net::ERR_FAILED @ chrome-extension://invalid/:0
[  108537ms] [ERROR] Failed to load resource: net::ERR_FAILED @ chrome-extension://invalid/:0
[  108645ms] [ERROR] Failed to load resource: net::ERR_FAILED @ chrome-extension://invalid/:0
[  108753ms] [ERROR] Failed to load resource: net::ERR_FAILED @ chrome-extension://invalid/:0
[  108864ms] [ERROR] Failed to load resource: net::ERR_FAILED @ chrome-extension://invalid/:0
[  108971ms] [ERROR] Failed to load resource: net::ERR_FAILED @ chrome-extension://invalid/:0
[  109080ms] [ERROR] Failed to load resource: net::ERR_FAILED @ chrome-extension://invalid/:0
[  109199ms] [ERROR] Failed to load resource: net::ERR_FAILED @ chrome-extension://invalid/:0
[  109314ms] [ERROR] Failed to load resource: net::ERR_FAILED @ chrome-extension://invalid/:0
[  109421ms] [ERROR] Failed to load resource: net::ERR_FAILED @ chrome-extension://invalid/:0
[  109524ms] [ERROR] Failed to load resource: net::ERR_FAILED @ chrome-extension://invalid/:0
[  109639ms] [ERROR] Failed to load resource: net::ERR_FAILED @ chrome-extension://invalid/:0
[  109755ms] [ERROR] Failed to load resource: net::ERR_FAILED @ chrome-extension://invalid/:0
[  109862ms] [ERROR] Failed to load resource: net::ERR_FAILED @ chrome-extension://invalid/:0
[  109970ms] [ERROR] Failed to load resource: net::ERR_FAILED @ chrome-extension://invalid/:0
[  110085ms] [ERROR] Failed to load resource: net::ERR_FAILED @ chrome-extension://invalid/:0
[  110193ms] [ERROR] Failed to load resource: net::ERR_FAILED @ chrome-extension://invalid/:0
[  110303ms] [ERROR] Failed to load resource: net::ERR_FAILED @ chrome-extension://invalid/:0
[  110410ms] [ERROR] Failed to load resource: net::ERR_FAILED @ chrome-extension://invalid/:0
[  110518ms] [ERROR] Failed to load resource: net::ERR_FAILED @ chrome-extension://invalid/:0
[  110624ms] [ERROR] Failed to load resource: net::ERR_FAILED @ chrome-extension://invalid/:0
[  110785ms] [ERROR] Failed to load resource: net::ERR_FAILED @ chrome-extension://invalid/:0
[  110894ms] [ERROR] Failed to load resource: net::ERR_FAILED @ chrome-extension://invalid/:0
[  111002ms] [ERROR] Failed to load resource: net::ERR_FAILED @ chrome-extension://invalid/:0
[  111110ms] [ERROR] Failed to load resource: net::ERR_FAILED @ chrome-extension://invalid/:0
[  111253ms] [ERROR] Failed to load resource: net::ERR_FAILED @ chrome-extension://invalid/:0
[  111358ms] [ERROR] Failed to load resource: net::ERR_FAILED @ chrome-extension://invalid/:0
[  111469ms] [ERROR] Failed to load resource: net::ERR_FAILED @ chrome-extension://invalid/:0
[  111580ms] [ERROR] Failed to load resource: net::ERR_FAILED @ chrome-extension://invalid/:0
[  111688ms] [ERROR] Failed to load resource: net::ERR_FAILED @ chrome-extension://invalid/:0
[  111797ms] [ERROR] Failed to load resource: net::ERR_FAILED @ chrome-extension://invalid/:0
[  111907ms] [ERROR] Failed to load resource: net::ERR_FAILED @ chrome-extension://invalid/:0
[  112014ms] [ERROR] Failed to load resource: net::ERR_FAILED @ chrome-extension://invalid/:0
[  112124ms] [ERROR] Failed to load resource: net::ERR_FAILED @ chrome-extension://invalid/:0
[  112239ms] [ERROR] Failed to load resource: net::ERR_FAILED @ chrome-extension://invalid/:0
[  112349ms] [ERROR] Failed to load resource: net::ERR_FAILED @ chrome-extension://invalid/:0
[  112453ms] [ERROR] Failed to load resource: net::ERR_FAILED @ chrome-extension://invalid/:0
[  112569ms] [ERROR] Failed to load resource: net::ERR_FAILED @ chrome-extension://invalid/:0
[  112673ms] [ERROR] Failed to load resource: net::ERR_FAILED @ chrome-extension://invalid/:0
[  112788ms] [ERROR] Failed to load resource: net::ERR_FAILED @ chrome-extension://invalid/:0
[  112895ms] [ERROR] Failed to load resource: net::ERR_FAILED @ chrome-extension://invalid/:0
[  113005ms] [ERROR] Failed to load resource: net::ERR_FAILED @ chrome-extension://invalid/:0
[  113119ms] [ERROR] Failed to load resource: net::ERR_FAILED @ chrome-extension://invalid/:0
[  113303ms] [ERROR] Failed to load resource: net::ERR_FAILED @ chrome-extension://invalid/:0
[  113451ms] [ERROR] Failed to load resource: net::ERR_FAILED @ chrome-extension://invalid/:0
[  113650ms] [ERROR] Failed to load resource: net::ERR_FAILED @ chrome-extension://invalid/:0
[  113785ms] [ERROR] Failed to load resource: net::ERR_FAILED @ chrome-extension://invalid/:0
[  113894ms] [ERROR] Failed to load resource: net::ERR_FAILED @ chrome-extension://invalid/:0
[  114005ms] [ERROR] Failed to load resource: net::ERR_FAILED @ chrome-extension://invalid/:0
[  114114ms] [ERROR] Failed to load resource: net::ERR_FAILED @ chrome-extension://invalid/:0
[  114225ms] [ERROR] Failed to load resource: net::ERR_FAILED @ chrome-extension://invalid/:0
[  114337ms] [ERROR] Failed to load resource: net::ERR_FAILED @ chrome-extension://invalid/:0
[  114458ms] [ERROR] Failed to load resource: net::ERR_FAILED @ chrome-extension://invalid/:0
[  114567ms] [ERROR] Failed to load resource: net::ERR_FAILED @ chrome-extension://invalid/:0
[  114674ms] [ERROR] Failed to load resource: net::ERR_FAILED @ chrome-extension://invalid/:0
[  114840ms] [ERROR] Failed to load resource: net::ERR_FAILED @ chrome-extension://invalid/:0
[  114946ms] [ERROR] Failed to load resource: net::ERR_FAILED @ chrome-extension://invalid/:0
[  115053ms] [ERROR] Failed to load resource: net::ERR_FAILED @ chrome-extension://invalid/:0
[  115168ms] [ERROR] Failed to load resource: net::ERR_FAILED @ chrome-extension://invalid/:0
[  115369ms] [ERROR] Failed to load resource: net::ERR_FAILED @ chrome-extension://invalid/:0
[  115497ms] [ERROR] Failed to load resource: net::ERR_FAILED @ chrome-extension://invalid/:0
[  115611ms] [ERROR] Failed to load resource: net::ERR_FAILED @ chrome-extension://invalid/:0
[  115717ms] [ERROR] Failed to load resource: net::ERR_FAILED @ chrome-extension://invalid/:0
[  115829ms] [ERROR] Failed to load resource: net::ERR_FAILED @ chrome-extension://invalid/:0
[  115945ms] [ERROR] Failed to load resource: net::ERR_FAILED @ chrome-extension://invalid/:0
[  116051ms] [ERROR] Failed to load resource: net::ERR_FAILED @ chrome-extension://invalid/:0
[  116166ms] [ERROR] Failed to load resource: net::ERR_FAILED @ chrome-extension://invalid/:0
[  116274ms] [ERROR] Failed to load resource: net::ERR_FAILED @ chrome-extension://invalid/:0
[  116382ms] [ERROR] Failed to load resource: net::ERR_FAILED @ chrome-extension://invalid/:0
[  116491ms] [ERROR] Failed to load resource: net::ERR_FAILED @ chrome-extension://invalid/:0
[  116602ms] [ERROR] Failed to load resource: net::ERR_FAILED @ chrome-extension://invalid/:0
[  116705ms] [ERROR] Failed to load resource: net::ERR_FAILED @ chrome-extension://invalid/:0
[  116848ms] [ERROR] Failed to load resource: net::ERR_FAILED @ chrome-extension://invalid/:0
[  116959ms] [ERROR] Failed to load resource: net::ERR_FAILED @ chrome-extension://invalid/:0
[  117066ms] [ERROR] Failed to load resource: net::ERR_FAILED @ chrome-extension://invalid/:0
[  117182ms] [ERROR] Failed to load resource: net::ERR_FAILED @ chrome-extension://invalid/:0
[  117285ms] [ERROR] Failed to load resource: net::ERR_FAILED @ chrome-extension://invalid/:0
[  117394ms] [ERROR] Failed to load resource: net::ERR_FAILED @ chrome-extension://invalid/:0
[  117503ms] [ERROR] Failed to load resource: net::ERR_FAILED @ chrome-extension://invalid/:0
[  117620ms] [ERROR] Failed to load resource: net::ERR_FAILED @ chrome-extension://invalid/:0
[  117737ms] [ERROR] Failed to load resource: net::ERR_FAILED @ chrome-extension://invalid/:0
[  117840ms] [ERROR] Failed to load resource: net::ERR_FAILED @ chrome-extension://invalid/:0
[  117942ms] [ERROR] Failed to load resource: net::ERR_FAILED @ chrome-extension://invalid/:0
[  118049ms] [ERROR] Failed to load resource: net::ERR_FAILED @ chrome-extension://invalid/:0
[  118156ms] [ERROR] Failed to load resource: net::ERR_FAILED @ chrome-extension://invalid/:0
[  118267ms] [ERROR] Failed to load resource: net::ERR_FAILED @ chrome-extension://invalid/:0
[  118371ms] [ERROR] Failed to load resource: net::ERR_FAILED @ chrome-extension://invalid/:0
[  118480ms] [ERROR] Failed to load resource: net::ERR_FAILED @ chrome-extension://invalid/:0
[  118593ms] [ERROR] Failed to load resource: net::ERR_FAILED @ chrome-extension://invalid/:0
[  118702ms] [ERROR] Failed to load resource: net::ERR_FAILED @ chrome-extension://invalid/:0
[  118857ms] [ERROR] Failed to load resource: net::ERR_FAILED @ chrome-extension://invalid/:0
[  118961ms] [ERROR] Failed to load resource: net::ERR_FAILED @ chrome-extension://invalid/:0
[  119078ms] [ERROR] Failed to load resource: net::ERR_FAILED @ chrome-extension://invalid/:0
[  119185ms] [ERROR] Failed to load resource: net::ERR_FAILED @ chrome-extension://invalid/:0
[  119299ms] [ERROR] Failed to load resource: net::ERR_FAILED @ chrome-extension://invalid/:0
[  119405ms] [ERROR] Failed to load resource: net::ERR_FAILED @ chrome-extension://invalid/:0
[  119507ms] [ERROR] Failed to load resource: net::ERR_FAILED @ chrome-extension://invalid/:0
[  119616ms] [ERROR] Failed to load resource: net::ERR_FAILED @ chrome-extension://invalid/:0
[  119730ms] [ERROR] Failed to load resource: net::ERR_FAILED @ chrome-extension://invalid/:0
[  119833ms] [ERROR] Failed to load resource: net::ERR_FAILED @ chrome-extension://invalid/:0
[  119944ms] [ERROR] Failed to load resource: net::ERR_FAILED @ chrome-extension://invalid/:0
[  120055ms] [ERROR] Failed to load resource: net::ERR_FAILED @ chrome-extension://invalid/:0
[  120166ms] [ERROR] Failed to load resource: net::ERR_FAILED @ chrome-extension://invalid/:0
[  120287ms] [ERROR] Failed to load resource: net::ERR_FAILED @ chrome-extension://invalid/:0
[  120394ms] [ERROR] Failed to load resource: net::ERR_FAILED @ chrome-extension://invalid/:0
[  120503ms] [ERROR] Failed to load resource: net::ERR_FAILED @ chrome-extension://invalid/:0
[  120612ms] [ERROR] Failed to load resource: net::ERR_FAILED @ chrome-extension://invalid/:0
[  120727ms] [ERROR] Failed to load resource: net::ERR_FAILED @ chrome-extension://invalid/:0
[  120881ms] [ERROR] Failed to load resource: net::ERR_FAILED @ chrome-extension://invalid/:0
[  120988ms] [ERROR] Failed to load resource: net::ERR_FAILED @ chrome-extension://invalid/:0
[  121094ms] [ERROR] Failed to load resource: net::ERR_FAILED @ chrome-extension://invalid/:0
[  121204ms] [ERROR] Failed to load resource: net::ERR_FAILED @ chrome-extension://invalid/:0
[  121318ms] [ERROR] Failed to load resource: net::ERR_FAILED @ chrome-extension://invalid/:0
[  121431ms] [ERROR] Failed to load resource: net::ERR_FAILED @ chrome-extension://invalid/:0
[  121534ms] [ERROR] Failed to load resource: net::ERR_FAILED @ chrome-extension://invalid/:0
[  121641ms] [ERROR] Failed to load resource: net::ERR_FAILED @ chrome-extension://invalid/:0
[  121756ms] [ERROR] Failed to load resource: net::ERR_FAILED @ chrome-extension://invalid/:0
[  121862ms] [ERROR] Failed to load resource: net::ERR_FAILED @ chrome-extension://invalid/:0
[  121979ms] [ERROR] Failed to load resource: net::ERR_FAILED @ chrome-extension://invalid/:0
[  122081ms] [ERROR] Failed to load resource: net::ERR_FAILED @ chrome-extension://invalid/:0
[  122194ms] [ERROR] Failed to load resource: net::ERR_FAILED @ chrome-extension://invalid/:0
[  122296ms] [ERROR] Failed to load resource: net::ERR_FAILED @ chrome-extension://invalid/:0
[  122401ms] [ERROR] Failed to load resource: net::ERR_FAILED @ chrome-extension://invalid/:0
[  122516ms] [ERROR] Failed to load resource: net::ERR_FAILED @ chrome-extension://invalid/:0
[  122618ms] [ERROR] Failed to load resource: net::ERR_FAILED @ chrome-extension://invalid/:0
[  122723ms] [ERROR] Failed to load resource: net::ERR_FAILED @ chrome-extension://invalid/:0
[  122828ms] [ERROR] Failed to load resource: net::ERR_FAILED @ chrome-extension://invalid/:0
[  122936ms] [ERROR] Failed to load resource: net::ERR_FAILED @ chrome-extension://invalid/:0
[  123055ms] [ERROR] Failed to load resource: net::ERR_FAILED @ chrome-extension://invalid/:0
[  123169ms] [ERROR] Failed to load resource: net::ERR_FAILED @ chrome-extension://invalid/:0
[  123280ms] [ERROR] Failed to load resource: net::ERR_FAILED @ chrome-extension://invalid/:0
[  123393ms] [ERROR] Failed to load resource: net::ERR_FAILED @ chrome-extension://invalid/:0
[  123514ms] [ERROR] Failed to load resource: net::ERR_FAILED @ chrome-extension://invalid/:0
[  123621ms] [ERROR] Failed to load resource: net::ERR_FAILED @ chrome-extension://invalid/:0
[  123728ms] [ERROR] Failed to load resource: net::ERR_FAILED @ chrome-extension://invalid/:0
[  123841ms] [ERROR] Failed to load resource: net::ERR_FAILED @ chrome-extension://invalid/:0
[  123951ms] [ERROR] Failed to load resource: net::ERR_FAILED @ chrome-extension://invalid/:0
[  124062ms] [ERROR] Failed to load resource: net::ERR_FAILED @ chrome-extension://invalid/:0
[  124169ms] [ERROR] Failed to load resource: net::ERR_FAILED @ chrome-extension://invalid/:0
[  124279ms] [ERROR] Failed to load resource: net::ERR_FAILED @ chrome-extension://invalid/:0
[  124391ms] [ERROR] Failed to load resource: net::ERR_FAILED @ chrome-extension://invalid/:0
[  124499ms] [ERROR] Failed to load resource: net::ERR_FAILED @ chrome-extension://invalid/:0
[  124686ms] [ERROR] Failed to load resource: net::ERR_FAILED @ chrome-extension://invalid/:0
[  124816ms] [ERROR] Failed to load resource: net::ERR_FAILED @ chrome-extension://invalid/:0
[  124937ms] [ERROR] Failed to load resource: net::ERR_FAILED @ chrome-extension://invalid/:0
[  125040ms] [ERROR] Failed to load resource: net::ERR_FAILED @ chrome-extension://invalid/:0
[  125153ms] [ERROR] Failed to load resource: net::ERR_FAILED @ chrome-extension://invalid/:0
[  125264ms] [ERROR] Failed to load resource: net::ERR_FAILED @ chrome-extension://invalid/:0
[  125382ms] [ERROR] Failed to load resource: net::ERR_FAILED @ chrome-extension://invalid/:0
[  125572ms] [ERROR] Failed to load resource: net::ERR_FAILED @ chrome-extension://invalid/:0
[  125691ms] [ERROR] Failed to load resource: net::ERR_FAILED @ chrome-extension://invalid/:0
[  125841ms] [ERROR] Failed to load resource: net::ERR_FAILED @ chrome-extension://invalid/:0
[  125956ms] [ERROR] Failed to load resource: net::ERR_FAILED @ chrome-extension://invalid/:0
[  126070ms] [ERROR] Failed to load resource: net::ERR_FAILED @ chrome-extension://invalid/:0
[  126174ms] [ERROR] Failed to load resource: net::ERR_FAILED @ chrome-extension://invalid/:0
[  126283ms] [ERROR] Failed to load resource: net::ERR_FAILED @ chrome-extension://invalid/:0
[  126418ms] [ERROR] Failed to load resource: net::ERR_FAILED @ chrome-extension://invalid/:0
[  126531ms] [ERROR] Failed to load resource: net::ERR_FAILED @ chrome-extension://invalid/:0
[  126640ms] [ERROR] Failed to load resource: net::ERR_FAILED @ chrome-extension://invalid/:0
[  126751ms] [ERROR] Failed to load resource: net::ERR_FAILED @ chrome-extension://invalid/:0
[  126856ms] [ERROR] Failed to load resource: net::ERR_FAILED @ chrome-extension://invalid/:0
[  126964ms] [ERROR] Failed to load resource: net::ERR_FAILED @ chrome-extension://invalid/:0
[  127076ms] [ERROR] Failed to load resource: net::ERR_FAILED @ chrome-extension://invalid/:0
[  127185ms] [ERROR] Failed to load resource: net::ERR_FAILED @ chrome-extension://invalid/:0
[  127296ms] [ERROR] Failed to load resource: net::ERR_FAILED @ chrome-extension://invalid/:0
[  127419ms] [ERROR] Failed to load resource: net::ERR_FAILED @ chrome-extension://invalid/:0
[  127523ms] [ERROR] Failed to load resource: net::ERR_FAILED @ chrome-extension://invalid/:0
[  127637ms] [ERROR] Failed to load resource: net::ERR_FAILED @ chrome-extension://invalid/:0
[  127752ms] [ERROR] Failed to load resource: net::ERR_FAILED @ chrome-extension://invalid/:0
[  127855ms] [ERROR] Failed to load resource: net::ERR_FAILED @ chrome-extension://invalid/:0
[  127964ms] [ERROR] Failed to load resource: net::ERR_FAILED @ chrome-extension://invalid/:0
[  128074ms] [ERROR] Failed to load resource: net::ERR_FAILED @ chrome-extension://invalid/:0
[  128199ms] [ERROR] Failed to load resource: net::ERR_FAILED @ chrome-extension://invalid/:0
[  128310ms] [ERROR] Failed to load resource: net::ERR_FAILED @ chrome-extension://invalid/:0
[  128429ms] [ERROR] Failed to load resource: net::ERR_FAILED @ chrome-extension://invalid/:0
[  128543ms] [ERROR] Failed to load resource: net::ERR_FAILED @ chrome-extension://invalid/:0
[  128650ms] [ERROR] Failed to load resource: net::ERR_FAILED @ chrome-extension://invalid/:0
[  128768ms] [ERROR] Failed to load resource: net::ERR_FAILED @ chrome-extension://invalid/:0
[  128885ms] [ERROR] Failed to load resource: net::ERR_FAILED @ chrome-extension://invalid/:0
[  128994ms] [ERROR] Failed to load resource: net::ERR_FAILED @ chrome-extension://invalid/:0
[  129108ms] [ERROR] Failed to load resource: net::ERR_FAILED @ chrome-extension://invalid/:0
[  129213ms] [ERROR] Failed to load resource: net::ERR_FAILED @ chrome-extension://invalid/:0
[  129321ms] [ERROR] Failed to load resource: net::ERR_FAILED @ chrome-extension://invalid/:0
[  129438ms] [ERROR] Failed to load resource: net::ERR_FAILED @ chrome-extension://invalid/:0
[  129552ms] [ERROR] Failed to load resource: net::ERR_FAILED @ chrome-extension://invalid/:0
[  129664ms] [ERROR] Failed to load resource: net::ERR_FAILED @ chrome-extension://invalid/:0
[  129777ms] [ERROR] Failed to load resource: net::ERR_FAILED @ chrome-extension://invalid/:0
[  129883ms] [ERROR] Failed to load resource: net::ERR_FAILED @ chrome-extension://invalid/:0
[  130015ms] [ERROR] Failed to load resource: net::ERR_FAILED @ chrome-extension://invalid/:0
[  130122ms] [ERROR] Failed to load resource: net::ERR_FAILED @ chrome-extension://invalid/:0
[  130226ms] [ERROR] Failed to load resource: net::ERR_FAILED @ chrome-extension://invalid/:0
[  130362ms] [ERROR] Failed to load resource: net::ERR_FAILED @ chrome-extension://invalid/:0
[  130485ms] [ERROR] Failed to load resource: net::ERR_FAILED @ chrome-extension://invalid/:0
[  130603ms] [ERROR] Failed to load resource: net::ERR_FAILED @ chrome-extension://invalid/:0
[  130712ms] [ERROR] Failed to load resource: net::ERR_FAILED @ chrome-extension://invalid/:0
[  130824ms] [ERROR] Failed to load resource: net::ERR_FAILED @ chrome-extension://invalid/:0
[  130934ms] [ERROR] Failed to load resource: net::ERR_FAILED @ chrome-extension://invalid/:0
[  131043ms] [ERROR] Failed to load resource: net::ERR_FAILED @ chrome-extension://invalid/:0
[  131152ms] [ERROR] Failed to load resource: net::ERR_FAILED @ chrome-extension://invalid/:0
[  131262ms] [ERROR] Failed to load resource: net::ERR_FAILED @ chrome-extension://invalid/:0
[  131371ms] [ERROR] Failed to load resource: net::ERR_FAILED @ chrome-extension://invalid/:0
[  131491ms] [ERROR] Failed to load resource: net::ERR_FAILED @ chrome-extension://invalid/:0
[  131600ms] [ERROR] Failed to load resource: net::ERR_FAILED @ chrome-extension://invalid/:0
[  131710ms] [ERROR] Failed to load resource: net::ERR_FAILED @ chrome-extension://invalid/:0
[  131816ms] [ERROR] Failed to load resource: net::ERR_FAILED @ chrome-extension://invalid/:0
[  131929ms] [ERROR] Failed to load resource: net::ERR_FAILED @ chrome-extension://invalid/:0
[  132036ms] [ERROR] Failed to load resource: net::ERR_FAILED @ chrome-extension://invalid/:0
[  132151ms] [ERROR] Failed to load resource: net::ERR_FAILED @ chrome-extension://invalid/:0
[  132255ms] [ERROR] Failed to load resource: net::ERR_FAILED @ chrome-extension://invalid/:0
[  132368ms] [ERROR] Failed to load resource: net::ERR_FAILED @ chrome-extension://invalid/:0
[  132478ms] [ERROR] Failed to load resource: net::ERR_FAILED @ chrome-extension://invalid/:0
[  132621ms] [ERROR] Failed to load resource: net::ERR_FAILED @ chrome-extension://invalid/:0
[  132729ms] [ERROR] Failed to load resource: net::ERR_FAILED @ chrome-extension://invalid/:0
[  132838ms] [ERROR] Failed to load resource: net::ERR_FAILED @ chrome-extension://invalid/:0
[  132941ms] [ERROR] Failed to load resource: net::ERR_FAILED @ chrome-extension://invalid/:0
[  133052ms] [ERROR] Failed to load resource: net::ERR_FAILED @ chrome-extension://invalid/:0
[  133170ms] [ERROR] Failed to load resource: net::ERR_FAILED @ chrome-extension://invalid/:0
[  133300ms] [ERROR] Failed to load resource: net::ERR_FAILED @ chrome-extension://invalid/:0
[  133422ms] [ERROR] Failed to load resource: net::ERR_FAILED @ chrome-extension://invalid/:0
[  133537ms] [ERROR] Failed to load resource: net::ERR_FAILED @ chrome-extension://invalid/:0
[  133654ms] [ERROR] Failed to load resource: net::ERR_FAILED @ chrome-extension://invalid/:0
[  133760ms] [ERROR] Failed to load resource: net::ERR_FAILED @ chrome-extension://invalid/:0
[  133873ms] [ERROR] Failed to load resource: net::ERR_FAILED @ chrome-extension://invalid/:0
[  134009ms] [ERROR] Failed to load resource: net::ERR_FAILED @ chrome-extension://invalid/:0
[  134121ms] [ERROR] Failed to load resource: net::ERR_FAILED @ chrome-extension://invalid/:0
[  134231ms] [ERROR] Failed to load resource: net::ERR_FAILED @ chrome-extension://invalid/:0
[  134338ms] [ERROR] Failed to load resource: net::ERR_FAILED @ chrome-extension://invalid/:0
[  134452ms] [ERROR] Failed to load resource: net::ERR_FAILED @ chrome-extension://invalid/:0
[  134565ms] [ERROR] Failed to load resource: net::ERR_FAILED @ chrome-extension://invalid/:0
[  134680ms] [ERROR] Failed to load resource: net::ERR_FAILED @ chrome-extension://invalid/:0
[  134786ms] [ERROR] Failed to load resource: net::ERR_FAILED @ chrome-extension://invalid/:0
[  134900ms] [ERROR] Failed to load resource: net::ERR_FAILED @ chrome-extension://invalid/:0
[  135012ms] [ERROR] Failed to load resource: net::ERR_FAILED @ chrome-extension://invalid/:0
[  135115ms] [ERROR] Failed to load resource: net::ERR_FAILED @ chrome-extension://invalid/:0
[  135230ms] [ERROR] Failed to load resource: net::ERR_FAILED @ chrome-extension://invalid/:0
[  135355ms] [ERROR] Failed to load resource: net::ERR_FAILED @ chrome-extension://invalid/:0
[  135461ms] [ERROR] Failed to load resource: net::ERR_FAILED @ chrome-extension://invalid/:0
[  135568ms] [ERROR] Failed to load resource: net::ERR_FAILED @ chrome-extension://invalid/:0
[  135683ms] [ERROR] Failed to load resource: net::ERR_FAILED @ chrome-extension://invalid/:0
[  135787ms] [ERROR] Failed to load resource: net::ERR_FAILED @ chrome-extension://invalid/:0
[  135907ms] [ERROR] Failed to load resource: net::ERR_FAILED @ chrome-extension://invalid/:0
[  136009ms] [ERROR] Failed to load resource: net::ERR_FAILED @ chrome-extension://invalid/:0
[  136116ms] [ERROR] Failed to load resource: net::ERR_FAILED @ chrome-extension://invalid/:0
[  136229ms] [ERROR] Failed to load resource: net::ERR_FAILED @ chrome-extension://invalid/:0
[  136334ms] [ERROR] Failed to load resource: net::ERR_FAILED @ chrome-extension://invalid/:0
[  136443ms] [ERROR] Failed to load resource: net::ERR_FAILED @ chrome-extension://invalid/:0
[  136552ms] [ERROR] Failed to load resource: net::ERR_FAILED @ chrome-extension://invalid/:0
[  136658ms] [ERROR] Failed to load resource: net::ERR_FAILED @ chrome-extension://invalid/:0
[  136773ms] [ERROR] Failed to load resource: net::ERR_FAILED @ chrome-extension://invalid/:0
[  136879ms] [ERROR] Failed to load resource: net::ERR_FAILED @ chrome-extension://invalid/:0
[  136993ms] [ERROR] Failed to load resource: net::ERR_FAILED @ chrome-extension://invalid/:0
[  137101ms] [ERROR] Failed to load resource: net::ERR_FAILED @ chrome-extension://invalid/:0
[  137212ms] [ERROR] Failed to load resource: net::ERR_FAILED @ chrome-extension://invalid/:0
[  137320ms] [ERROR] Failed to load resource: net::ERR_FAILED @ chrome-extension://invalid/:0
[  137432ms] [ERROR] Failed to load resource: net::ERR_FAILED @ chrome-extension://invalid/:0
[  137561ms] [ERROR] Failed to load resource: net::ERR_FAILED @ chrome-extension://invalid/:0
[  137663ms] [ERROR] Failed to load resource: net::ERR_FAILED @ chrome-extension://invalid/:0
[  137775ms] [ERROR] Failed to load resource: net::ERR_FAILED @ chrome-extension://invalid/:0
[  137890ms] [ERROR] Failed to load resource: net::ERR_FAILED @ chrome-extension://invalid/:0
[  137994ms] [ERROR] Failed to load resource: net::ERR_FAILED @ chrome-extension://invalid/:0
[  138105ms] [ERROR] Failed to load resource: net::ERR_FAILED @ chrome-extension://invalid/:0
[  138209ms] [ERROR] Failed to load resource: net::ERR_FAILED @ chrome-extension://invalid/:0
[  138316ms] [ERROR] Failed to load resource: net::ERR_FAILED @ chrome-extension://invalid/:0
[  138428ms] [ERROR] Failed to load resource: net::ERR_FAILED @ chrome-extension://invalid/:0
[  138535ms] [ERROR] Failed to load resource: net::ERR_FAILED @ chrome-extension://invalid/:0
[  138646ms] [ERROR] Failed to load resource: net::ERR_FAILED @ chrome-extension://invalid/:0
[  138751ms] [ERROR] Failed to load resource: net::ERR_FAILED @ chrome-extension://invalid/:0
[  138859ms] [ERROR] Failed to load resource: net::ERR_FAILED @ chrome-extension://invalid/:0
[  138971ms] [ERROR] Failed to load resource: net::ERR_FAILED @ chrome-extension://invalid/:0
[  139080ms] [ERROR] Failed to load resource: net::ERR_FAILED @ chrome-extension://invalid/:0
[  139186ms] [ERROR] Failed to load resource: net::ERR_FAILED @ chrome-extension://invalid/:0
[  139299ms] [ERROR] Failed to load resource: net::ERR_FAILED @ chrome-extension://invalid/:0
[  139420ms] [ERROR] Failed to load resource: net::ERR_FAILED @ chrome-extension://invalid/:0
[  139527ms] [ERROR] Failed to load resource: net::ERR_FAILED @ chrome-extension://invalid/:0
[  139632ms] [ERROR] Failed to load resource: net::ERR_FAILED @ chrome-extension://invalid/:0
[  139742ms] [ERROR] Failed to load resource: net::ERR_FAILED @ chrome-extension://invalid/:0
[  139852ms] [ERROR] Failed to load resource: net::ERR_FAILED @ chrome-extension://invalid/:0
[  139963ms] [ERROR] Failed to load resource: net::ERR_FAILED @ chrome-extension://invalid/:0
[  140069ms] [ERROR] Failed to load resource: net::ERR_FAILED @ chrome-extension://invalid/:0
[  140179ms] [ERROR] Failed to load resource: net::ERR_FAILED @ chrome-extension://invalid/:0
[  140290ms] [ERROR] Failed to load resource: net::ERR_FAILED @ chrome-extension://invalid/:0
[  140399ms] [ERROR] Failed to load resource: net::ERR_FAILED @ chrome-extension://invalid/:0
[  140502ms] [ERROR] Failed to load resource: net::ERR_FAILED @ chrome-extension://invalid/:0
[  140612ms] [ERROR] Failed to load resource: net::ERR_FAILED @ chrome-extension://invalid/:0
[  140722ms] [ERROR] Failed to load resource: net::ERR_FAILED @ chrome-extension://invalid/:0
[  140831ms] [ERROR] Failed to load resource: net::ERR_FAILED @ chrome-extension://invalid/:0
[  140943ms] [ERROR] Failed to load resource: net::ERR_FAILED @ chrome-extension://invalid/:0
[  141047ms] [ERROR] Failed to load resource: net::ERR_FAILED @ chrome-extension://invalid/:0
[  141156ms] [ERROR] Failed to load resource: net::ERR_FAILED @ chrome-extension://invalid/:0
[  141275ms] [ERROR] Failed to load resource: net::ERR_FAILED @ chrome-extension://invalid/:0
[  141395ms] [ERROR] Failed to load resource: net::ERR_FAILED @ chrome-extension://invalid/:0
[  141507ms] [ERROR] Failed to load resource: net::ERR_FAILED @ chrome-extension://invalid/:0
[  141630ms] [ERROR] Failed to load resource: net::ERR_FAILED @ chrome-extension://invalid/:0
[  141734ms] [ERROR] Failed to load resource: net::ERR_FAILED @ chrome-extension://invalid/:0
[  141847ms] [ERROR] Failed to load resource: net::ERR_FAILED @ chrome-extension://invalid/:0
[  142053ms] [ERROR] Failed to load resource: net::ERR_FAILED @ chrome-extension://invalid/:0
[  142172ms] [ERROR] Failed to load resource: net::ERR_FAILED @ chrome-extension://invalid/:0
[  142281ms] [ERROR] Failed to load resource: net::ERR_FAILED @ chrome-extension://invalid/:0
[  142386ms] [ERROR] Failed to load resource: net::ERR_FAILED @ chrome-extension://invalid/:0
[  142503ms] [ERROR] Failed to load resource: net::ERR_FAILED @ chrome-extension://invalid/:0
[  142615ms] [ERROR] Failed to load resource: net::ERR_FAILED @ chrome-extension://invalid/:0
[  142730ms] [ERROR] Failed to load resource: net::ERR_FAILED @ chrome-extension://invalid/:0
[  142841ms] [ERROR] Failed to load resource: net::ERR_FAILED @ chrome-extension://invalid/:0
[  142951ms] [ERROR] Failed to load resource: net::ERR_FAILED @ chrome-extension://invalid/:0
[  143172ms] [ERROR] Failed to load resource: net::ERR_FAILED @ chrome-extension://invalid/:0
[  143303ms] [ERROR] Failed to load resource: net::ERR_FAILED @ chrome-extension://invalid/:0
[  143489ms] [ERROR] Failed to load resource: net::ERR_FAILED @ chrome-extension://invalid/:0
[  143662ms] [ERROR] Failed to load resource: net::ERR_FAILED @ chrome-extension://invalid/:0
[  143776ms] [ERROR] Failed to load resource: net::ERR_FAILED @ chrome-extension://invalid/:0
[  143911ms] [ERROR] Failed to load resource: net::ERR_FAILED @ chrome-extension://invalid/:0
[  144027ms] [ERROR] Failed to load resource: net::ERR_FAILED @ chrome-extension://invalid/:0
[  144135ms] [ERROR] Failed to load resource: net::ERR_FAILED @ chrome-extension://invalid/:0
[  144243ms] [ERROR] Failed to load resource: net::ERR_FAILED @ chrome-extension://invalid/:0
[  144514ms] [ERROR] Failed to load resource: net::ERR_FAILED @ chrome-extension://invalid/:0
[  144793ms] [ERROR] Failed to load resource: net::ERR_FAILED @ chrome-extension://invalid/:0
[  145202ms] [ERROR] Failed to load resource: net::ERR_FAILED @ chrome-extension://invalid/:0
[  145320ms] [ERROR] Failed to load resource: net::ERR_FAILED @ chrome-extension://invalid/:0
[  145652ms] [ERROR] Failed to load resource: net::ERR_FAILED @ chrome-extension://invalid/:0
[  145767ms] [ERROR] Failed to load resource: net::ERR_FAILED @ chrome-extension://invalid/:0
[  145875ms] [ERROR] Failed to load resource: net::ERR_FAILED @ chrome-extension://invalid/:0
[  146073ms] [ERROR] Failed to load resource: net::ERR_FAILED @ chrome-extension://invalid/:0
[  146240ms] [ERROR] Failed to load resource: net::ERR_FAILED @ chrome-extension://invalid/:0
[  146342ms] [ERROR] Failed to load resource: net::ERR_FAILED @ chrome-extension://invalid/:0
[  146453ms] [ERROR] Failed to load resource: net::ERR_FAILED @ chrome-extension://invalid/:0
[  146563ms] [ERROR] Failed to load resource: net::ERR_FAILED @ chrome-extension://invalid/:0
[  146723ms] [ERROR] Failed to load resource: net::ERR_FAILED @ chrome-extension://invalid/:0
[  146857ms] [ERROR] Failed to load resource: net::ERR_FAILED @ chrome-extension://invalid/:0
[  146966ms] [ERROR] Failed to load resource: net::ERR_FAILED @ chrome-extension://invalid/:0
[  147083ms] [ERROR] Failed to load resource: net::ERR_FAILED @ chrome-extension://invalid/:0
[  147201ms] [ERROR] Failed to load resource: net::ERR_FAILED @ chrome-extension://invalid/:0
[  147314ms] [ERROR] Failed to load resource: net::ERR_FAILED @ chrome-extension://invalid/:0
[  147420ms] [ERROR] Failed to load resource: net::ERR_FAILED @ chrome-extension://invalid/:0
[  147530ms] [ERROR] Failed to load resource: net::ERR_FAILED @ chrome-extension://invalid/:0
[  147676ms] [ERROR] Failed to load resource: net::ERR_FAILED @ chrome-extension://invalid/:0
[  147860ms] [ERROR] Failed to load resource: net::ERR_FAILED @ chrome-extension://invalid/:0
[  147964ms] [ERROR] Failed to load resource: net::ERR_FAILED @ chrome-extension://invalid/:0
[  148079ms] [ERROR] Failed to load resource: net::ERR_FAILED @ chrome-extension://invalid/:0
[  148192ms] [ERROR] Failed to load resource: net::ERR_FAILED @ chrome-extension://invalid/:0
[  148337ms] [ERROR] Failed to load resource: net::ERR_FAILED @ chrome-extension://invalid/:0
[  148451ms] [ERROR] Failed to load resource: net::ERR_FAILED @ chrome-extension://invalid/:0
[  148566ms] [ERROR] Failed to load resource: net::ERR_FAILED @ chrome-extension://invalid/:0
[  148672ms] [ERROR] Failed to load resource: net::ERR_FAILED @ chrome-extension://invalid/:0
[  148784ms] [ERROR] Failed to load resource: net::ERR_FAILED @ chrome-extension://invalid/:0
[  148913ms] [ERROR] Failed to load resource: net::ERR_FAILED @ chrome-extension://invalid/:0
[  149020ms] [ERROR] Failed to load resource: net::ERR_FAILED @ chrome-extension://invalid/:0
[  149129ms] [ERROR] Failed to load resource: net::ERR_FAILED @ chrome-extension://invalid/:0
[  149241ms] [ERROR] Failed to load resource: net::ERR_FAILED @ chrome-extension://invalid/:0
[  149347ms] [ERROR] Failed to load resource: net::ERR_FAILED @ chrome-extension://invalid/:0
[  149466ms] [ERROR] Failed to load resource: net::ERR_FAILED @ chrome-extension://invalid/:0
[  149584ms] [ERROR] Failed to load resource: net::ERR_FAILED @ chrome-extension://invalid/:0
[  149695ms] [ERROR] Failed to load resource: net::ERR_FAILED @ chrome-extension://invalid/:0
[  149818ms] [ERROR] Failed to load resource: net::ERR_FAILED @ chrome-extension://invalid/:0
[  149920ms] [ERROR] Failed to load resource: net::ERR_FAILED @ chrome-extension://invalid/:0
[  150028ms] [ERROR] Failed to load resource: net::ERR_FAILED @ chrome-extension://invalid/:0
[  150138ms] [ERROR] Failed to load resource: net::ERR_FAILED @ chrome-extension://invalid/:0
[  150244ms] [ERROR] Failed to load resource: net::ERR_FAILED @ chrome-extension://invalid/:0
[  150358ms] [ERROR] Failed to load resource: net::ERR_FAILED @ chrome-extension://invalid/:0
[  150466ms] [ERROR] Failed to load resource: net::ERR_FAILED @ chrome-extension://invalid/:0
[  150677ms] [ERROR] Failed to load resource: net::ERR_FAILED @ chrome-extension://invalid/:0
[  150797ms] [ERROR] Failed to load resource: net::ERR_FAILED @ chrome-extension://invalid/:0
[  150901ms] [ERROR] Failed to load resource: net::ERR_FAILED @ chrome-extension://invalid/:0
[  151013ms] [ERROR] Failed to load resource: net::ERR_FAILED @ chrome-extension://invalid/:0
[  151223ms] [ERROR] Failed to load resource: net::ERR_FAILED @ chrome-extension://invalid/:0
[  151327ms] [ERROR] Failed to load resource: net::ERR_FAILED @ chrome-extension://invalid/:0
[  151443ms] [ERROR] Failed to load resource: net::ERR_FAILED @ chrome-extension://invalid/:0
[  151549ms] [ERROR] Failed to load resource: net::ERR_FAILED @ chrome-extension://invalid/:0
[  151661ms] [ERROR] Failed to load resource: net::ERR_FAILED @ chrome-extension://invalid/:0
[  151769ms] [ERROR] Failed to load resource: net::ERR_FAILED @ chrome-extension://invalid/:0
[  151879ms] [ERROR] Failed to load resource: net::ERR_FAILED @ chrome-extension://invalid/:0
[  151986ms] [ERROR] Failed to load resource: net::ERR_FAILED @ chrome-extension://invalid/:0
[  152094ms] [ERROR] Failed to load resource: net::ERR_FAILED @ chrome-extension://invalid/:0
[  152211ms] [ERROR] Failed to load resource: net::ERR_FAILED @ chrome-extension://invalid/:0
[  152323ms] [ERROR] Failed to load resource: net::ERR_FAILED @ chrome-extension://invalid/:0
[  152432ms] [ERROR] Failed to load resource: net::ERR_FAILED @ chrome-extension://invalid/:0
[  152550ms] [ERROR] Failed to load resource: net::ERR_FAILED @ chrome-extension://invalid/:0
[  152667ms] [ERROR] Failed to load resource: net::ERR_FAILED @ chrome-extension://invalid/:0
[  152778ms] [ERROR] Failed to load resource: net::ERR_FAILED @ chrome-extension://invalid/:0
[  152912ms] [ERROR] Failed to load resource: net::ERR_FAILED @ chrome-extension://invalid/:0
[  153020ms] [ERROR] Failed to load resource: net::ERR_FAILED @ chrome-extension://invalid/:0
[  153129ms] [ERROR] Failed to load resource: net::ERR_FAILED @ chrome-extension://invalid/:0
[  153257ms] [ERROR] Failed to load resource: net::ERR_FAILED @ chrome-extension://invalid/:0
[  153365ms] [ERROR] Failed to load resource: net::ERR_FAILED @ chrome-extension://invalid/:0
[  153576ms] [ERROR] Failed to load resource: net::ERR_FAILED @ chrome-extension://invalid/:0
[  153765ms] [ERROR] Failed to load resource: net::ERR_FAILED @ chrome-extension://invalid/:0
[  153875ms] [ERROR] Failed to load resource: net::ERR_FAILED @ chrome-extension://invalid/:0
[  153982ms] [ERROR] Failed to load resource: net::ERR_FAILED @ chrome-extension://invalid/:0
[  154098ms] [ERROR] Failed to load resource: net::ERR_FAILED @ chrome-extension://invalid/:0
[  154223ms] [ERROR] Failed to load resource: net::ERR_FAILED @ chrome-extension://invalid/:0
[  154342ms] [ERROR] Failed to load resource: net::ERR_FAILED @ chrome-extension://invalid/:0
[  154453ms] [ERROR] Failed to load resource: net::ERR_FAILED @ chrome-extension://invalid/:0
[  154627ms] [ERROR] Failed to load resource: net::ERR_FAILED @ chrome-extension://invalid/:0
[  154747ms] [ERROR] Failed to load resource: net::ERR_FAILED @ chrome-extension://invalid/:0
[  154858ms] [ERROR] Failed to load resource: net::ERR_FAILED @ chrome-extension://invalid/:0
[  155006ms] [ERROR] Failed to load resource: net::ERR_FAILED @ chrome-extension://invalid/:0
[  155118ms] [ERROR] Failed to load resource: net::ERR_FAILED @ chrome-extension://invalid/:0
[  155225ms] [ERROR] Failed to load resource: net::ERR_FAILED @ chrome-extension://invalid/:0
[  155407ms] [ERROR] Failed to load resource: net::ERR_FAILED @ chrome-extension://invalid/:0
[  155552ms] [ERROR] Failed to load resource: net::ERR_FAILED @ chrome-extension://invalid/:0
[  155678ms] [ERROR] Failed to load resource: net::ERR_FAILED @ chrome-extension://invalid/:0
[  155939ms] [ERROR] Failed to load resource: net::ERR_FAILED @ chrome-extension://invalid/:0
[  156044ms] [ERROR] Failed to load resource: net::ERR_FAILED @ chrome-extension://invalid/:0
[  156160ms] [ERROR] Failed to load resource: net::ERR_FAILED @ chrome-extension://invalid/:0
[  156308ms] [ERROR] Failed to load resource: net::ERR_FAILED @ chrome-extension://invalid/:0
[  156417ms] [ERROR] Failed to load resource: net::ERR_FAILED @ chrome-extension://invalid/:0
[  156530ms] [ERROR] Failed to load resource: net::ERR_FAILED @ chrome-extension://invalid/:0
[  156640ms] [ERROR] Failed to load resource: net::ERR_FAILED @ chrome-extension://invalid/:0
[  156745ms] [ERROR] Failed to load resource: net::ERR_FAILED @ chrome-extension://invalid/:0
[  156873ms] [ERROR] Failed to load resource: net::ERR_FAILED @ chrome-extension://invalid/:0
[  156980ms] [ERROR] Failed to load resource: net::ERR_FAILED @ chrome-extension://invalid/:0
[  157095ms] [ERROR] Failed to load resource: net::ERR_FAILED @ chrome-extension://invalid/:0
[  157201ms] [ERROR] Failed to load resource: net::ERR_FAILED @ chrome-extension://invalid/:0
[  157307ms] [ERROR] Failed to load resource: net::ERR_FAILED @ chrome-extension://invalid/:0
[  157418ms] [ERROR] Failed to load resource: net::ERR_FAILED @ chrome-extension://invalid/:0
[  157536ms] [ERROR] Failed to load resource: net::ERR_FAILED @ chrome-extension://invalid/:0
[  157652ms] [ERROR] Failed to load resource: net::ERR_FAILED @ chrome-extension://invalid/:0
[  157761ms] [ERROR] Failed to load resource: net::ERR_FAILED @ chrome-extension://invalid/:0
[  157866ms] [ERROR] Failed to load resource: net::ERR_FAILED @ chrome-extension://invalid/:0
[  157975ms] [ERROR] Failed to load resource: net::ERR_FAILED @ chrome-extension://invalid/:0
[  158088ms] [ERROR] Failed to load resource: net::ERR_FAILED @ chrome-extension://invalid/:0
[  158196ms] [ERROR] Failed to load resource: net::ERR_FAILED @ chrome-extension://invalid/:0
[  158346ms] [ERROR] Failed to load resource: net::ERR_FAILED @ chrome-extension://invalid/:0
[  158462ms] [ERROR] Failed to load resource: net::ERR_FAILED @ chrome-extension://invalid/:0
[  158573ms] [ERROR] Failed to load resource: net::ERR_FAILED @ chrome-extension://invalid/:0
[  158683ms] [ERROR] Failed to load resource: net::ERR_FAILED @ chrome-extension://invalid/:0
[  158789ms] [ERROR] Failed to load resource: net::ERR_FAILED @ chrome-extension://invalid/:0
[  158909ms] [ERROR] Failed to load resource: net::ERR_FAILED @ chrome-extension://invalid/:0
[  159025ms] [ERROR] Failed to load resource: net::ERR_FAILED @ chrome-extension://invalid/:0
[  159139ms] [ERROR] Failed to load resource: net::ERR_FAILED @ chrome-extension://invalid/:0
[  159274ms] [ERROR] Failed to load resource: net::ERR_FAILED @ chrome-extension://invalid/:0
[  159383ms] [ERROR] Failed to load resource: net::ERR_FAILED @ chrome-extension://invalid/:0
[  159501ms] [ERROR] Failed to load resource: net::ERR_FAILED @ chrome-extension://invalid/:0
[  159614ms] [ERROR] Failed to load resource: net::ERR_FAILED @ chrome-extension://invalid/:0
[  159730ms] [ERROR] Failed to load resource: net::ERR_FAILED @ chrome-extension://invalid/:0
[  159841ms] [ERROR] Failed to load resource: net::ERR_FAILED @ chrome-extension://invalid/:0
[  159957ms] [ERROR] Failed to load resource: net::ERR_FAILED @ chrome-extension://invalid/:0
[  160066ms] [ERROR] Failed to load resource: net::ERR_FAILED @ chrome-extension://invalid/:0
[  160176ms] [ERROR] Failed to load resource: net::ERR_FAILED @ chrome-extension://invalid/:0
[  160298ms] [ERROR] Failed to load resource: net::ERR_FAILED @ chrome-extension://invalid/:0
[  160447ms] [ERROR] Failed to load resource: net::ERR_FAILED @ chrome-extension://invalid/:0
[  160577ms] [ERROR] Failed to load resource: net::ERR_FAILED @ chrome-extension://invalid/:0
[  160697ms] [ERROR] Failed to load resource: net::ERR_FAILED @ chrome-extension://invalid/:0
[  160800ms] [ERROR] Failed to load resource: net::ERR_FAILED @ chrome-extension://invalid/:0
[  161009ms] [ERROR] Failed to load resource: net::ERR_FAILED @ chrome-extension://invalid/:0
[  161173ms] [ERROR] Failed to load resource: net::ERR_FAILED @ chrome-extension://invalid/:0
[  161300ms] [ERROR] Failed to load resource: net::ERR_FAILED @ chrome-extension://invalid/:0
[  161411ms] [ERROR] Failed to load resource: net::ERR_FAILED @ chrome-extension://invalid/:0
[  161517ms] [ERROR] Failed to load resource: net::ERR_FAILED @ chrome-extension://invalid/:0
[  161622ms] [ERROR] Failed to load resource: net::ERR_FAILED @ chrome-extension://invalid/:0
[  161731ms] [ERROR] Failed to load resource: net::ERR_FAILED @ chrome-extension://invalid/:0
[  161847ms] [ERROR] Failed to load resource: net::ERR_FAILED @ chrome-extension://invalid/:0
[  161967ms] [ERROR] Failed to load resource: net::ERR_FAILED @ chrome-extension://invalid/:0
[  162075ms] [ERROR] Failed to load resource: net::ERR_FAILED @ chrome-extension://invalid/:0
[  162184ms] [ERROR] Failed to load resource: net::ERR_FAILED @ chrome-extension://invalid/:0
[  162298ms] [ERROR] Failed to load resource: net::ERR_FAILED @ chrome-extension://invalid/:0
[  162401ms] [ERROR] Failed to load resource: net::ERR_FAILED @ chrome-extension://invalid/:0
[  162515ms] [ERROR] Failed to load resource: net::ERR_FAILED @ chrome-extension://invalid/:0
[  162625ms] [ERROR] Failed to load resource: net::ERR_FAILED @ chrome-extension://invalid/:0
[  162729ms] [ERROR] Failed to load resource: net::ERR_FAILED @ chrome-extension://invalid/:0
[  162838ms] [ERROR] Failed to load resource: net::ERR_FAILED @ chrome-extension://invalid/:0
[  162952ms] [ERROR] Failed to load resource: net::ERR_FAILED @ chrome-extension://invalid/:0
[  163063ms] [ERROR] Failed to load resource: net::ERR_FAILED @ chrome-extension://invalid/:0
[  163171ms] [ERROR] Failed to load resource: net::ERR_FAILED @ chrome-extension://invalid/:0
[  163287ms] [ERROR] Failed to load resource: net::ERR_FAILED @ chrome-extension://invalid/:0
[  163395ms] [ERROR] Failed to load resource: net::ERR_FAILED @ chrome-extension://invalid/:0
[  163510ms] [ERROR] Failed to load resource: net::ERR_FAILED @ chrome-extension://invalid/:0
[  163617ms] [ERROR] Failed to load resource: net::ERR_FAILED @ chrome-extension://invalid/:0
[  163727ms] [ERROR] Failed to load resource: net::ERR_FAILED @ chrome-extension://invalid/:0
[  163837ms] [ERROR] Failed to load resource: net::ERR_FAILED @ chrome-extension://invalid/:0
[  163947ms] [ERROR] Failed to load resource: net::ERR_FAILED @ chrome-extension://invalid/:0
[  164056ms] [ERROR] Failed to load resource: net::ERR_FAILED @ chrome-extension://invalid/:0
[  164165ms] [ERROR] Failed to load resource: net::ERR_FAILED @ chrome-extension://invalid/:0
[  164266ms] [ERROR] Failed to load resource: net::ERR_FAILED @ chrome-extension://invalid/:0
[  164371ms] [ERROR] Failed to load resource: net::ERR_FAILED @ chrome-extension://invalid/:0
[  164479ms] [ERROR] Failed to load resource: net::ERR_FAILED @ chrome-extension://invalid/:0
[  164587ms] [ERROR] Failed to load resource: net::ERR_FAILED @ chrome-extension://invalid/:0
[  164697ms] [ERROR] Failed to load resource: net::ERR_FAILED @ chrome-extension://invalid/:0
[  164806ms] [ERROR] Failed to load resource: net::ERR_FAILED @ chrome-extension://invalid/:0
[  164916ms] [ERROR] Failed to load resource: net::ERR_FAILED @ chrome-extension://invalid/:0
[  165024ms] [ERROR] Failed to load resource: net::ERR_FAILED @ chrome-extension://invalid/:0
[  165134ms] [ERROR] Failed to load resource: net::ERR_FAILED @ chrome-extension://invalid/:0
[  165236ms] [ERROR] Failed to load resource: net::ERR_FAILED @ chrome-extension://invalid/:0
[  165349ms] [ERROR] Failed to load resource: net::ERR_FAILED @ chrome-extension://invalid/:0
[  165458ms] [ERROR] Failed to load resource: net::ERR_FAILED @ chrome-extension://invalid/:0
[  165565ms] [ERROR] Failed to load resource: net::ERR_FAILED @ chrome-extension://invalid/:0
[  165675ms] [ERROR] Failed to load resource: net::ERR_FAILED @ chrome-extension://invalid/:0
[  165783ms] [ERROR] Failed to load resource: net::ERR_FAILED @ chrome-extension://invalid/:0
[  165891ms] [ERROR] Failed to load resource: net::ERR_FAILED @ chrome-extension://invalid/:0
[  166000ms] [ERROR] Failed to load resource: net::ERR_FAILED @ chrome-extension://invalid/:0
[  166107ms] [ERROR] Failed to load resource: net::ERR_FAILED @ chrome-extension://invalid/:0
[  166212ms] [ERROR] Failed to load resource: net::ERR_FAILED @ chrome-extension://invalid/:0
[  166321ms] [ERROR] Failed to load resource: net::ERR_FAILED @ chrome-extension://invalid/:0
[  166435ms] [ERROR] Failed to load resource: net::ERR_FAILED @ chrome-extension://invalid/:0
[  166543ms] [ERROR] Failed to load resource: net::ERR_FAILED @ chrome-extension://invalid/:0
[  166651ms] [ERROR] Failed to load resource: net::ERR_FAILED @ chrome-extension://invalid/:0
[  166760ms] [ERROR] Failed to load resource: net::ERR_FAILED @ chrome-extension://invalid/:0
[  166869ms] [ERROR] Failed to load resource: net::ERR_FAILED @ chrome-extension://invalid/:0
[  166970ms] [ERROR] Failed to load resource: net::ERR_FAILED @ chrome-extension://invalid/:0
[  167074ms] [ERROR] Failed to load resource: net::ERR_FAILED @ chrome-extension://invalid/:0
[  167186ms] [ERROR] Failed to load resource: net::ERR_FAILED @ chrome-extension://invalid/:0
[  167297ms] [ERROR] Failed to load resource: net::ERR_FAILED @ chrome-extension://invalid/:0
[  167405ms] [ERROR] Failed to load resource: net::ERR_FAILED @ chrome-extension://invalid/:0
[  167514ms] [ERROR] Failed to load resource: net::ERR_FAILED @ chrome-extension://invalid/:0
[  167618ms] [ERROR] Failed to load resource: net::ERR_FAILED @ chrome-extension://invalid/:0
[  167727ms] [ERROR] Failed to load resource: net::ERR_FAILED @ chrome-extension://invalid/:0
[  167838ms] [ERROR] Failed to load resource: net::ERR_FAILED @ chrome-extension://invalid/:0
[  167947ms] [ERROR] Failed to load resource: net::ERR_FAILED @ chrome-extension://invalid/:0
[  168056ms] [ERROR] Failed to load resource: net::ERR_FAILED @ chrome-extension://invalid/:0
[  168165ms] [ERROR] Failed to load resource: net::ERR_FAILED @ chrome-extension://invalid/:0
[  168275ms] [ERROR] Failed to load resource: net::ERR_FAILED @ chrome-extension://invalid/:0
[  168383ms] [ERROR] Failed to load resource: net::ERR_FAILED @ chrome-extension://invalid/:0
[  168491ms] [ERROR] Failed to load resource: net::ERR_FAILED @ chrome-extension://invalid/:0
[  168600ms] [ERROR] Failed to load resource: net::ERR_FAILED @ chrome-extension://invalid/:0
[  168702ms] [ERROR] Failed to load resource: net::ERR_FAILED @ chrome-extension://invalid/:0
[  168803ms] [ERROR] Failed to load resource: net::ERR_FAILED @ chrome-extension://invalid/:0
[  168915ms] [ERROR] Failed to load resource: net::ERR_FAILED @ chrome-extension://invalid/:0
[  169025ms] [ERROR] Failed to load resource: net::ERR_FAILED @ chrome-extension://invalid/:0
[  169134ms] [ERROR] Failed to load resource: net::ERR_FAILED @ chrome-extension://invalid/:0
[  169236ms] [ERROR] Failed to load resource: net::ERR_FAILED @ chrome-extension://invalid/:0
[  169337ms] [ERROR] Failed to load resource: net::ERR_FAILED @ chrome-extension://invalid/:0
[  169446ms] [ERROR] Failed to load resource: net::ERR_FAILED @ chrome-extension://invalid/:0
[  169557ms] [ERROR] Failed to load resource: net::ERR_FAILED @ chrome-extension://invalid/:0
[  169669ms] [ERROR] Failed to load resource: net::ERR_FAILED @ chrome-extension://invalid/:0
[  169777ms] [ERROR] Failed to load resource: net::ERR_FAILED @ chrome-extension://invalid/:0
[  169887ms] [ERROR] Failed to load resource: net::ERR_FAILED @ chrome-extension://invalid/:0
[  169994ms] [ERROR] Failed to load resource: net::ERR_FAILED @ chrome-extension://invalid/:0
[  170103ms] [ERROR] Failed to load resource: net::ERR_FAILED @ chrome-extension://invalid/:0
[  170212ms] [ERROR] Failed to load resource: net::ERR_FAILED @ chrome-extension://invalid/:0
[  170314ms] [ERROR] Failed to load resource: net::ERR_FAILED @ chrome-extension://invalid/:0
[  170430ms] [ERROR] Failed to load resource: net::ERR_FAILED @ chrome-extension://invalid/:0
[  170531ms] [ERROR] Failed to load resource: net::ERR_FAILED @ chrome-extension://invalid/:0
[  170647ms] [ERROR] Failed to load resource: net::ERR_FAILED @ chrome-extension://invalid/:0
[  170756ms] [ERROR] Failed to load resource: net::ERR_FAILED @ chrome-extension://invalid/:0
[  170864ms] [ERROR] Failed to load resource: net::ERR_FAILED @ chrome-extension://invalid/:0
[  170973ms] [ERROR] Failed to load resource: net::ERR_FAILED @ chrome-extension://invalid/:0
[  171084ms] [ERROR] Failed to load resource: net::ERR_FAILED @ chrome-extension://invalid/:0
[  171185ms] [ERROR] Failed to load resource: net::ERR_FAILED @ chrome-extension://invalid/:0
[  171287ms] [ERROR] Failed to load resource: net::ERR_FAILED @ chrome-extension://invalid/:0
[  171396ms] [ERROR] Failed to load resource: net::ERR_FAILED @ chrome-extension://invalid/:0
[  171506ms] [ERROR] Failed to load resource: net::ERR_FAILED @ chrome-extension://invalid/:0
[  171615ms] [ERROR] Failed to load resource: net::ERR_FAILED @ chrome-extension://invalid/:0
[  171724ms] [ERROR] Failed to load resource: net::ERR_FAILED @ chrome-extension://invalid/:0
[  171833ms] [ERROR] Failed to load resource: net::ERR_FAILED @ chrome-extension://invalid/:0
[  171942ms] [ERROR] Failed to load resource: net::ERR_FAILED @ chrome-extension://invalid/:0
[  172050ms] [ERROR] Failed to load resource: net::ERR_FAILED @ chrome-extension://invalid/:0
[  172159ms] [ERROR] Failed to load resource: net::ERR_FAILED @ chrome-extension://invalid/:0
[  172268ms] [ERROR] Failed to load resource: net::ERR_FAILED @ chrome-extension://invalid/:0
[  172377ms] [ERROR] Failed to load resource: net::ERR_FAILED @ chrome-extension://invalid/:0
[  172486ms] [ERROR] Failed to load resource: net::ERR_FAILED @ chrome-extension://invalid/:0
[  172596ms] [ERROR] Failed to load resource: net::ERR_FAILED @ chrome-extension://invalid/:0
[  172705ms] [ERROR] Failed to load resource: net::ERR_FAILED @ chrome-extension://invalid/:0
[  172816ms] [ERROR] Failed to load resource: net::ERR_FAILED @ chrome-extension://invalid/:0
[  172925ms] [ERROR] Failed to load resource: net::ERR_FAILED @ chrome-extension://invalid/:0
[  173036ms] [ERROR] Failed to load resource: net::ERR_FAILED @ chrome-extension://invalid/:0
[  173144ms] [ERROR] Failed to load resource: net::ERR_FAILED @ chrome-extension://invalid/:0
[  173254ms] [ERROR] Failed to load resource: net::ERR_FAILED @ chrome-extension://invalid/:0
[  173363ms] [ERROR] Failed to load resource: net::ERR_FAILED @ chrome-extension://invalid/:0
[  173471ms] [ERROR] Failed to load resource: net::ERR_FAILED @ chrome-extension://invalid/:0
[  173580ms] [ERROR] Failed to load resource: net::ERR_FAILED @ chrome-extension://invalid/:0
[  173691ms] [ERROR] Failed to load resource: net::ERR_FAILED @ chrome-extension://invalid/:0
[  173799ms] [ERROR] Failed to load resource: net::ERR_FAILED @ chrome-extension://invalid/:0
[  173907ms] [ERROR] Failed to load resource: net::ERR_FAILED @ chrome-extension://invalid/:0
[  174017ms] [ERROR] Failed to load resource: net::ERR_FAILED @ chrome-extension://invalid/:0
[  174124ms] [ERROR] Failed to load resource: net::ERR_FAILED @ chrome-extension://invalid/:0
[  174227ms] [ERROR] Failed to load resource: net::ERR_FAILED @ chrome-extension://invalid/:0
[  174328ms] [ERROR] Failed to load resource: net::ERR_FAILED @ chrome-extension://invalid/:0
[  174435ms] [ERROR] Failed to load resource: net::ERR_FAILED @ chrome-extension://invalid/:0
[  174543ms] [ERROR] Failed to load resource: net::ERR_FAILED @ chrome-extension://invalid/:0
[  174651ms] [ERROR] Failed to load resource: net::ERR_FAILED @ chrome-extension://invalid/:0
[  174760ms] [ERROR] Failed to load resource: net::ERR_FAILED @ chrome-extension://invalid/:0
[  174869ms] [ERROR] Failed to load resource: net::ERR_FAILED @ chrome-extension://invalid/:0
[  174979ms] [ERROR] Failed to load resource: net::ERR_FAILED @ chrome-extension://invalid/:0
[  175087ms] [ERROR] Failed to load resource: net::ERR_FAILED @ chrome-extension://invalid/:0
[  175195ms] [ERROR] Failed to load resource: net::ERR_FAILED @ chrome-extension://invalid/:0
[  175296ms] [ERROR] Failed to load resource: net::ERR_FAILED @ chrome-extension://invalid/:0
[  175399ms] [ERROR] Failed to load resource: net::ERR_FAILED @ chrome-extension://invalid/:0
[  175506ms] [ERROR] Failed to load resource: net::ERR_FAILED @ chrome-extension://invalid/:0
[  175613ms] [ERROR] Failed to load resource: net::ERR_FAILED @ chrome-extension://invalid/:0
[  175722ms] [ERROR] Failed to load resource: net::ERR_FAILED @ chrome-extension://invalid/:0
[  175829ms] [ERROR] Failed to load resource: net::ERR_FAILED @ chrome-extension://invalid/:0
[  175937ms] [ERROR] Failed to load resource: net::ERR_FAILED @ chrome-extension://invalid/:0
[  176044ms] [ERROR] Failed to load resource: net::ERR_FAILED @ chrome-extension://invalid/:0
[  176145ms] [ERROR] Failed to load resource: net::ERR_FAILED @ chrome-extension://invalid/:0
[  176260ms] [ERROR] Failed to load resource: net::ERR_FAILED @ chrome-extension://invalid/:0
[  176371ms] [ERROR] Failed to load resource: net::ERR_FAILED @ chrome-extension://invalid/:0
[  176481ms] [ERROR] Failed to load resource: net::ERR_FAILED @ chrome-extension://invalid/:0
[  176591ms] [ERROR] Failed to load resource: net::ERR_FAILED @ chrome-extension://invalid/:0
[  176701ms] [ERROR] Failed to load resource: net::ERR_FAILED @ chrome-extension://invalid/:0
[  176803ms] [ERROR] Failed to load resource: net::ERR_FAILED @ chrome-extension://invalid/:0
[  176904ms] [ERROR] Failed to load resource: net::ERR_FAILED @ chrome-extension://invalid/:0
[  177012ms] [ERROR] Failed to load resource: net::ERR_FAILED @ chrome-extension://invalid/:0
[  177117ms] [ERROR] Failed to load resource: net::ERR_FAILED @ chrome-extension://invalid/:0
[  177227ms] [ERROR] Failed to load resource: net::ERR_FAILED @ chrome-extension://invalid/:0
[  177338ms] [ERROR] Failed to load resource: net::ERR_FAILED @ chrome-extension://invalid/:0
[  177446ms] [ERROR] Failed to load resource: net::ERR_FAILED @ chrome-extension://invalid/:0
[  177555ms] [ERROR] Failed to load resource: net::ERR_FAILED @ chrome-extension://invalid/:0
[  177665ms] [ERROR] Failed to load resource: net::ERR_FAILED @ chrome-extension://invalid/:0
[  177774ms] [ERROR] Failed to load resource: net::ERR_FAILED @ chrome-extension://invalid/:0
[  177875ms] [ERROR] Failed to load resource: net::ERR_FAILED @ chrome-extension://invalid/:0
[  177977ms] [ERROR] Failed to load resource: net::ERR_FAILED @ chrome-extension://invalid/:0
[  178087ms] [ERROR] Failed to load resource: net::ERR_FAILED @ chrome-extension://invalid/:0
[  178194ms] [ERROR] Failed to load resource: net::ERR_FAILED @ chrome-extension://invalid/:0
[  178295ms] [ERROR] Failed to load resource: net::ERR_FAILED @ chrome-extension://invalid/:0
[  178411ms] [ERROR] Failed to load resource: net::ERR_FAILED @ chrome-extension://invalid/:0
[  178521ms] [ERROR] Failed to load resource: net::ERR_FAILED @ chrome-extension://invalid/:0
[  178630ms] [ERROR] Failed to load resource: net::ERR_FAILED @ chrome-extension://invalid/:0
[  178731ms] [ERROR] Failed to load resource: net::ERR_FAILED @ chrome-extension://invalid/:0
[  178833ms] [ERROR] Failed to load resource: net::ERR_FAILED @ chrome-extension://invalid/:0
[  178941ms] [ERROR] Failed to load resource: net::ERR_FAILED @ chrome-extension://invalid/:0
[  179043ms] [ERROR] Failed to load resource: net::ERR_FAILED @ chrome-extension://invalid/:0
[  179147ms] [ERROR] Failed to load resource: net::ERR_FAILED @ chrome-extension://invalid/:0
[  179255ms] [ERROR] Failed to load resource: net::ERR_FAILED @ chrome-extension://invalid/:0
[  179365ms] [ERROR] Failed to load resource: net::ERR_FAILED @ chrome-extension://invalid/:0
[  179472ms] [ERROR] Failed to load resource: net::ERR_FAILED @ chrome-extension://invalid/:0
[  179582ms] [ERROR] Failed to load resource: net::ERR_FAILED @ chrome-extension://invalid/:0
[  179692ms] [ERROR] Failed to load resource: net::ERR_FAILED @ chrome-extension://invalid/:0
[  179793ms] [ERROR] Failed to load resource: net::ERR_FAILED @ chrome-extension://invalid/:0
[  179897ms] [ERROR] Failed to load resource: net::ERR_FAILED @ chrome-extension://invalid/:0
[  180007ms] [ERROR] Failed to load resource: net::ERR_FAILED @ chrome-extension://invalid/:0
[  180118ms] [ERROR] Failed to load resource: net::ERR_FAILED @ chrome-extension://invalid/:0
[  180227ms] [ERROR] Failed to load resource: net::ERR_FAILED @ chrome-extension://invalid/:0
[  180334ms] [ERROR] Failed to load resource: net::ERR_FAILED @ chrome-extension://invalid/:0
[  180444ms] [ERROR] Failed to load resource: net::ERR_FAILED @ chrome-extension://invalid/:0
[  180553ms] [ERROR] Failed to load resource: net::ERR_FAILED @ chrome-extension://invalid/:0
[  180661ms] [ERROR] Failed to load resource: net::ERR_FAILED @ chrome-extension://invalid/:0
[  180770ms] [ERROR] Failed to load resource: net::ERR_FAILED @ chrome-extension://invalid/:0
[  180872ms] [ERROR] Failed to load resource: net::ERR_FAILED @ chrome-extension://invalid/:0
[  180973ms] [ERROR] Failed to load resource: net::ERR_FAILED @ chrome-extension://invalid/:0
[  181084ms] [ERROR] Failed to load resource: net::ERR_FAILED @ chrome-extension://invalid/:0
[  181195ms] [ERROR] Failed to load resource: net::ERR_FAILED @ chrome-extension://invalid/:0
[  181306ms] [ERROR] Failed to load resource: net::ERR_FAILED @ chrome-extension://invalid/:0
[  181415ms] [ERROR] Failed to load resource: net::ERR_FAILED @ chrome-extension://invalid/:0
[  181524ms] [ERROR] Failed to load resource: net::ERR_FAILED @ chrome-extension://invalid/:0
[  181631ms] [ERROR] Failed to load resource: net::ERR_FAILED @ chrome-extension://invalid/:0
[  181740ms] [ERROR] Failed to load resource: net::ERR_FAILED @ chrome-extension://invalid/:0
[  181849ms] [ERROR] Failed to load resource: net::ERR_FAILED @ chrome-extension://invalid/:0
[  181955ms] [ERROR] Failed to load resource: net::ERR_FAILED @ chrome-extension://invalid/:0
[  182067ms] [ERROR] Failed to load resource: net::ERR_FAILED @ chrome-extension://invalid/:0
[  182176ms] [ERROR] Failed to load resource: net::ERR_FAILED @ chrome-extension://invalid/:0
[  182286ms] [ERROR] Failed to load resource: net::ERR_FAILED @ chrome-extension://invalid/:0
[  182387ms] [ERROR] Failed to load resource: net::ERR_FAILED @ chrome-extension://invalid/:0
[  182494ms] [ERROR] Failed to load resource: net::ERR_FAILED @ chrome-extension://invalid/:0
[  182602ms] [ERROR] Failed to load resource: net::ERR_FAILED @ chrome-extension://invalid/:0
[  182708ms] [ERROR] Failed to load resource: net::ERR_FAILED @ chrome-extension://invalid/:0
[  182816ms] [ERROR] Failed to load resource: net::ERR_FAILED @ chrome-extension://invalid/:0
[  182925ms] [ERROR] Failed to load resource: net::ERR_FAILED @ chrome-extension://invalid/:0
[  183035ms] [ERROR] Failed to load resource: net::ERR_FAILED @ chrome-extension://invalid/:0
[  183143ms] [ERROR] Failed to load resource: net::ERR_FAILED @ chrome-extension://invalid/:0
[  183252ms] [ERROR] Failed to load resource: net::ERR_FAILED @ chrome-extension://invalid/:0
[  183354ms] [ERROR] Failed to load resource: net::ERR_FAILED @ chrome-extension://invalid/:0
[  183458ms] [ERROR] Failed to load resource: net::ERR_FAILED @ chrome-extension://invalid/:0
[  183566ms] [ERROR] Failed to load resource: net::ERR_FAILED @ chrome-extension://invalid/:0
[  183677ms] [ERROR] Failed to load resource: net::ERR_FAILED @ chrome-extension://invalid/:0
[  183785ms] [ERROR] Failed to load resource: net::ERR_FAILED @ chrome-extension://invalid/:0
[  183893ms] [ERROR] Failed to load resource: net::ERR_FAILED @ chrome-extension://invalid/:0
[  184004ms] [ERROR] Failed to load resource: net::ERR_FAILED @ chrome-extension://invalid/:0
[  184113ms] [ERROR] Failed to load resource: net::ERR_FAILED @ chrome-extension://invalid/:0
[  184221ms] [ERROR] Failed to load resource: net::ERR_FAILED @ chrome-extension://invalid/:0
[  184330ms] [ERROR] Failed to load resource: net::ERR_FAILED @ chrome-extension://invalid/:0
[  184438ms] [ERROR] Failed to load resource: net::ERR_FAILED @ chrome-extension://invalid/:0
[  184550ms] [ERROR] Failed to load resource: net::ERR_FAILED @ chrome-extension://invalid/:0
[  184658ms] [ERROR] Failed to load resource: net::ERR_FAILED @ chrome-extension://invalid/:0
[  184768ms] [ERROR] Failed to load resource: net::ERR_FAILED @ chrome-extension://invalid/:0
[  184878ms] [ERROR] Failed to load resource: net::ERR_FAILED @ chrome-extension://invalid/:0
[  184988ms] [ERROR] Failed to load resource: net::ERR_FAILED @ chrome-extension://invalid/:0
[  185097ms] [ERROR] Failed to load resource: net::ERR_FAILED @ chrome-extension://invalid/:0
[  185205ms] [ERROR] Failed to load resource: net::ERR_FAILED @ chrome-extension://invalid/:0
[  185315ms] [ERROR] Failed to load resource: net::ERR_FAILED @ chrome-extension://invalid/:0
[  185423ms] [ERROR] Failed to load resource: net::ERR_FAILED @ chrome-extension://invalid/:0
[  185524ms] [ERROR] Failed to load resource: net::ERR_FAILED @ chrome-extension://invalid/:0
[  185625ms] [ERROR] Failed to load resource: net::ERR_FAILED @ chrome-extension://invalid/:0
[  185726ms] [ERROR] Failed to load resource: net::ERR_FAILED @ chrome-extension://invalid/:0
[  185842ms] [ERROR] Failed to load resource: net::ERR_FAILED @ chrome-extension://invalid/:0
[  185952ms] [ERROR] Failed to load resource: net::ERR_FAILED @ chrome-extension://invalid/:0
[  186064ms] [ERROR] Failed to load resource: net::ERR_FAILED @ chrome-extension://invalid/:0
[  186171ms] [ERROR] Failed to load resource: net::ERR_FAILED @ chrome-extension://invalid/:0
[  186280ms] [ERROR] Failed to load resource: net::ERR_FAILED @ chrome-extension://invalid/:0
[  186382ms] [ERROR] Failed to load resource: net::ERR_FAILED @ chrome-extension://invalid/:0
[  186484ms] [ERROR] Failed to load resource: net::ERR_FAILED @ chrome-extension://invalid/:0
[  186594ms] [ERROR] Failed to load resource: net::ERR_FAILED @ chrome-extension://invalid/:0
[  186702ms] [ERROR] Failed to load resource: net::ERR_FAILED @ chrome-extension://invalid/:0
[  186812ms] [ERROR] Failed to load resource: net::ERR_FAILED @ chrome-extension://invalid/:0
[  186914ms] [ERROR] Failed to load resource: net::ERR_FAILED @ chrome-extension://invalid/:0
[  187028ms] [ERROR] Failed to load resource: net::ERR_FAILED @ chrome-extension://invalid/:0
[  187140ms] [ERROR] Failed to load resource: net::ERR_FAILED @ chrome-extension://invalid/:0
[  187241ms] [ERROR] Failed to load resource: net::ERR_FAILED @ chrome-extension://invalid/:0
[  187344ms] [ERROR] Failed to load resource: net::ERR_FAILED @ chrome-extension://invalid/:0
[  187451ms] [ERROR] Failed to load resource: net::ERR_FAILED @ chrome-extension://invalid/:0
[  187560ms] [ERROR] Failed to load resource: net::ERR_FAILED @ chrome-extension://invalid/:0
[  187669ms] [ERROR] Failed to load resource: net::ERR_FAILED @ chrome-extension://invalid/:0
[  187778ms] [ERROR] Failed to load resource: net::ERR_FAILED @ chrome-extension://invalid/:0
[  187886ms] [ERROR] Failed to load resource: net::ERR_FAILED @ chrome-extension://invalid/:0
[  187988ms] [ERROR] Failed to load resource: net::ERR_FAILED @ chrome-extension://invalid/:0
[  188102ms] [ERROR] Failed to load resource: net::ERR_FAILED @ chrome-extension://invalid/:0
[  188211ms] [ERROR] Failed to load resource: net::ERR_FAILED @ chrome-extension://invalid/:0
[  188321ms] [ERROR] Failed to load resource: net::ERR_FAILED @ chrome-extension://invalid/:0
[  188430ms] [ERROR] Failed to load resource: net::ERR_FAILED @ chrome-extension://invalid/:0
[  188544ms] [ERROR] Failed to load resource: net::ERR_FAILED @ chrome-extension://invalid/:0
[  188653ms] [ERROR] Failed to load resource: net::ERR_FAILED @ chrome-extension://invalid/:0
[  188761ms] [ERROR] Failed to load resource: net::ERR_FAILED @ chrome-extension://invalid/:0
[  188869ms] [ERROR] Failed to load resource: net::ERR_FAILED @ chrome-extension://invalid/:0
[  188970ms] [ERROR] Failed to load resource: net::ERR_FAILED @ chrome-extension://invalid/:0
[  189072ms] [ERROR] Failed to load resource: net::ERR_FAILED @ chrome-extension://invalid/:0
[  189180ms] [ERROR] Failed to load resource: net::ERR_FAILED @ chrome-extension://invalid/:0
[  189288ms] [ERROR] Failed to load resource: net::ERR_FAILED @ chrome-extension://invalid/:0
[  189390ms] [ERROR] Failed to load resource: net::ERR_FAILED @ chrome-extension://invalid/:0
[  189492ms] [ERROR] Failed to load resource: net::ERR_FAILED @ chrome-extension://invalid/:0
[  189599ms] [ERROR] Failed to load resource: net::ERR_FAILED @ chrome-extension://invalid/:0
[  189701ms] [ERROR] Failed to load resource: net::ERR_FAILED @ chrome-extension://invalid/:0
[  189814ms] [ERROR] Failed to load resource: net::ERR_FAILED @ chrome-extension://invalid/:0
[  189915ms] [ERROR] Failed to load resource: net::ERR_FAILED @ chrome-extension://invalid/:0
[  190017ms] [ERROR] Failed to load resource: net::ERR_FAILED @ chrome-extension://invalid/:0
[  190127ms] [ERROR] Failed to load resource: net::ERR_FAILED @ chrome-extension://invalid/:0
[  190237ms] [ERROR] Failed to load resource: net::ERR_FAILED @ chrome-extension://invalid/:0
[  190345ms] [ERROR] Failed to load resource: net::ERR_FAILED @ chrome-extension://invalid/:0
[  190456ms] [ERROR] Failed to load resource: net::ERR_FAILED @ chrome-extension://invalid/:0
[  190566ms] [ERROR] Failed to load resource: net::ERR_FAILED @ chrome-extension://invalid/:0
[  190674ms] [ERROR] Failed to load resource: net::ERR_FAILED @ chrome-extension://invalid/:0
[  190783ms] [ERROR] Failed to load resource: net::ERR_FAILED @ chrome-extension://invalid/:0
[  190890ms] [ERROR] Failed to load resource: net::ERR_FAILED @ chrome-extension://invalid/:0
[  191000ms] [ERROR] Failed to load resource: net::ERR_FAILED @ chrome-extension://invalid/:0
[  191108ms] [ERROR] Failed to load resource: net::ERR_FAILED @ chrome-extension://invalid/:0
[  191219ms] [ERROR] Failed to load resource: net::ERR_FAILED @ chrome-extension://invalid/:0
[  191321ms] [ERROR] Failed to load resource: net::ERR_FAILED @ chrome-extension://invalid/:0
[  191422ms] [ERROR] Failed to load resource: net::ERR_FAILED @ chrome-extension://invalid/:0
[  191524ms] [ERROR] Failed to load resource: net::ERR_FAILED @ chrome-extension://invalid/:0
[  191638ms] [ERROR] Failed to load resource: net::ERR_FAILED @ chrome-extension://invalid/:0
[  191751ms] [ERROR] Failed to load resource: net::ERR_FAILED @ chrome-extension://invalid/:0
[  191856ms] [ERROR] Failed to load resource: net::ERR_FAILED @ chrome-extension://invalid/:0
[  191967ms] [ERROR] Failed to load resource: net::ERR_FAILED @ chrome-extension://invalid/:0
[  192076ms] [ERROR] Failed to load resource: net::ERR_FAILED @ chrome-extension://invalid/:0
[  192187ms] [ERROR] Failed to load resource: net::ERR_FAILED @ chrome-extension://invalid/:0
[  192294ms] [ERROR] Failed to load resource: net::ERR_FAILED @ chrome-extension://invalid/:0
[  192396ms] [ERROR] Failed to load resource: net::ERR_FAILED @ chrome-extension://invalid/:0
[  192511ms] [ERROR] Failed to load resource: net::ERR_FAILED @ chrome-extension://invalid/:0
[  192618ms] [ERROR] Failed to load resource: net::ERR_FAILED @ chrome-extension://invalid/:0
[  192726ms] [ERROR] Failed to load resource: net::ERR_FAILED @ chrome-extension://invalid/:0
[  192840ms] [ERROR] Failed to load resource: net::ERR_FAILED @ chrome-extension://invalid/:0
[  192949ms] [ERROR] Failed to load resource: net::ERR_FAILED @ chrome-extension://invalid/:0
[  193062ms] [ERROR] Failed to load resource: net::ERR_FAILED @ chrome-extension://invalid/:0
[  193163ms] [ERROR] Failed to load resource: net::ERR_FAILED @ chrome-extension://invalid/:0
[  193265ms] [ERROR] Failed to load resource: net::ERR_FAILED @ chrome-extension://invalid/:0
[  193373ms] [ERROR] Failed to load resource: net::ERR_FAILED @ chrome-extension://invalid/:0
[  193484ms] [ERROR] Failed to load resource: net::ERR_FAILED @ chrome-extension://invalid/:0
[  193591ms] [ERROR] Failed to load resource: net::ERR_FAILED @ chrome-extension://invalid/:0
[  193700ms] [ERROR] Failed to load resource: net::ERR_FAILED @ chrome-extension://invalid/:0
[  193810ms] [ERROR] Failed to load resource: net::ERR_FAILED @ chrome-extension://invalid/:0
[  193912ms] [ERROR] Failed to load resource: net::ERR_FAILED @ chrome-extension://invalid/:0
[  194025ms] [ERROR] Failed to load resource: net::ERR_FAILED @ chrome-extension://invalid/:0
[  194126ms] [ERROR] Failed to load resource: net::ERR_FAILED @ chrome-extension://invalid/:0
[  194228ms] [ERROR] Failed to load resource: net::ERR_FAILED @ chrome-extension://invalid/:0
[  194341ms] [ERROR] Failed to load resource: net::ERR_FAILED @ chrome-extension://invalid/:0
[  194449ms] [ERROR] Failed to load resource: net::ERR_FAILED @ chrome-extension://invalid/:0
[  194557ms] [ERROR] Failed to load resource: net::ERR_FAILED @ chrome-extension://invalid/:0
[  194665ms] [ERROR] Failed to load resource: net::ERR_FAILED @ chrome-extension://invalid/:0
[  194766ms] [ERROR] Failed to load resource: net::ERR_FAILED @ chrome-extension://invalid/:0
[  194867ms] [ERROR] Failed to load resource: net::ERR_FAILED @ chrome-extension://invalid/:0
[  194975ms] [ERROR] Failed to load resource: net::ERR_FAILED @ chrome-extension://invalid/:0
[  195085ms] [ERROR] Failed to load resource: net::ERR_FAILED @ chrome-extension://invalid/:0
[  195193ms] [ERROR] Failed to load resource: net::ERR_FAILED @ chrome-extension://invalid/:0
[  195300ms] [ERROR] Failed to load resource: net::ERR_FAILED @ chrome-extension://invalid/:0
[  195401ms] [ERROR] Failed to load resource: net::ERR_FAILED @ chrome-extension://invalid/:0
[  195516ms] [ERROR] Failed to load resource: net::ERR_FAILED @ chrome-extension://invalid/:0
[  195618ms] [ERROR] Failed to load resource: net::ERR_FAILED @ chrome-extension://invalid/:0
[  195719ms] [ERROR] Failed to load resource: net::ERR_FAILED @ chrome-extension://invalid/:0
[  195820ms] [ERROR] Failed to load resource: net::ERR_FAILED @ chrome-extension://invalid/:0
[  195921ms] [ERROR] Failed to load resource: net::ERR_FAILED @ chrome-extension://invalid/:0
[  196025ms] [ERROR] Failed to load resource: net::ERR_FAILED @ chrome-extension://invalid/:0
[  196141ms] [ERROR] Failed to load resource: net::ERR_FAILED @ chrome-extension://invalid/:0
[  196249ms] [ERROR] Failed to load resource: net::ERR_FAILED @ chrome-extension://invalid/:0
[  196359ms] [ERROR] Failed to load resource: net::ERR_FAILED @ chrome-extension://invalid/:0
[  196466ms] [ERROR] Failed to load resource: net::ERR_FAILED @ chrome-extension://invalid/:0
[  196578ms] [ERROR] Failed to load resource: net::ERR_FAILED @ chrome-extension://invalid/:0
[  196687ms] [ERROR] Failed to load resource: net::ERR_FAILED @ chrome-extension://invalid/:0
[  196798ms] [ERROR] Failed to load resource: net::ERR_FAILED @ chrome-extension://invalid/:0
[  196907ms] [ERROR] Failed to load resource: net::ERR_FAILED @ chrome-extension://invalid/:0
[  197016ms] [ERROR] Failed to load resource: net::ERR_FAILED @ chrome-extension://invalid/:0
[  197117ms] [ERROR] Failed to load resource: net::ERR_FAILED @ chrome-extension://invalid/:0
[  197219ms] [ERROR] Failed to load resource: net::ERR_FAILED @ chrome-extension://invalid/:0
[  197321ms] [ERROR] Failed to load resource: net::ERR_FAILED @ chrome-extension://invalid/:0
[  197437ms] [ERROR] Failed to load resource: net::ERR_FAILED @ chrome-extension://invalid/:0
[  197539ms] [ERROR] Failed to load resource: net::ERR_FAILED @ chrome-extension://invalid/:0
[  197643ms] [ERROR] Failed to load resource: net::ERR_FAILED @ chrome-extension://invalid/:0
[  197754ms] [ERROR] Failed to load resource: net::ERR_FAILED @ chrome-extension://invalid/:0
[  197861ms] [ERROR] Failed to load resource: net::ERR_FAILED @ chrome-extension://invalid/:0
[  197962ms] [ERROR] Failed to load resource: net::ERR_FAILED @ chrome-extension://invalid/:0
[  198064ms] [ERROR] Failed to load resource: net::ERR_FAILED @ chrome-extension://invalid/:0
[  198172ms] [ERROR] Failed to load resource: net::ERR_FAILED @ chrome-extension://invalid/:0
[  198280ms] [ERROR] Failed to load resource: net::ERR_FAILED @ chrome-extension://invalid/:0
[  198390ms] [ERROR] Failed to load resource: net::ERR_FAILED @ chrome-extension://invalid/:0
[  198498ms] [ERROR] Failed to load resource: net::ERR_FAILED @ chrome-extension://invalid/:0
[  198608ms] [ERROR] Failed to load resource: net::ERR_FAILED @ chrome-extension://invalid/:0
[  198715ms] [ERROR] Failed to load resource: net::ERR_FAILED @ chrome-extension://invalid/:0
[  198822ms] [ERROR] Failed to load resource: net::ERR_FAILED @ chrome-extension://invalid/:0
[  198929ms] [ERROR] Failed to load resource: net::ERR_FAILED @ chrome-extension://invalid/:0
[  199039ms] [ERROR] Failed to load resource: net::ERR_FAILED @ chrome-extension://invalid/:0
[  199147ms] [ERROR] Failed to load resource: net::ERR_FAILED @ chrome-extension://invalid/:0
[  199257ms] [ERROR] Failed to load resource: net::ERR_FAILED @ chrome-extension://invalid/:0
[  199364ms] [ERROR] Failed to load resource: net::ERR_FAILED @ chrome-extension://invalid/:0
[  199471ms] [ERROR] Failed to load resource: net::ERR_FAILED @ chrome-extension://invalid/:0
[  199579ms] [ERROR] Failed to load resource: net::ERR_FAILED @ chrome-extension://invalid/:0
[  199681ms] [ERROR] Failed to load resource: net::ERR_FAILED @ chrome-extension://invalid/:0
[  199783ms] [ERROR] Failed to load resource: net::ERR_FAILED @ chrome-extension://invalid/:0
[  199892ms] [ERROR] Failed to load resource: net::ERR_FAILED @ chrome-extension://invalid/:0
[  199992ms] [ERROR] Failed to load resource: net::ERR_FAILED @ chrome-extension://invalid/:0
[  200108ms] [ERROR] Failed to load resource: net::ERR_FAILED @ chrome-extension://invalid/:0
[  200215ms] [ERROR] Failed to load resource: net::ERR_FAILED @ chrome-extension://invalid/:0
[  200321ms] [ERROR] Failed to load resource: net::ERR_FAILED @ chrome-extension://invalid/:0
[  200435ms] [ERROR] Failed to load resource: net::ERR_FAILED @ chrome-extension://invalid/:0
[  200541ms] [ERROR] Failed to load resource: net::ERR_FAILED @ chrome-extension://invalid/:0
[  200651ms] [ERROR] Failed to load resource: net::ERR_FAILED @ chrome-extension://invalid/:0
[  200759ms] [ERROR] Failed to load resource: net::ERR_FAILED @ chrome-extension://invalid/:0
[  200868ms] [ERROR] Failed to load resource: net::ERR_FAILED @ chrome-extension://invalid/:0
[  200979ms] [ERROR] Failed to load resource: net::ERR_FAILED @ chrome-extension://invalid/:0
[  201090ms] [ERROR] Failed to load resource: net::ERR_FAILED @ chrome-extension://invalid/:0
[  201199ms] [ERROR] Failed to load resource: net::ERR_FAILED @ chrome-extension://invalid/:0
[  201307ms] [ERROR] Failed to load resource: net::ERR_FAILED @ chrome-extension://invalid/:0
[  201414ms] [ERROR] Failed to load resource: net::ERR_FAILED @ chrome-extension://invalid/:0
[  201523ms] [ERROR] Failed to load resource: net::ERR_FAILED @ chrome-extension://invalid/:0
[  201623ms] [ERROR] Failed to load resource: net::ERR_FAILED @ chrome-extension://invalid/:0
[  201725ms] [ERROR] Failed to load resource: net::ERR_FAILED @ chrome-extension://invalid/:0
[  201833ms] [ERROR] Failed to load resource: net::ERR_FAILED @ chrome-extension://invalid/:0
[  201941ms] [ERROR] Failed to load resource: net::ERR_FAILED @ chrome-extension://invalid/:0
[  202052ms] [ERROR] Failed to load resource: net::ERR_FAILED @ chrome-extension://invalid/:0
[  202160ms] [ERROR] Failed to load resource: net::ERR_FAILED @ chrome-extension://invalid/:0
[  202270ms] [ERROR] Failed to load resource: net::ERR_FAILED @ chrome-extension://invalid/:0
[  202378ms] [ERROR] Failed to load resource: net::ERR_FAILED @ chrome-extension://invalid/:0
[  202488ms] [ERROR] Failed to load resource: net::ERR_FAILED @ chrome-extension://invalid/:0
[  202598ms] [ERROR] Failed to load resource: net::ERR_FAILED @ chrome-extension://invalid/:0
[  202705ms] [ERROR] Failed to load resource: net::ERR_FAILED @ chrome-extension://invalid/:0
[  202816ms] [ERROR] Failed to load resource: net::ERR_FAILED @ chrome-extension://invalid/:0
[  202924ms] [ERROR] Failed to load resource: net::ERR_FAILED @ chrome-extension://invalid/:0
[  203025ms] [ERROR] Failed to load resource: net::ERR_FAILED @ chrome-extension://invalid/:0
[  203126ms] [ERROR] Failed to load resource: net::ERR_FAILED @ chrome-extension://invalid/:0
[  203234ms] [ERROR] Failed to load resource: net::ERR_FAILED @ chrome-extension://invalid/:0
[  203345ms] [ERROR] Failed to load resource: net::ERR_FAILED @ chrome-extension://invalid/:0
[  203452ms] [ERROR] Failed to load resource: net::ERR_FAILED @ chrome-extension://invalid/:0
[  203560ms] [ERROR] Failed to load resource: net::ERR_FAILED @ chrome-extension://invalid/:0
[  203668ms] [ERROR] Failed to load resource: net::ERR_FAILED @ chrome-extension://invalid/:0
[  203769ms] [ERROR] Failed to load resource: net::ERR_FAILED @ chrome-extension://invalid/:0
[  203884ms] [ERROR] Failed to load resource: net::ERR_FAILED @ chrome-extension://invalid/:0
[  203991ms] [ERROR] Failed to load resource: net::ERR_FAILED @ chrome-extension://invalid/:0
[  204099ms] [ERROR] Failed to load resource: net::ERR_FAILED @ chrome-extension://invalid/:0
[  204207ms] [ERROR] Failed to load resource: net::ERR_FAILED @ chrome-extension://invalid/:0
[  204315ms] [ERROR] Failed to load resource: net::ERR_FAILED @ chrome-extension://invalid/:0
[  204422ms] [ERROR] Failed to load resource: net::ERR_FAILED @ chrome-extension://invalid/:0
[  204523ms] [ERROR] Failed to load resource: net::ERR_FAILED @ chrome-extension://invalid/:0
[  204625ms] [ERROR] Failed to load resource: net::ERR_FAILED @ chrome-extension://invalid/:0
[  204726ms] [ERROR] Failed to load resource: net::ERR_FAILED @ chrome-extension://invalid/:0
[  204841ms] [ERROR] Failed to load resource: net::ERR_FAILED @ chrome-extension://invalid/:0
[  204947ms] [ERROR] Failed to load resource: net::ERR_FAILED @ chrome-extension://invalid/:0
[  205048ms] [ERROR] Failed to load resource: net::ERR_FAILED @ chrome-extension://invalid/:0
[  205164ms] [ERROR] Failed to load resource: net::ERR_FAILED @ chrome-extension://invalid/:0
[  205275ms] [ERROR] Failed to load resource: net::ERR_FAILED @ chrome-extension://invalid/:0
[  205383ms] [ERROR] Failed to load resource: net::ERR_FAILED @ chrome-extension://invalid/:0
[  205493ms] [ERROR] Failed to load resource: net::ERR_FAILED @ chrome-extension://invalid/:0
[  205602ms] [ERROR] Failed to load resource: net::ERR_FAILED @ chrome-extension://invalid/:0
[  205712ms] [ERROR] Failed to load resource: net::ERR_FAILED @ chrome-extension://invalid/:0
[  205821ms] [ERROR] Failed to load resource: net::ERR_FAILED @ chrome-extension://invalid/:0
[  205929ms] [ERROR] Failed to load resource: net::ERR_FAILED @ chrome-extension://invalid/:0
[  206031ms] [ERROR] Failed to load resource: net::ERR_FAILED @ chrome-extension://invalid/:0
[  206147ms] [ERROR] Failed to load resource: net::ERR_FAILED @ chrome-extension://invalid/:0
[  206255ms] [ERROR] Failed to load resource: net::ERR_FAILED @ chrome-extension://invalid/:0
[  206356ms] [ERROR] Failed to load resource: net::ERR_FAILED @ chrome-extension://invalid/:0
[  206459ms] [ERROR] Failed to load resource: net::ERR_FAILED @ chrome-extension://invalid/:0
[  206567ms] [ERROR] Failed to load resource: net::ERR_FAILED @ chrome-extension://invalid/:0
[  206676ms] [ERROR] Failed to load resource: net::ERR_FAILED @ chrome-extension://invalid/:0
[  206784ms] [ERROR] Failed to load resource: net::ERR_FAILED @ chrome-extension://invalid/:0
[  206895ms] [ERROR] Failed to load resource: net::ERR_FAILED @ chrome-extension://invalid/:0
[  206996ms] [ERROR] Failed to load resource: net::ERR_FAILED @ chrome-extension://invalid/:0
[  207097ms] [ERROR] Failed to load resource: net::ERR_FAILED @ chrome-extension://invalid/:0
[  207205ms] [ERROR] Failed to load resource: net::ERR_FAILED @ chrome-extension://invalid/:0
[  207316ms] [ERROR] Failed to load resource: net::ERR_FAILED @ chrome-extension://invalid/:0
[  207417ms] [ERROR] Failed to load resource: net::ERR_FAILED @ chrome-extension://invalid/:0
[  207525ms] [ERROR] Failed to load resource: net::ERR_FAILED @ chrome-extension://invalid/:0
[  207626ms] [ERROR] Failed to load resource: net::ERR_FAILED @ chrome-extension://invalid/:0
[  207736ms] [ERROR] Failed to load resource: net::ERR_FAILED @ chrome-extension://invalid/:0
[  207846ms] [ERROR] Failed to load resource: net::ERR_FAILED @ chrome-extension://invalid/:0
[  207955ms] [ERROR] Failed to load resource: net::ERR_FAILED @ chrome-extension://invalid/:0
[  208063ms] [ERROR] Failed to load resource: net::ERR_FAILED @ chrome-extension://invalid/:0
[  208173ms] [ERROR] Failed to load resource: net::ERR_FAILED @ chrome-extension://invalid/:0
[  208283ms] [ERROR] Failed to load resource: net::ERR_FAILED @ chrome-extension://invalid/:0
[  208385ms] [ERROR] Failed to load resource: net::ERR_FAILED @ chrome-extension://invalid/:0
[  208499ms] [ERROR] Failed to load resource: net::ERR_FAILED @ chrome-extension://invalid/:0
[  208600ms] [ERROR] Failed to load resource: net::ERR_FAILED @ chrome-extension://invalid/:0
[  208701ms] [ERROR] Failed to load resource: net::ERR_FAILED @ chrome-extension://invalid/:0
[  208809ms] [ERROR] Failed to load resource: net::ERR_FAILED @ chrome-extension://invalid/:0
[  208916ms] [ERROR] Failed to load resource: net::ERR_FAILED @ chrome-extension://invalid/:0
[  209023ms] [ERROR] Failed to load resource: net::ERR_FAILED @ chrome-extension://invalid/:0
[  209125ms] [ERROR] Failed to load resource: net::ERR_FAILED @ chrome-extension://invalid/:0
[  209226ms] [ERROR] Failed to load resource: net::ERR_FAILED @ chrome-extension://invalid/:0
[  209340ms] [ERROR] Failed to load resource: net::ERR_FAILED @ chrome-extension://invalid/:0
[  209448ms] [ERROR] Failed to load resource: net::ERR_FAILED @ chrome-extension://invalid/:0
[  209557ms] [ERROR] Failed to load resource: net::ERR_FAILED @ chrome-extension://invalid/:0
[  209665ms] [ERROR] Failed to load resource: net::ERR_FAILED @ chrome-extension://invalid/:0
[  209776ms] [ERROR] Failed to load resource: net::ERR_FAILED @ chrome-extension://invalid/:0
[  209884ms] [ERROR] Failed to load resource: net::ERR_FAILED @ chrome-extension://invalid/:0
[  209993ms] [ERROR] Failed to load resource: net::ERR_FAILED @ chrome-extension://invalid/:0
[  210102ms] [ERROR] Failed to load resource: net::ERR_FAILED @ chrome-extension://invalid/:0
[  210211ms] [ERROR] Failed to load resource: net::ERR_FAILED @ chrome-extension://invalid/:0
[  210320ms] [ERROR] Failed to load resource: net::ERR_FAILED @ chrome-extension://invalid/:0
[  210421ms] [ERROR] Failed to load resource: net::ERR_FAILED @ chrome-extension://invalid/:0
[  210536ms] [ERROR] Failed to load resource: net::ERR_FAILED @ chrome-extension://invalid/:0
[  210643ms] [ERROR] Failed to load resource: net::ERR_FAILED @ chrome-extension://invalid/:0
[  210753ms] [ERROR] Failed to load resource: net::ERR_FAILED @ chrome-extension://invalid/:0
[  210862ms] [ERROR] Failed to load resource: net::ERR_FAILED @ chrome-extension://invalid/:0
[  210969ms] [ERROR] Failed to load resource: net::ERR_FAILED @ chrome-extension://invalid/:0
[  211078ms] [ERROR] Failed to load resource: net::ERR_FAILED @ chrome-extension://invalid/:0
[  211189ms] [ERROR] Failed to load resource: net::ERR_FAILED @ chrome-extension://invalid/:0
[  211298ms] [ERROR] Failed to load resource: net::ERR_FAILED @ chrome-extension://invalid/:0
[  211407ms] [ERROR] Failed to load resource: net::ERR_FAILED @ chrome-extension://invalid/:0
[  211515ms] [ERROR] Failed to load resource: net::ERR_FAILED @ chrome-extension://invalid/:0
[  211616ms] [ERROR] Failed to load resource: net::ERR_FAILED @ chrome-extension://invalid/:0
[  211719ms] [ERROR] Failed to load resource: net::ERR_FAILED @ chrome-extension://invalid/:0
[  211822ms] [ERROR] Failed to load resource: net::ERR_FAILED @ chrome-extension://invalid/:0
[  211937ms] [ERROR] Failed to load resource: net::ERR_FAILED @ chrome-extension://invalid/:0
[  212046ms] [ERROR] Failed to load resource: net::ERR_FAILED @ chrome-extension://invalid/:0
[  212155ms] [ERROR] Failed to load resource: net::ERR_FAILED @ chrome-extension://invalid/:0
[  212256ms] [ERROR] Failed to load resource: net::ERR_FAILED @ chrome-extension://invalid/:0
[  212357ms] [ERROR] Failed to load resource: net::ERR_FAILED @ chrome-extension://invalid/:0
[  212467ms] [ERROR] Failed to load resource: net::ERR_FAILED @ chrome-extension://invalid/:0
[  212576ms] [ERROR] Failed to load resource: net::ERR_FAILED @ chrome-extension://invalid/:0
[  212686ms] [ERROR] Failed to load resource: net::ERR_FAILED @ chrome-extension://invalid/:0
[  212796ms] [ERROR] Failed to load resource: net::ERR_FAILED @ chrome-extension://invalid/:0
[  212906ms] [ERROR] Failed to load resource: net::ERR_FAILED @ chrome-extension://invalid/:0
[  213014ms] [ERROR] Failed to load resource: net::ERR_FAILED @ chrome-extension://invalid/:0
[  213117ms] [ERROR] Failed to load resource: net::ERR_FAILED @ chrome-extension://invalid/:0
[  213232ms] [ERROR] Failed to load resource: net::ERR_FAILED @ chrome-extension://invalid/:0
[  213340ms] [ERROR] Failed to load resource: net::ERR_FAILED @ chrome-extension://invalid/:0
[  213448ms] [ERROR] Failed to load resource: net::ERR_FAILED @ chrome-extension://invalid/:0
[  213559ms] [ERROR] Failed to load resource: net::ERR_FAILED @ chrome-extension://invalid/:0
[  213660ms] [ERROR] Failed to load resource: net::ERR_FAILED @ chrome-extension://invalid/:0
[  213762ms] [ERROR] Failed to load resource: net::ERR_FAILED @ chrome-extension://invalid/:0
[  213871ms] [ERROR] Failed to load resource: net::ERR_FAILED @ chrome-extension://invalid/:0
[  213980ms] [ERROR] Failed to load resource: net::ERR_FAILED @ chrome-extension://invalid/:0
[  214088ms] [ERROR] Failed to load resource: net::ERR_FAILED @ chrome-extension://invalid/:0
[  214198ms] [ERROR] Failed to load resource: net::ERR_FAILED @ chrome-extension://invalid/:0
[  214308ms] [ERROR] Failed to load resource: net::ERR_FAILED @ chrome-extension://invalid/:0
[  214415ms] [ERROR] Failed to load resource: net::ERR_FAILED @ chrome-extension://invalid/:0
[  214525ms] [ERROR] Failed to load resource: net::ERR_FAILED @ chrome-extension://invalid/:0
[  214626ms] [ERROR] Failed to load resource: net::ERR_FAILED @ chrome-extension://invalid/:0
[  214727ms] [ERROR] Failed to load resource: net::ERR_FAILED @ chrome-extension://invalid/:0
[  214829ms] [ERROR] Failed to load resource: net::ERR_FAILED @ chrome-extension://invalid/:0
[  214932ms] [ERROR] Failed to load resource: net::ERR_FAILED @ chrome-extension://invalid/:0
[  215042ms] [ERROR] Failed to load resource: net::ERR_FAILED @ chrome-extension://invalid/:0
[  215149ms] [ERROR] Failed to load resource: net::ERR_FAILED @ chrome-extension://invalid/:0
[  215258ms] [ERROR] Failed to load resource: net::ERR_FAILED @ chrome-extension://invalid/:0
[  215369ms] [ERROR] Failed to load resource: net::ERR_FAILED @ chrome-extension://invalid/:0
[  215479ms] [ERROR] Failed to load resource: net::ERR_FAILED @ chrome-extension://invalid/:0
[  215587ms] [ERROR] Failed to load resource: net::ERR_FAILED @ chrome-extension://invalid/:0
[  215688ms] [ERROR] Failed to load resource: net::ERR_FAILED @ chrome-extension://invalid/:0
[  215792ms] [ERROR] Failed to load resource: net::ERR_FAILED @ chrome-extension://invalid/:0
[  215899ms] [ERROR] Failed to load resource: net::ERR_FAILED @ chrome-extension://invalid/:0
[  216009ms] [ERROR] Failed to load resource: net::ERR_FAILED @ chrome-extension://invalid/:0
[  216118ms] [ERROR] Failed to load resource: net::ERR_FAILED @ chrome-extension://invalid/:0
[  216228ms] [ERROR] Failed to load resource: net::ERR_FAILED @ chrome-extension://invalid/:0
[  216340ms] [ERROR] Failed to load resource: net::ERR_FAILED @ chrome-extension://invalid/:0
[  216450ms] [ERROR] Failed to load resource: net::ERR_FAILED @ chrome-extension://invalid/:0
[  216559ms] [ERROR] Failed to load resource: net::ERR_FAILED @ chrome-extension://invalid/:0
[  216668ms] [ERROR] Failed to load resource: net::ERR_FAILED @ chrome-extension://invalid/:0
[  216779ms] [ERROR] Failed to load resource: net::ERR_FAILED @ chrome-extension://invalid/:0
[  216890ms] [ERROR] Failed to load resource: net::ERR_FAILED @ chrome-extension://invalid/:0
[  217000ms] [ERROR] Failed to load resource: net::ERR_FAILED @ chrome-extension://invalid/:0
[  217109ms] [ERROR] Failed to load resource: net::ERR_FAILED @ chrome-extension://invalid/:0
[  217211ms] [ERROR] Failed to load resource: net::ERR_FAILED @ chrome-extension://invalid/:0
[  217314ms] [ERROR] Failed to load resource: net::ERR_FAILED @ chrome-extension://invalid/:0
[  217425ms] [ERROR] Failed to load resource: net::ERR_FAILED @ chrome-extension://invalid/:0
[  217531ms] [ERROR] Failed to load resource: net::ERR_FAILED @ chrome-extension://invalid/:0
[  217641ms] [ERROR] Failed to load resource: net::ERR_FAILED @ chrome-extension://invalid/:0
[  217749ms] [ERROR] Failed to load resource: net::ERR_FAILED @ chrome-extension://invalid/:0
[  217858ms] [ERROR] Failed to load resource: net::ERR_FAILED @ chrome-extension://invalid/:0
[  217966ms] [ERROR] Failed to load resource: net::ERR_FAILED @ chrome-extension://invalid/:0
[  218074ms] [ERROR] Failed to load resource: net::ERR_FAILED @ chrome-extension://invalid/:0
[  218181ms] [ERROR] Failed to load resource: net::ERR_FAILED @ chrome-extension://invalid/:0
[  218289ms] [ERROR] Failed to load resource: net::ERR_FAILED @ chrome-extension://invalid/:0
[  218396ms] [ERROR] Failed to load resource: net::ERR_FAILED @ chrome-extension://invalid/:0
[  218506ms] [ERROR] Failed to load resource: net::ERR_FAILED @ chrome-extension://invalid/:0
[  218613ms] [ERROR] Failed to load resource: net::ERR_FAILED @ chrome-extension://invalid/:0
[  218714ms] [ERROR] Failed to load resource: net::ERR_FAILED @ chrome-extension://invalid/:0
[  218831ms] [ERROR] Failed to load resource: net::ERR_FAILED @ chrome-extension://invalid/:0
[  218943ms] [ERROR] Failed to load resource: net::ERR_FAILED @ chrome-extension://invalid/:0
[  219053ms] [ERROR] Failed to load resource: net::ERR_FAILED @ chrome-extension://invalid/:0
[  219162ms] [ERROR] Failed to load resource: net::ERR_FAILED @ chrome-extension://invalid/:0
[  219269ms] [ERROR] Failed to load resource: net::ERR_FAILED @ chrome-extension://invalid/:0
[  219377ms] [ERROR] Failed to load resource: net::ERR_FAILED @ chrome-extension://invalid/:0
[  219487ms] [ERROR] Failed to load resource: net::ERR_FAILED @ chrome-extension://invalid/:0
[  219597ms] [ERROR] Failed to load resource: net::ERR_FAILED @ chrome-extension://invalid/:0
[  219705ms] [ERROR] Failed to load resource: net::ERR_FAILED @ chrome-extension://invalid/:0
[  219814ms] [ERROR] Failed to load resource: net::ERR_FAILED @ chrome-extension://invalid/:0
[  219915ms] [ERROR] Failed to load resource: net::ERR_FAILED @ chrome-extension://invalid/:0
[  220024ms] [ERROR] Failed to load resource: net::ERR_FAILED @ chrome-extension://invalid/:0
[  220138ms] [ERROR] Failed to load resource: net::ERR_FAILED @ chrome-extension://invalid/:0
[  220247ms] [ERROR] Failed to load resource: net::ERR_FAILED @ chrome-extension://invalid/:0
[  220356ms] [ERROR] Failed to load resource: net::ERR_FAILED @ chrome-extension://invalid/:0
[  220464ms] [ERROR] Failed to load resource: net::ERR_FAILED @ chrome-extension://invalid/:0
[  220572ms] [ERROR] Failed to load resource: net::ERR_FAILED @ chrome-extension://invalid/:0
[  220682ms] [ERROR] Failed to load resource: net::ERR_FAILED @ chrome-extension://invalid/:0
[  220791ms] [ERROR] Failed to load resource: net::ERR_FAILED @ chrome-extension://invalid/:0
[  220901ms] [ERROR] Failed to load resource: net::ERR_FAILED @ chrome-extension://invalid/:0
[  221011ms] [ERROR] Failed to load resource: net::ERR_FAILED @ chrome-extension://invalid/:0
[  221118ms] [ERROR] Failed to load resource: net::ERR_FAILED @ chrome-extension://invalid/:0
[  221219ms] [ERROR] Failed to load resource: net::ERR_FAILED @ chrome-extension://invalid/:0
[  221321ms] [ERROR] Failed to load resource: net::ERR_FAILED @ chrome-extension://invalid/:0
[  221431ms] [ERROR] Failed to load resource: net::ERR_FAILED @ chrome-extension://invalid/:0
[  221543ms] [ERROR] Failed to load resource: net::ERR_FAILED @ chrome-extension://invalid/:0
[  221653ms] [ERROR] Failed to load resource: net::ERR_FAILED @ chrome-extension://invalid/:0
[  221754ms] [ERROR] Failed to load resource: net::ERR_FAILED @ chrome-extension://invalid/:0
[  221855ms] [ERROR] Failed to load resource: net::ERR_FAILED @ chrome-extension://invalid/:0
[  221966ms] [ERROR] Failed to load resource: net::ERR_FAILED @ chrome-extension://invalid/:0
[  222076ms] [ERROR] Failed to load resource: net::ERR_FAILED @ chrome-extension://invalid/:0
[  222186ms] [ERROR] Failed to load resource: net::ERR_FAILED @ chrome-extension://invalid/:0
[  222297ms] [ERROR] Failed to load resource: net::ERR_FAILED @ chrome-extension://invalid/:0
[  222405ms] [ERROR] Failed to load resource: net::ERR_FAILED @ chrome-extension://invalid/:0
[  222515ms] [ERROR] Failed to load resource: net::ERR_FAILED @ chrome-extension://invalid/:0
[  222618ms] [ERROR] Failed to load resource: net::ERR_FAILED @ chrome-extension://invalid/:0
[  222719ms] [ERROR] Failed to load resource: net::ERR_FAILED @ chrome-extension://invalid/:0
[  222821ms] [ERROR] Failed to load resource: net::ERR_FAILED @ chrome-extension://invalid/:0
[  222935ms] [ERROR] Failed to load resource: net::ERR_FAILED @ chrome-extension://invalid/:0
[  223042ms] [ERROR] Failed to load resource: net::ERR_FAILED @ chrome-extension://invalid/:0
[  223153ms] [ERROR] Failed to load resource: net::ERR_FAILED @ chrome-extension://invalid/:0
[  223255ms] [ERROR] Failed to load resource: net::ERR_FAILED @ chrome-extension://invalid/:0
[  223358ms] [ERROR] Failed to load resource: net::ERR_FAILED @ chrome-extension://invalid/:0
[  223468ms] [ERROR] Failed to load resource: net::ERR_FAILED @ chrome-extension://invalid/:0
[  223569ms] [ERROR] Failed to load resource: net::ERR_FAILED @ chrome-extension://invalid/:0
[  223671ms] [ERROR] Failed to load resource: net::ERR_FAILED @ chrome-extension://invalid/:0
[  223781ms] [ERROR] Failed to load resource: net::ERR_FAILED @ chrome-extension://invalid/:0
[  223889ms] [ERROR] Failed to load resource: net::ERR_FAILED @ chrome-extension://invalid/:0
[  224000ms] [ERROR] Failed to load resource: net::ERR_FAILED @ chrome-extension://invalid/:0
[  224108ms] [ERROR] Failed to load resource: net::ERR_FAILED @ chrome-extension://invalid/:0
[  224217ms] [ERROR] Failed to load resource: net::ERR_FAILED @ chrome-extension://invalid/:0
[  224321ms] [ERROR] Failed to load resource: net::ERR_FAILED @ chrome-extension://invalid/:0
[  224437ms] [ERROR] Failed to load resource: net::ERR_FAILED @ chrome-extension://invalid/:0
[  224547ms] [ERROR] Failed to load resource: net::ERR_FAILED @ chrome-extension://invalid/:0
[  224657ms] [ERROR] Failed to load resource: net::ERR_FAILED @ chrome-extension://invalid/:0
[  224764ms] [ERROR] Failed to load resource: net::ERR_FAILED @ chrome-extension://invalid/:0
[  224875ms] [ERROR] Failed to load resource: net::ERR_FAILED @ chrome-extension://invalid/:0
[  224985ms] [ERROR] Failed to load resource: net::ERR_FAILED @ chrome-extension://invalid/:0
[  225095ms] [ERROR] Failed to load resource: net::ERR_FAILED @ chrome-extension://invalid/:0
[  225203ms] [ERROR] Failed to load resource: net::ERR_FAILED @ chrome-extension://invalid/:0
[  225310ms] [ERROR] Failed to load resource: net::ERR_FAILED @ chrome-extension://invalid/:0
[  225419ms] [ERROR] Failed to load resource: net::ERR_FAILED @ chrome-extension://invalid/:0
[  225523ms] [ERROR] Failed to load resource: net::ERR_FAILED @ chrome-extension://invalid/:0
[  225638ms] [ERROR] Failed to load resource: net::ERR_FAILED @ chrome-extension://invalid/:0
[  225748ms] [ERROR] Failed to load resource: net::ERR_FAILED @ chrome-extension://invalid/:0
[  225857ms] [ERROR] Failed to load resource: net::ERR_FAILED @ chrome-extension://invalid/:0
[  225963ms] [ERROR] Failed to load resource: net::ERR_FAILED @ chrome-extension://invalid/:0
[  226064ms] [ERROR] Failed to load resource: net::ERR_FAILED @ chrome-extension://invalid/:0
[  226179ms] [ERROR] Failed to load resource: net::ERR_FAILED @ chrome-extension://invalid/:0
[  226282ms] [ERROR] Failed to load resource: net::ERR_FAILED @ chrome-extension://invalid/:0
[  226384ms] [ERROR] Failed to load resource: net::ERR_FAILED @ chrome-extension://invalid/:0
[  226493ms] [ERROR] Failed to load resource: net::ERR_FAILED @ chrome-extension://invalid/:0
[  226603ms] [ERROR] Failed to load resource: net::ERR_FAILED @ chrome-extension://invalid/:0
[  226711ms] [ERROR] Failed to load resource: net::ERR_FAILED @ chrome-extension://invalid/:0
[  226820ms] [ERROR] Failed to load resource: net::ERR_FAILED @ chrome-extension://invalid/:0
[  226922ms] [ERROR] Failed to load resource: net::ERR_FAILED @ chrome-extension://invalid/:0
[  227025ms] [ERROR] Failed to load resource: net::ERR_FAILED @ chrome-extension://invalid/:0
[  227131ms] [ERROR] Failed to load resource: net::ERR_FAILED @ chrome-extension://invalid/:0
[  227242ms] [ERROR] Failed to load resource: net::ERR_FAILED @ chrome-extension://invalid/:0
[  227351ms] [ERROR] Failed to load resource: net::ERR_FAILED @ chrome-extension://invalid/:0
[  227462ms] [ERROR] Failed to load resource: net::ERR_FAILED @ chrome-extension://invalid/:0
[  227572ms] [ERROR] Failed to load resource: net::ERR_FAILED @ chrome-extension://invalid/:0
[  227680ms] [ERROR] Failed to load resource: net::ERR_FAILED @ chrome-extension://invalid/:0
[  227791ms] [ERROR] Failed to load resource: net::ERR_FAILED @ chrome-extension://invalid/:0
[  227899ms] [ERROR] Failed to load resource: net::ERR_FAILED @ chrome-extension://invalid/:0
[  228011ms] [ERROR] Failed to load resource: net::ERR_FAILED @ chrome-extension://invalid/:0
[  228118ms] [ERROR] Failed to load resource: net::ERR_FAILED @ chrome-extension://invalid/:0
[  228227ms] [ERROR] Failed to load resource: net::ERR_FAILED @ chrome-extension://invalid/:0
[  228340ms] [ERROR] Failed to load resource: net::ERR_FAILED @ chrome-extension://invalid/:0
[  228448ms] [ERROR] Failed to load resource: net::ERR_FAILED @ chrome-extension://invalid/:0
[  228555ms] [ERROR] Failed to load resource: net::ERR_FAILED @ chrome-extension://invalid/:0
[  228656ms] [ERROR] Failed to load resource: net::ERR_FAILED @ chrome-extension://invalid/:0
[  228757ms] [ERROR] Failed to load resource: net::ERR_FAILED @ chrome-extension://invalid/:0
[  228869ms] [ERROR] Failed to load resource: net::ERR_FAILED @ chrome-extension://invalid/:0
[  228981ms] [ERROR] Failed to load resource: net::ERR_FAILED @ chrome-extension://invalid/:0
[  229093ms] [ERROR] Failed to load resource: net::ERR_FAILED @ chrome-extension://invalid/:0
[  229199ms] [ERROR] Failed to load resource: net::ERR_FAILED @ chrome-extension://invalid/:0
[  229300ms] [ERROR] Failed to load resource: net::ERR_FAILED @ chrome-extension://invalid/:0
[  229405ms] [ERROR] Failed to load resource: net::ERR_FAILED @ chrome-extension://invalid/:0
[  229516ms] [ERROR] Failed to load resource: net::ERR_FAILED @ chrome-extension://invalid/:0
[  229617ms] [ERROR] Failed to load resource: net::ERR_FAILED @ chrome-extension://invalid/:0
[  229734ms] [ERROR] Failed to load resource: net::ERR_FAILED @ chrome-extension://invalid/:0
[  229841ms] [ERROR] Failed to load resource: net::ERR_FAILED @ chrome-extension://invalid/:0
[  229953ms] [ERROR] Failed to load resource: net::ERR_FAILED @ chrome-extension://invalid/:0
[  230054ms] [ERROR] Failed to load resource: net::ERR_FAILED @ chrome-extension://invalid/:0
[  230156ms] [ERROR] Failed to load resource: net::ERR_FAILED @ chrome-extension://invalid/:0
[  230264ms] [ERROR] Failed to load resource: net::ERR_FAILED @ chrome-extension://invalid/:0
[  230366ms] [ERROR] Failed to load resource: net::ERR_FAILED @ chrome-extension://invalid/:0
[  230482ms] [ERROR] Failed to load resource: net::ERR_FAILED @ chrome-extension://invalid/:0
[  230591ms] [ERROR] Failed to load resource: net::ERR_FAILED @ chrome-extension://invalid/:0
[  230699ms] [ERROR] Failed to load resource: net::ERR_FAILED @ chrome-extension://invalid/:0
[  230808ms] [ERROR] Failed to load resource: net::ERR_FAILED @ chrome-extension://invalid/:0
[  230918ms] [ERROR] Failed to load resource: net::ERR_FAILED @ chrome-extension://invalid/:0
[  231024ms] [ERROR] Failed to load resource: net::ERR_FAILED @ chrome-extension://invalid/:0
[  231137ms] [ERROR] Failed to load resource: net::ERR_FAILED @ chrome-extension://invalid/:0
[  231249ms] [ERROR] Failed to load resource: net::ERR_FAILED @ chrome-extension://invalid/:0
[  231352ms] [ERROR] Failed to load resource: net::ERR_FAILED @ chrome-extension://invalid/:0
[  231467ms] [ERROR] Failed to load resource: net::ERR_FAILED @ chrome-extension://invalid/:0
[  231576ms] [ERROR] Failed to load resource: net::ERR_FAILED @ chrome-extension://invalid/:0
[  231685ms] [ERROR] Failed to load resource: net::ERR_FAILED @ chrome-extension://invalid/:0
[  231795ms] [ERROR] Failed to load resource: net::ERR_FAILED @ chrome-extension://invalid/:0
[  231904ms] [ERROR] Failed to load resource: net::ERR_FAILED @ chrome-extension://invalid/:0
[  232014ms] [ERROR] Failed to load resource: net::ERR_FAILED @ chrome-extension://invalid/:0
[  232118ms] [ERROR] Failed to load resource: net::ERR_FAILED @ chrome-extension://invalid/:0
[  232227ms] [ERROR] Failed to load resource: net::ERR_FAILED @ chrome-extension://invalid/:0
[  232342ms] [ERROR] Failed to load resource: net::ERR_FAILED @ chrome-extension://invalid/:0
[  232443ms] [ERROR] Failed to load resource: net::ERR_FAILED @ chrome-extension://invalid/:0
[  232546ms] [ERROR] Failed to load resource: net::ERR_FAILED @ chrome-extension://invalid/:0
[  232653ms] [ERROR] Failed to load resource: net::ERR_FAILED @ chrome-extension://invalid/:0
[  232762ms] [ERROR] Failed to load resource: net::ERR_FAILED @ chrome-extension://invalid/:0
[  232873ms] [ERROR] Failed to load resource: net::ERR_FAILED @ chrome-extension://invalid/:0
[  232981ms] [ERROR] Failed to load resource: net::ERR_FAILED @ chrome-extension://invalid/:0
[  233093ms] [ERROR] Failed to load resource: net::ERR_FAILED @ chrome-extension://invalid/:0
[  233200ms] [ERROR] Failed to load resource: net::ERR_FAILED @ chrome-extension://invalid/:0
[  233301ms] [ERROR] Failed to load resource: net::ERR_FAILED @ chrome-extension://invalid/:0
[  233403ms] [ERROR] Failed to load resource: net::ERR_FAILED @ chrome-extension://invalid/:0
[  233511ms] [ERROR] Failed to load resource: net::ERR_FAILED @ chrome-extension://invalid/:0
[  233613ms] [ERROR] Failed to load resource: net::ERR_FAILED @ chrome-extension://invalid/:0
[  233714ms] [ERROR] Failed to load resource: net::ERR_FAILED @ chrome-extension://invalid/:0
[  233820ms] [ERROR] Failed to load resource: net::ERR_FAILED @ chrome-extension://invalid/:0
[  233930ms] [ERROR] Failed to load resource: net::ERR_FAILED @ chrome-extension://invalid/:0
[  234041ms] [ERROR] Failed to load resource: net::ERR_FAILED @ chrome-extension://invalid/:0
[  234150ms] [ERROR] Failed to load resource: net::ERR_FAILED @ chrome-extension://invalid/:0
[  234260ms] [ERROR] Failed to load resource: net::ERR_FAILED @ chrome-extension://invalid/:0
[  234368ms] [ERROR] Failed to load resource: net::ERR_FAILED @ chrome-extension://invalid/:0
[  234478ms] [ERROR] Failed to load resource: net::ERR_FAILED @ chrome-extension://invalid/:0
[  234587ms] [ERROR] Failed to load resource: net::ERR_FAILED @ chrome-extension://invalid/:0
[  234696ms] [ERROR] Failed to load resource: net::ERR_FAILED @ chrome-extension://invalid/:0
[  234807ms] [ERROR] Failed to load resource: net::ERR_FAILED @ chrome-extension://invalid/:0
[  234908ms] [ERROR] Failed to load resource: net::ERR_FAILED @ chrome-extension://invalid/:0
[  235012ms] [ERROR] Failed to load resource: net::ERR_FAILED @ chrome-extension://invalid/:0
[  235118ms] [ERROR] Failed to load resource: net::ERR_FAILED @ chrome-extension://invalid/:0
[  235228ms] [ERROR] Failed to load resource: net::ERR_FAILED @ chrome-extension://invalid/:0
[  235341ms] [ERROR] Failed to load resource: net::ERR_FAILED @ chrome-extension://invalid/:0
[  235451ms] [ERROR] Failed to load resource: net::ERR_FAILED @ chrome-extension://invalid/:0
[  235560ms] [ERROR] Failed to load resource: net::ERR_FAILED @ chrome-extension://invalid/:0
[  235668ms] [ERROR] Failed to load resource: net::ERR_FAILED @ chrome-extension://invalid/:0
[  235776ms] [ERROR] Failed to load resource: net::ERR_FAILED @ chrome-extension://invalid/:0
[  235886ms] [ERROR] Failed to load resource: net::ERR_FAILED @ chrome-extension://invalid/:0
[  235997ms] [ERROR] Failed to load resource: net::ERR_FAILED @ chrome-extension://invalid/:0
[  236108ms] [ERROR] Failed to load resource: net::ERR_FAILED @ chrome-extension://invalid/:0
[  236215ms] [ERROR] Failed to load resource: net::ERR_FAILED @ chrome-extension://invalid/:0
[  236321ms] [ERROR] Failed to load resource: net::ERR_FAILED @ chrome-extension://invalid/:0
[  236423ms] [ERROR] Failed to load resource: net::ERR_FAILED @ chrome-extension://invalid/:0
[  236538ms] [ERROR] Failed to load resource: net::ERR_FAILED @ chrome-extension://invalid/:0
[  236648ms] [ERROR] Failed to load resource: net::ERR_FAILED @ chrome-extension://invalid/:0
[  236757ms] [ERROR] Failed to load resource: net::ERR_FAILED @ chrome-extension://invalid/:0
[  236869ms] [ERROR] Failed to load resource: net::ERR_FAILED @ chrome-extension://invalid/:0
[  236988ms] [ERROR] Failed to load resource: net::ERR_FAILED @ chrome-extension://invalid/:0
[  237103ms] [ERROR] Failed to load resource: net::ERR_FAILED @ chrome-extension://invalid/:0
[  237213ms] [ERROR] Failed to load resource: net::ERR_FAILED @ chrome-extension://invalid/:0
[  237321ms] [ERROR] Failed to load resource: net::ERR_FAILED @ chrome-extension://invalid/:0
[  237431ms] [ERROR] Failed to load resource: net::ERR_FAILED @ chrome-extension://invalid/:0
[  237541ms] [ERROR] Failed to load resource: net::ERR_FAILED @ chrome-extension://invalid/:0
[  237649ms] [ERROR] Failed to load resource: net::ERR_FAILED @ chrome-extension://invalid/:0
[  237757ms] [ERROR] Failed to load resource: net::ERR_FAILED @ chrome-extension://invalid/:0
[  237867ms] [ERROR] Failed to load resource: net::ERR_FAILED @ chrome-extension://invalid/:0
[  237976ms] [ERROR] Failed to load resource: net::ERR_FAILED @ chrome-extension://invalid/:0
[  238084ms] [ERROR] Failed to load resource: net::ERR_FAILED @ chrome-extension://invalid/:0
[  238192ms] [ERROR] Failed to load resource: net::ERR_FAILED @ chrome-extension://invalid/:0
[  238301ms] [ERROR] Failed to load resource: net::ERR_FAILED @ chrome-extension://invalid/:0
[  238409ms] [ERROR] Failed to load resource: net::ERR_FAILED @ chrome-extension://invalid/:0
[  238518ms] [ERROR] Failed to load resource: net::ERR_FAILED @ chrome-extension://invalid/:0
[  238627ms] [ERROR] Failed to load resource: net::ERR_FAILED @ chrome-extension://invalid/:0
[  238735ms] [ERROR] Failed to load resource: net::ERR_FAILED @ chrome-extension://invalid/:0
[  238845ms] [ERROR] Failed to load resource: net::ERR_FAILED @ chrome-extension://invalid/:0
[  238946ms] [ERROR] Failed to load resource: net::ERR_FAILED @ chrome-extension://invalid/:0
[  239050ms] [ERROR] Failed to load resource: net::ERR_FAILED @ chrome-extension://invalid/:0
[  239159ms] [ERROR] Failed to load resource: net::ERR_FAILED @ chrome-extension://invalid/:0
[  239260ms] [ERROR] Failed to load resource: net::ERR_FAILED @ chrome-extension://invalid/:0
[  239374ms] [ERROR] Failed to load resource: net::ERR_FAILED @ chrome-extension://invalid/:0
[  239485ms] [ERROR] Failed to load resource: net::ERR_FAILED @ chrome-extension://invalid/:0
[  239595ms] [ERROR] Failed to load resource: net::ERR_FAILED @ chrome-extension://invalid/:0
[  239704ms] [ERROR] Failed to load resource: net::ERR_FAILED @ chrome-extension://invalid/:0
[  239814ms] [ERROR] Failed to load resource: net::ERR_FAILED @ chrome-extension://invalid/:0
[  239921ms] [ERROR] Failed to load resource: net::ERR_FAILED @ chrome-extension://invalid/:0
[  240032ms] [ERROR] Failed to load resource: net::ERR_FAILED @ chrome-extension://invalid/:0
[  240143ms] [ERROR] Failed to load resource: net::ERR_FAILED @ chrome-extension://invalid/:0
[  240252ms] [ERROR] Failed to load resource: net::ERR_FAILED @ chrome-extension://invalid/:0
[  240363ms] [ERROR] Failed to load resource: net::ERR_FAILED @ chrome-extension://invalid/:0
[  240465ms] [ERROR] Failed to load resource: net::ERR_FAILED @ chrome-extension://invalid/:0
[  240567ms] [ERROR] Failed to load resource: net::ERR_FAILED @ chrome-extension://invalid/:0
[  240669ms] [ERROR] Failed to load resource: net::ERR_FAILED @ chrome-extension://invalid/:0
[  240782ms] [ERROR] Failed to load resource: net::ERR_FAILED @ chrome-extension://invalid/:0
[  240892ms] [ERROR] Failed to load resource: net::ERR_FAILED @ chrome-extension://invalid/:0
[  240993ms] [ERROR] Failed to load resource: net::ERR_FAILED @ chrome-extension://invalid/:0
[  241097ms] [ERROR] Failed to load resource: net::ERR_FAILED @ chrome-extension://invalid/:0
[  241197ms] [ERROR] Failed to load resource: net::ERR_FAILED @ chrome-extension://invalid/:0
[  241300ms] [ERROR] Failed to load resource: net::ERR_FAILED @ chrome-extension://invalid/:0
[  241403ms] [ERROR] Failed to load resource: net::ERR_FAILED @ chrome-extension://invalid/:0
[  241504ms] [ERROR] Failed to load resource: net::ERR_FAILED @ chrome-extension://invalid/:0
[  241614ms] [ERROR] Failed to load resource: net::ERR_FAILED @ chrome-extension://invalid/:0
[  241723ms] [ERROR] Failed to load resource: net::ERR_FAILED @ chrome-extension://invalid/:0
[  241832ms] [ERROR] Failed to load resource: net::ERR_FAILED @ chrome-extension://invalid/:0
[  241939ms] [ERROR] Failed to load resource: net::ERR_FAILED @ chrome-extension://invalid/:0
[  242047ms] [ERROR] Failed to load resource: net::ERR_FAILED @ chrome-extension://invalid/:0
[  242155ms] [ERROR] Failed to load resource: net::ERR_FAILED @ chrome-extension://invalid/:0
[  242263ms] [ERROR] Failed to load resource: net::ERR_FAILED @ chrome-extension://invalid/:0
[  242375ms] [ERROR] Failed to load resource: net::ERR_FAILED @ chrome-extension://invalid/:0
[  242485ms] [ERROR] Failed to load resource: net::ERR_FAILED @ chrome-extension://invalid/:0
[  242594ms] [ERROR] Failed to load resource: net::ERR_FAILED @ chrome-extension://invalid/:0
[  242702ms] [ERROR] Failed to load resource: net::ERR_FAILED @ chrome-extension://invalid/:0
[  242815ms] [ERROR] Failed to load resource: net::ERR_FAILED @ chrome-extension://invalid/:0
[  242925ms] [ERROR] Failed to load resource: net::ERR_FAILED @ chrome-extension://invalid/:0
[  243026ms] [ERROR] Failed to load resource: net::ERR_FAILED @ chrome-extension://invalid/:0
[  243141ms] [ERROR] Failed to load resource: net::ERR_FAILED @ chrome-extension://invalid/:0
[  243249ms] [ERROR] Failed to load resource: net::ERR_FAILED @ chrome-extension://invalid/:0
[  243359ms] [ERROR] Failed to load resource: net::ERR_FAILED @ chrome-extension://invalid/:0
[  243470ms] [ERROR] Failed to load resource: net::ERR_FAILED @ chrome-extension://invalid/:0
[  243579ms] [ERROR] Failed to load resource: net::ERR_FAILED @ chrome-extension://invalid/:0
[  243680ms] [ERROR] Failed to load resource: net::ERR_FAILED @ chrome-extension://invalid/:0
[  243793ms] [ERROR] Failed to load resource: net::ERR_FAILED @ chrome-extension://invalid/:0
[  243902ms] [ERROR] Failed to load resource: net::ERR_FAILED @ chrome-extension://invalid/:0
[  244012ms] [ERROR] Failed to load resource: net::ERR_FAILED @ chrome-extension://invalid/:0
[  244118ms] [ERROR] Failed to load resource: net::ERR_FAILED @ chrome-extension://invalid/:0
[  244227ms] [ERROR] Failed to load resource: net::ERR_FAILED @ chrome-extension://invalid/:0
[  244339ms] [ERROR] Failed to load resource: net::ERR_FAILED @ chrome-extension://invalid/:0
[  244448ms] [ERROR] Failed to load resource: net::ERR_FAILED @ chrome-extension://invalid/:0
[  244549ms] [ERROR] Failed to load resource: net::ERR_FAILED @ chrome-extension://invalid/:0
[  244659ms] [ERROR] Failed to load resource: net::ERR_FAILED @ chrome-extension://invalid/:0
[  244768ms] [ERROR] Failed to load resource: net::ERR_FAILED @ chrome-extension://invalid/:0
[  244880ms] [ERROR] Failed to load resource: net::ERR_FAILED @ chrome-extension://invalid/:0
[  244980ms] [ERROR] Failed to load resource: net::ERR_FAILED @ chrome-extension://invalid/:0
[  245084ms] [ERROR] Failed to load resource: net::ERR_FAILED @ chrome-extension://invalid/:0
[  245194ms] [ERROR] Failed to load resource: net::ERR_FAILED @ chrome-extension://invalid/:0
[  245305ms] [ERROR] Failed to load resource: net::ERR_FAILED @ chrome-extension://invalid/:0
[  245414ms] [ERROR] Failed to load resource: net::ERR_FAILED @ chrome-extension://invalid/:0
[  245522ms] [ERROR] Failed to load resource: net::ERR_FAILED @ chrome-extension://invalid/:0
[  245629ms] [ERROR] Failed to load resource: net::ERR_FAILED @ chrome-extension://invalid/:0
[  245737ms] [ERROR] Failed to load resource: net::ERR_FAILED @ chrome-extension://invalid/:0
[  245847ms] [ERROR] Failed to load resource: net::ERR_FAILED @ chrome-extension://invalid/:0
[  245953ms] [ERROR] Failed to load resource: net::ERR_FAILED @ chrome-extension://invalid/:0
[  246054ms] [ERROR] Failed to load resource: net::ERR_FAILED @ chrome-extension://invalid/:0
[  246157ms] [ERROR] Failed to load resource: net::ERR_FAILED @ chrome-extension://invalid/:0
[  246265ms] [ERROR] Failed to load resource: net::ERR_FAILED @ chrome-extension://invalid/:0
[  246378ms] [ERROR] Failed to load resource: net::ERR_FAILED @ chrome-extension://invalid/:0
[  246487ms] [ERROR] Failed to load resource: net::ERR_FAILED @ chrome-extension://invalid/:0
[  246588ms] [ERROR] Failed to load resource: net::ERR_FAILED @ chrome-extension://invalid/:0
[  246691ms] [ERROR] Failed to load resource: net::ERR_FAILED @ chrome-extension://invalid/:0
[  246801ms] [ERROR] Failed to load resource: net::ERR_FAILED @ chrome-extension://invalid/:0
[  246911ms] [ERROR] Failed to load resource: net::ERR_FAILED @ chrome-extension://invalid/:0
[  247018ms] [ERROR] Failed to load resource: net::ERR_FAILED @ chrome-extension://invalid/:0
[  247129ms] [ERROR] Failed to load resource: net::ERR_FAILED @ chrome-extension://invalid/:0
[  247238ms] [ERROR] Failed to load resource: net::ERR_FAILED @ chrome-extension://invalid/:0
[  247349ms] [ERROR] Failed to load resource: net::ERR_FAILED @ chrome-extension://invalid/:0
[  247460ms] [ERROR] Failed to load resource: net::ERR_FAILED @ chrome-extension://invalid/:0
[  247561ms] [ERROR] Failed to load resource: net::ERR_FAILED @ chrome-extension://invalid/:0
[  247678ms] [ERROR] Failed to load resource: net::ERR_FAILED @ chrome-extension://invalid/:0
[  247786ms] [ERROR] Failed to load resource: net::ERR_FAILED @ chrome-extension://invalid/:0
[  247896ms] [ERROR] Failed to load resource: net::ERR_FAILED @ chrome-extension://invalid/:0
[  248003ms] [ERROR] Failed to load resource: net::ERR_FAILED @ chrome-extension://invalid/:0
[  248114ms] [ERROR] Failed to load resource: net::ERR_FAILED @ chrome-extension://invalid/:0
[  248226ms] [ERROR] Failed to load resource: net::ERR_FAILED @ chrome-extension://invalid/:0
[  248335ms] [ERROR] Failed to load resource: net::ERR_FAILED @ chrome-extension://invalid/:0
[  248445ms] [ERROR] Failed to load resource: net::ERR_FAILED @ chrome-extension://invalid/:0
[  248546ms] [ERROR] Failed to load resource: net::ERR_FAILED @ chrome-extension://invalid/:0
[  248662ms] [ERROR] Failed to load resource: net::ERR_FAILED @ chrome-extension://invalid/:0
[  248772ms] [ERROR] Failed to load resource: net::ERR_FAILED @ chrome-extension://invalid/:0
[  248882ms] [ERROR] Failed to load resource: net::ERR_FAILED @ chrome-extension://invalid/:0
[  248991ms] [ERROR] Failed to load resource: net::ERR_FAILED @ chrome-extension://invalid/:0
[  249093ms] [ERROR] Failed to load resource: net::ERR_FAILED @ chrome-extension://invalid/:0
[  249195ms] [ERROR] Failed to load resource: net::ERR_FAILED @ chrome-extension://invalid/:0
[  249302ms] [ERROR] Failed to load resource: net::ERR_FAILED @ chrome-extension://invalid/:0
[  249413ms] [ERROR] Failed to load resource: net::ERR_FAILED @ chrome-extension://invalid/:0
[  249513ms] [ERROR] Failed to load resource: net::ERR_FAILED @ chrome-extension://invalid/:0
[  249617ms] [ERROR] Failed to load resource: net::ERR_FAILED @ chrome-extension://invalid/:0
[  249718ms] [ERROR] Failed to load resource: net::ERR_FAILED @ chrome-extension://invalid/:0
[  249834ms] [ERROR] Failed to load resource: net::ERR_FAILED @ chrome-extension://invalid/:0
[  249945ms] [ERROR] Failed to load resource: net::ERR_FAILED @ chrome-extension://invalid/:0
[  250055ms] [ERROR] Failed to load resource: net::ERR_FAILED @ chrome-extension://invalid/:0
[  250165ms] [ERROR] Failed to load resource: net::ERR_FAILED @ chrome-extension://invalid/:0
[  250275ms] [ERROR] Failed to load resource: net::ERR_FAILED @ chrome-extension://invalid/:0
[  250376ms] [ERROR] Failed to load resource: net::ERR_FAILED @ chrome-extension://invalid/:0
[  250481ms] [ERROR] Failed to load resource: net::ERR_FAILED @ chrome-extension://invalid/:0
[  250594ms] [ERROR] Failed to load resource: net::ERR_FAILED @ chrome-extension://invalid/:0
[  250703ms] [ERROR] Failed to load resource: net::ERR_FAILED @ chrome-extension://invalid/:0
[  250813ms] [ERROR] Failed to load resource: net::ERR_FAILED @ chrome-extension://invalid/:0
[  250915ms] [ERROR] Failed to load resource: net::ERR_FAILED @ chrome-extension://invalid/:0
[  251018ms] [ERROR] Failed to load resource: net::ERR_FAILED @ chrome-extension://invalid/:0
[  251125ms] [ERROR] Failed to load resource: net::ERR_FAILED @ chrome-extension://invalid/:0
[  251227ms] [ERROR] Failed to load resource: net::ERR_FAILED @ chrome-extension://invalid/:0
[  251328ms] [ERROR] Failed to load resource: net::ERR_FAILED @ chrome-extension://invalid/:0
[  251438ms] [ERROR] Failed to load resource: net::ERR_FAILED @ chrome-extension://invalid/:0
[  251548ms] [ERROR] Failed to load resource: net::ERR_FAILED @ chrome-extension://invalid/:0
[  251659ms] [ERROR] Failed to load resource: net::ERR_FAILED @ chrome-extension://invalid/:0
[  251766ms] [ERROR] Failed to load resource: net::ERR_FAILED @ chrome-extension://invalid/:0
[  251877ms] [ERROR] Failed to load resource: net::ERR_FAILED @ chrome-extension://invalid/:0
[  251985ms] [ERROR] Failed to load resource: net::ERR_FAILED @ chrome-extension://invalid/:0
[  252099ms] [ERROR] Failed to load resource: net::ERR_FAILED @ chrome-extension://invalid/:0
[  252200ms] [ERROR] Failed to load resource: net::ERR_FAILED @ chrome-extension://invalid/:0
[  252302ms] [ERROR] Failed to load resource: net::ERR_FAILED @ chrome-extension://invalid/:0
[  252420ms] [ERROR] Failed to load resource: net::ERR_FAILED @ chrome-extension://invalid/:0
[  252524ms] [ERROR] Failed to load resource: net::ERR_FAILED @ chrome-extension://invalid/:0
[  252626ms] [ERROR] Failed to load resource: net::ERR_FAILED @ chrome-extension://invalid/:0
[  252738ms] [ERROR] Failed to load resource: net::ERR_FAILED @ chrome-extension://invalid/:0
[  252847ms] [ERROR] Failed to load resource: net::ERR_FAILED @ chrome-extension://invalid/:0
[  252948ms] [ERROR] Failed to load resource: net::ERR_FAILED @ chrome-extension://invalid/:0
[  253053ms] [ERROR] Failed to load resource: net::ERR_FAILED @ chrome-extension://invalid/:0
[  253160ms] [ERROR] Failed to load resource: net::ERR_FAILED @ chrome-extension://invalid/:0
[  253268ms] [ERROR] Failed to load resource: net::ERR_FAILED @ chrome-extension://invalid/:0
[  253379ms] [ERROR] Failed to load resource: net::ERR_FAILED @ chrome-extension://invalid/:0
[  253489ms] [ERROR] Failed to load resource: net::ERR_FAILED @ chrome-extension://invalid/:0
[  253591ms] [ERROR] Failed to load resource: net::ERR_FAILED @ chrome-extension://invalid/:0
[  253706ms] [ERROR] Failed to load resource: net::ERR_FAILED @ chrome-extension://invalid/:0
[  253814ms] [ERROR] Failed to load resource: net::ERR_FAILED @ chrome-extension://invalid/:0
[  253923ms] [ERROR] Failed to load resource: net::ERR_FAILED @ chrome-extension://invalid/:0
[  254024ms] [ERROR] Failed to load resource: net::ERR_FAILED @ chrome-extension://invalid/:0
[  254126ms] [ERROR] Failed to load resource: net::ERR_FAILED @ chrome-extension://invalid/:0
[  254237ms] [ERROR] Failed to load resource: net::ERR_FAILED @ chrome-extension://invalid/:0
[  254338ms] [ERROR] Failed to load resource: net::ERR_FAILED @ chrome-extension://invalid/:0
[  254442ms] [ERROR] Failed to load resource: net::ERR_FAILED @ chrome-extension://invalid/:0
[  254552ms] [ERROR] Failed to load resource: net::ERR_FAILED @ chrome-extension://invalid/:0
[  254661ms] [ERROR] Failed to load resource: net::ERR_FAILED @ chrome-extension://invalid/:0
[  254769ms] [ERROR] Failed to load resource: net::ERR_FAILED @ chrome-extension://invalid/:0
[  254877ms] [ERROR] Failed to load resource: net::ERR_FAILED @ chrome-extension://invalid/:0
[  254986ms] [ERROR] Failed to load resource: net::ERR_FAILED @ chrome-extension://invalid/:0
[  255096ms] [ERROR] Failed to load resource: net::ERR_FAILED @ chrome-extension://invalid/:0
[  255198ms] [ERROR] Failed to load resource: net::ERR_FAILED @ chrome-extension://invalid/:0
[  255301ms] [ERROR] Failed to load resource: net::ERR_FAILED @ chrome-extension://invalid/:0
[  255407ms] [ERROR] Failed to load resource: net::ERR_FAILED @ chrome-extension://invalid/:0
[  255515ms] [ERROR] Failed to load resource: net::ERR_FAILED @ chrome-extension://invalid/:0
[  255617ms] [ERROR] Failed to load resource: net::ERR_FAILED @ chrome-extension://invalid/:0
[  255720ms] [ERROR] Failed to load resource: net::ERR_FAILED @ chrome-extension://invalid/:0
[  255822ms] [ERROR] Failed to load resource: net::ERR_FAILED @ chrome-extension://invalid/:0
[  255923ms] [ERROR] Failed to load resource: net::ERR_FAILED @ chrome-extension://invalid/:0
[  256033ms] [ERROR] Failed to load resource: net::ERR_FAILED @ chrome-extension://invalid/:0
[  256144ms] [ERROR] Failed to load resource: net::ERR_FAILED @ chrome-extension://invalid/:0
[  256250ms] [ERROR] Failed to load resource: net::ERR_FAILED @ chrome-extension://invalid/:0
[  256352ms] [ERROR] Failed to load resource: net::ERR_FAILED @ chrome-extension://invalid/:0
[  256455ms] [ERROR] Failed to load resource: net::ERR_FAILED @ chrome-extension://invalid/:0
[  256563ms] [ERROR] Failed to load resource: net::ERR_FAILED @ chrome-extension://invalid/:0
[  256672ms] [ERROR] Failed to load resource: net::ERR_FAILED @ chrome-extension://invalid/:0
[  256782ms] [ERROR] Failed to load resource: net::ERR_FAILED @ chrome-extension://invalid/:0
[  256890ms] [ERROR] Failed to load resource: net::ERR_FAILED @ chrome-extension://invalid/:0
[  256992ms] [ERROR] Failed to load resource: net::ERR_FAILED @ chrome-extension://invalid/:0
[  257094ms] [ERROR] Failed to load resource: net::ERR_FAILED @ chrome-extension://invalid/:0
[  257196ms] [ERROR] Failed to load resource: net::ERR_FAILED @ chrome-extension://invalid/:0
[  257299ms] [ERROR] Failed to load resource: net::ERR_FAILED @ chrome-extension://invalid/:0
[  257400ms] [ERROR] Failed to load resource: net::ERR_FAILED @ chrome-extension://invalid/:0
[  257516ms] [ERROR] Failed to load resource: net::ERR_FAILED @ chrome-extension://invalid/:0
[  257618ms] [ERROR] Failed to load resource: net::ERR_FAILED @ chrome-extension://invalid/:0
[  257727ms] [ERROR] Failed to load resource: net::ERR_FAILED @ chrome-extension://invalid/:0
[  257843ms] [ERROR] Failed to load resource: net::ERR_FAILED @ chrome-extension://invalid/:0
[  257949ms] [ERROR] Failed to load resource: net::ERR_FAILED @ chrome-extension://invalid/:0
[  258059ms] [ERROR] Failed to load resource: net::ERR_FAILED @ chrome-extension://invalid/:0
[  258169ms] [ERROR] Failed to load resource: net::ERR_FAILED @ chrome-extension://invalid/:0
[  258278ms] [ERROR] Failed to load resource: net::ERR_FAILED @ chrome-extension://invalid/:0
[  258379ms] [ERROR] Failed to load resource: net::ERR_FAILED @ chrome-extension://invalid/:0
[  258495ms] [ERROR] Failed to load resource: net::ERR_FAILED @ chrome-extension://invalid/:0
[  258604ms] [ERROR] Failed to load resource: net::ERR_FAILED @ chrome-extension://invalid/:0
[  258711ms] [ERROR] Failed to load resource: net::ERR_FAILED @ chrome-extension://invalid/:0
[  258812ms] [ERROR] Failed to load resource: net::ERR_FAILED @ chrome-extension://invalid/:0
[  258916ms] [ERROR] Failed to load resource: net::ERR_FAILED @ chrome-extension://invalid/:0
[  259025ms] [ERROR] Failed to load resource: net::ERR_FAILED @ chrome-extension://invalid/:0
[  259134ms] [ERROR] Failed to load resource: net::ERR_FAILED @ chrome-extension://invalid/:0
[  259243ms] [ERROR] Failed to load resource: net::ERR_FAILED @ chrome-extension://invalid/:0
[  259354ms] [ERROR] Failed to load resource: net::ERR_FAILED @ chrome-extension://invalid/:0
[  259462ms] [ERROR] Failed to load resource: net::ERR_FAILED @ chrome-extension://invalid/:0
[  259573ms] [ERROR] Failed to load resource: net::ERR_FAILED @ chrome-extension://invalid/:0
[  259684ms] [ERROR] Failed to load resource: net::ERR_FAILED @ chrome-extension://invalid/:0
[  259797ms] [ERROR] Failed to load resource: net::ERR_FAILED @ chrome-extension://invalid/:0
[  259905ms] [ERROR] Failed to load resource: net::ERR_FAILED @ chrome-extension://invalid/:0
[  260014ms] [ERROR] Failed to load resource: net::ERR_FAILED @ chrome-extension://invalid/:0
[  260117ms] [ERROR] Failed to load resource: net::ERR_FAILED @ chrome-extension://invalid/:0
[  260229ms] [ERROR] Failed to load resource: net::ERR_FAILED @ chrome-extension://invalid/:0
[  260330ms] [ERROR] Failed to load resource: net::ERR_FAILED @ chrome-extension://invalid/:0
[  260445ms] [ERROR] Failed to load resource: net::ERR_FAILED @ chrome-extension://invalid/:0
[  260557ms] [ERROR] Failed to load resource: net::ERR_FAILED @ chrome-extension://invalid/:0
[  260658ms] [ERROR] Failed to load resource: net::ERR_FAILED @ chrome-extension://invalid/:0
[  260760ms] [ERROR] Failed to load resource: net::ERR_FAILED @ chrome-extension://invalid/:0
[  260869ms] [ERROR] Failed to load resource: net::ERR_FAILED @ chrome-extension://invalid/:0
[  260977ms] [ERROR] Failed to load resource: net::ERR_FAILED @ chrome-extension://invalid/:0
[  261087ms] [ERROR] Failed to load resource: net::ERR_FAILED @ chrome-extension://invalid/:0
[  261197ms] [ERROR] Failed to load resource: net::ERR_FAILED @ chrome-extension://invalid/:0
[  261298ms] [ERROR] Failed to load resource: net::ERR_FAILED @ chrome-extension://invalid/:0
[  261400ms] [ERROR] Failed to load resource: net::ERR_FAILED @ chrome-extension://invalid/:0
[  261511ms] [ERROR] Failed to load resource: net::ERR_FAILED @ chrome-extension://invalid/:0
[  261613ms] [ERROR] Failed to load resource: net::ERR_FAILED @ chrome-extension://invalid/:0
[  261718ms] [ERROR] Failed to load resource: net::ERR_FAILED @ chrome-extension://invalid/:0
[  261821ms] [ERROR] Failed to load resource: net::ERR_FAILED @ chrome-extension://invalid/:0
[  261934ms] [ERROR] Failed to load resource: net::ERR_FAILED @ chrome-extension://invalid/:0
[  262042ms] [ERROR] Failed to load resource: net::ERR_FAILED @ chrome-extension://invalid/:0
[  262151ms] [ERROR] Failed to load resource: net::ERR_FAILED @ chrome-extension://invalid/:0
[  262262ms] [ERROR] Failed to load resource: net::ERR_FAILED @ chrome-extension://invalid/:0
[  262372ms] [ERROR] Failed to load resource: net::ERR_FAILED @ chrome-extension://invalid/:0
[  262481ms] [ERROR] Failed to load resource: net::ERR_FAILED @ chrome-extension://invalid/:0
[  262588ms] [ERROR] Failed to load resource: net::ERR_FAILED @ chrome-extension://invalid/:0
[  262690ms] [ERROR] Failed to load resource: net::ERR_FAILED @ chrome-extension://invalid/:0
[  262792ms] [ERROR] Failed to load resource: net::ERR_FAILED @ chrome-extension://invalid/:0
[  262900ms] [ERROR] Failed to load resource: net::ERR_FAILED @ chrome-extension://invalid/:0
[  263007ms] [ERROR] Failed to load resource: net::ERR_FAILED @ chrome-extension://invalid/:0
[  263115ms] [ERROR] Failed to load resource: net::ERR_FAILED @ chrome-extension://invalid/:0
[  263225ms] [ERROR] Failed to load resource: net::ERR_FAILED @ chrome-extension://invalid/:0
[  263335ms] [ERROR] Failed to load resource: net::ERR_FAILED @ chrome-extension://invalid/:0
[  263445ms] [ERROR] Failed to load resource: net::ERR_FAILED @ chrome-extension://invalid/:0
[  263554ms] [ERROR] Failed to load resource: net::ERR_FAILED @ chrome-extension://invalid/:0
[  263664ms] [ERROR] Failed to load resource: net::ERR_FAILED @ chrome-extension://invalid/:0
[  263775ms] [ERROR] Failed to load resource: net::ERR_FAILED @ chrome-extension://invalid/:0
[  263883ms] [ERROR] Failed to load resource: net::ERR_FAILED @ chrome-extension://invalid/:0
[  263993ms] [ERROR] Failed to load resource: net::ERR_FAILED @ chrome-extension://invalid/:0
[  264102ms] [ERROR] Failed to load resource: net::ERR_FAILED @ chrome-extension://invalid/:0
[  264213ms] [ERROR] Failed to load resource: net::ERR_FAILED @ chrome-extension://invalid/:0
[  264322ms] [ERROR] Failed to load resource: net::ERR_FAILED @ chrome-extension://invalid/:0
[  264430ms] [ERROR] Failed to load resource: net::ERR_FAILED @ chrome-extension://invalid/:0
[  264541ms] [ERROR] Failed to load resource: net::ERR_FAILED @ chrome-extension://invalid/:0
[  264650ms] [ERROR] Failed to load resource: net::ERR_FAILED @ chrome-extension://invalid/:0
[  264760ms] [ERROR] Failed to load resource: net::ERR_FAILED @ chrome-extension://invalid/:0
[  264862ms] [ERROR] Failed to load resource: net::ERR_FAILED @ chrome-extension://invalid/:0
[  264976ms] [ERROR] Failed to load resource: net::ERR_FAILED @ chrome-extension://invalid/:0
[  265086ms] [ERROR] Failed to load resource: net::ERR_FAILED @ chrome-extension://invalid/:0
[  265198ms] [ERROR] Failed to load resource: net::ERR_FAILED @ chrome-extension://invalid/:0
[  265307ms] [ERROR] Failed to load resource: net::ERR_FAILED @ chrome-extension://invalid/:0
[  265415ms] [ERROR] Failed to load resource: net::ERR_FAILED @ chrome-extension://invalid/:0
[  265523ms] [ERROR] Failed to load resource: net::ERR_FAILED @ chrome-extension://invalid/:0
[  265625ms] [ERROR] Failed to load resource: net::ERR_FAILED @ chrome-extension://invalid/:0
[  265727ms] [ERROR] Failed to load resource: net::ERR_FAILED @ chrome-extension://invalid/:0
[  265841ms] [ERROR] Failed to load resource: net::ERR_FAILED @ chrome-extension://invalid/:0
[  265952ms] [ERROR] Failed to load resource: net::ERR_FAILED @ chrome-extension://invalid/:0
[  266062ms] [ERROR] Failed to load resource: net::ERR_FAILED @ chrome-extension://invalid/:0
[  266169ms] [ERROR] Failed to load resource: net::ERR_FAILED @ chrome-extension://invalid/:0
[  266279ms] [ERROR] Failed to load resource: net::ERR_FAILED @ chrome-extension://invalid/:0
[  266392ms] [ERROR] Failed to load resource: net::ERR_FAILED @ chrome-extension://invalid/:0
[  266500ms] [ERROR] Failed to load resource: net::ERR_FAILED @ chrome-extension://invalid/:0
[  266612ms] [ERROR] Failed to load resource: net::ERR_FAILED @ chrome-extension://invalid/:0
[  266722ms] [ERROR] Failed to load resource: net::ERR_FAILED @ chrome-extension://invalid/:0
[  266830ms] [ERROR] Failed to load resource: net::ERR_FAILED @ chrome-extension://invalid/:0
[  266940ms] [ERROR] Failed to load resource: net::ERR_FAILED @ chrome-extension://invalid/:0
[  267047ms] [ERROR] Failed to load resource: net::ERR_FAILED @ chrome-extension://invalid/:0
[  267157ms] [ERROR] Failed to load resource: net::ERR_FAILED @ chrome-extension://invalid/:0
[  267264ms] [ERROR] Failed to load resource: net::ERR_FAILED @ chrome-extension://invalid/:0
[  267366ms] [ERROR] Failed to load resource: net::ERR_FAILED @ chrome-extension://invalid/:0
[  267467ms] [ERROR] Failed to load resource: net::ERR_FAILED @ chrome-extension://invalid/:0
[  267581ms] [ERROR] Failed to load resource: net::ERR_FAILED @ chrome-extension://invalid/:0
[  267691ms] [ERROR] Failed to load resource: net::ERR_FAILED @ chrome-extension://invalid/:0
[  267801ms] [ERROR] Failed to load resource: net::ERR_FAILED @ chrome-extension://invalid/:0
[  267910ms] [ERROR] Failed to load resource: net::ERR_FAILED @ chrome-extension://invalid/:0
[  268018ms] [ERROR] Failed to load resource: net::ERR_FAILED @ chrome-extension://invalid/:0
[  268127ms] [ERROR] Failed to load resource: net::ERR_FAILED @ chrome-extension://invalid/:0
[  268227ms] [ERROR] Failed to load resource: net::ERR_FAILED @ chrome-extension://invalid/:0
[  268344ms] [ERROR] Failed to load resource: net::ERR_FAILED @ chrome-extension://invalid/:0
[  268452ms] [ERROR] Failed to load resource: net::ERR_FAILED @ chrome-extension://invalid/:0
[  268553ms] [ERROR] Failed to load resource: net::ERR_FAILED @ chrome-extension://invalid/:0
[  268655ms] [ERROR] Failed to load resource: net::ERR_FAILED @ chrome-extension://invalid/:0
[  268763ms] [ERROR] Failed to load resource: net::ERR_FAILED @ chrome-extension://invalid/:0
[  268876ms] [ERROR] Failed to load resource: net::ERR_FAILED @ chrome-extension://invalid/:0
[  268985ms] [ERROR] Failed to load resource: net::ERR_FAILED @ chrome-extension://invalid/:0
[  269093ms] [ERROR] Failed to load resource: net::ERR_FAILED @ chrome-extension://invalid/:0
[  269202ms] [ERROR] Failed to load resource: net::ERR_FAILED @ chrome-extension://invalid/:0
[  269312ms] [ERROR] Failed to load resource: net::ERR_FAILED @ chrome-extension://invalid/:0
[  269414ms] [ERROR] Failed to load resource: net::ERR_FAILED @ chrome-extension://invalid/:0
[  269515ms] [ERROR] Failed to load resource: net::ERR_FAILED @ chrome-extension://invalid/:0
[  269617ms] [ERROR] Failed to load resource: net::ERR_FAILED @ chrome-extension://invalid/:0
[  269732ms] [ERROR] Failed to load resource: net::ERR_FAILED @ chrome-extension://invalid/:0
[  269841ms] [ERROR] Failed to load resource: net::ERR_FAILED @ chrome-extension://invalid/:0
[  269949ms] [ERROR] Failed to load resource: net::ERR_FAILED @ chrome-extension://invalid/:0
[  270057ms] [ERROR] Failed to load resource: net::ERR_FAILED @ chrome-extension://invalid/:0
[  270166ms] [ERROR] Failed to load resource: net::ERR_FAILED @ chrome-extension://invalid/:0
[  270274ms] [ERROR] Failed to load resource: net::ERR_FAILED @ chrome-extension://invalid/:0
[  270375ms] [ERROR] Failed to load resource: net::ERR_FAILED @ chrome-extension://invalid/:0
[  270477ms] [ERROR] Failed to load resource: net::ERR_FAILED @ chrome-extension://invalid/:0
[  270585ms] [ERROR] Failed to load resource: net::ERR_FAILED @ chrome-extension://invalid/:0
[  270687ms] [ERROR] Failed to load resource: net::ERR_FAILED @ chrome-extension://invalid/:0
[  270790ms] [ERROR] Failed to load resource: net::ERR_FAILED @ chrome-extension://invalid/:0
[  270899ms] [ERROR] Failed to load resource: net::ERR_FAILED @ chrome-extension://invalid/:0
[  271009ms] [ERROR] Failed to load resource: net::ERR_FAILED @ chrome-extension://invalid/:0
[  271115ms] [ERROR] Failed to load resource: net::ERR_FAILED @ chrome-extension://invalid/:0
[  271224ms] [ERROR] Failed to load resource: net::ERR_FAILED @ chrome-extension://invalid/:0
[  271327ms] [ERROR] Failed to load resource: net::ERR_FAILED @ chrome-extension://invalid/:0
[  271444ms] [ERROR] Failed to load resource: net::ERR_FAILED @ chrome-extension://invalid/:0
[  271553ms] [ERROR] Failed to load resource: net::ERR_FAILED @ chrome-extension://invalid/:0
[  271662ms] [ERROR] Failed to load resource: net::ERR_FAILED @ chrome-extension://invalid/:0
[  271770ms] [ERROR] Failed to load resource: net::ERR_FAILED @ chrome-extension://invalid/:0
[  271877ms] [ERROR] Failed to load resource: net::ERR_FAILED @ chrome-extension://invalid/:0
[  271985ms] [ERROR] Failed to load resource: net::ERR_FAILED @ chrome-extension://invalid/:0
[  272092ms] [ERROR] Failed to load resource: net::ERR_FAILED @ chrome-extension://invalid/:0
[  272202ms] [ERROR] Failed to load resource: net::ERR_FAILED @ chrome-extension://invalid/:0
[  272303ms] [ERROR] Failed to load resource: net::ERR_FAILED @ chrome-extension://invalid/:0
[  272404ms] [ERROR] Failed to load resource: net::ERR_FAILED @ chrome-extension://invalid/:0
[  272506ms] [ERROR] Failed to load resource: net::ERR_FAILED @ chrome-extension://invalid/:0
[  272608ms] [ERROR] Failed to load resource: net::ERR_FAILED @ chrome-extension://invalid/:0
[  272714ms] [ERROR] Failed to load resource: net::ERR_FAILED @ chrome-extension://invalid/:0
[  272821ms] [ERROR] Failed to load resource: net::ERR_FAILED @ chrome-extension://invalid/:0
[  272934ms] [ERROR] Failed to load resource: net::ERR_FAILED @ chrome-extension://invalid/:0
[  273046ms] [ERROR] Failed to load resource: net::ERR_FAILED @ chrome-extension://invalid/:0
[  273147ms] [ERROR] Failed to load resource: net::ERR_FAILED @ chrome-extension://invalid/:0
[  273249ms] [ERROR] Failed to load resource: net::ERR_FAILED @ chrome-extension://invalid/:0
[  273360ms] [ERROR] Failed to load resource: net::ERR_FAILED @ chrome-extension://invalid/:0
[  273469ms] [ERROR] Failed to load resource: net::ERR_FAILED @ chrome-extension://invalid/:0
[  273578ms] [ERROR] Failed to load resource: net::ERR_FAILED @ chrome-extension://invalid/:0
[  273689ms] [ERROR] Failed to load resource: net::ERR_FAILED @ chrome-extension://invalid/:0
[  273800ms] [ERROR] Failed to load resource: net::ERR_FAILED @ chrome-extension://invalid/:0
[  273912ms] [ERROR] Failed to load resource: net::ERR_FAILED @ chrome-extension://invalid/:0
[  274023ms] [ERROR] Failed to load resource: net::ERR_FAILED @ chrome-extension://invalid/:0
[  274132ms] [ERROR] Failed to load resource: net::ERR_FAILED @ chrome-extension://invalid/:0
[  274242ms] [ERROR] Failed to load resource: net::ERR_FAILED @ chrome-extension://invalid/:0
[  274350ms] [ERROR] Failed to load resource: net::ERR_FAILED @ chrome-extension://invalid/:0
[  274460ms] [ERROR] Failed to load resource: net::ERR_FAILED @ chrome-extension://invalid/:0
[  274568ms] [ERROR] Failed to load resource: net::ERR_FAILED @ chrome-extension://invalid/:0
[  274669ms] [ERROR] Failed to load resource: net::ERR_FAILED @ chrome-extension://invalid/:0
[  274771ms] [ERROR] Failed to load resource: net::ERR_FAILED @ chrome-extension://invalid/:0
[  274879ms] [ERROR] Failed to load resource: net::ERR_FAILED @ chrome-extension://invalid/:0
[  274990ms] [ERROR] Failed to load resource: net::ERR_FAILED @ chrome-extension://invalid/:0
[  275100ms] [ERROR] Failed to load resource: net::ERR_FAILED @ chrome-extension://invalid/:0
[  275210ms] [ERROR] Failed to load resource: net::ERR_FAILED @ chrome-extension://invalid/:0
[  275320ms] [ERROR] Failed to load resource: net::ERR_FAILED @ chrome-extension://invalid/:0
[  275427ms] [ERROR] Failed to load resource: net::ERR_FAILED @ chrome-extension://invalid/:0
[  275535ms] [ERROR] Failed to load resource: net::ERR_FAILED @ chrome-extension://invalid/:0
[  275643ms] [ERROR] Failed to load resource: net::ERR_FAILED @ chrome-extension://invalid/:0
[  275745ms] [ERROR] Failed to load resource: net::ERR_FAILED @ chrome-extension://invalid/:0
[  275880ms] [ERROR] Failed to load resource: net::ERR_FAILED @ chrome-extension://invalid/:0
[  275983ms] [ERROR] Failed to load resource: net::ERR_FAILED @ chrome-extension://invalid/:0
[  276092ms] [ERROR] Failed to load resource: net::ERR_FAILED @ chrome-extension://invalid/:0
[  276200ms] [ERROR] Failed to load resource: net::ERR_FAILED @ chrome-extension://invalid/:0
[  276309ms] [ERROR] Failed to load resource: net::ERR_FAILED @ chrome-extension://invalid/:0
[  276418ms] [ERROR] Failed to load resource: net::ERR_FAILED @ chrome-extension://invalid/:0
[  276524ms] [ERROR] Failed to load resource: net::ERR_FAILED @ chrome-extension://invalid/:0
[  276632ms] [ERROR] Failed to load resource: net::ERR_FAILED @ chrome-extension://invalid/:0
[  276740ms] [ERROR] Failed to load resource: net::ERR_FAILED @ chrome-extension://invalid/:0
[  276849ms] [ERROR] Failed to load resource: net::ERR_FAILED @ chrome-extension://invalid/:0
[  276958ms] [ERROR] Failed to load resource: net::ERR_FAILED @ chrome-extension://invalid/:0
[  277068ms] [ERROR] Failed to load resource: net::ERR_FAILED @ chrome-extension://invalid/:0
[  277178ms] [ERROR] Failed to load resource: net::ERR_FAILED @ chrome-extension://invalid/:0
[  277286ms] [ERROR] Failed to load resource: net::ERR_FAILED @ chrome-extension://invalid/:0
[  277388ms] [ERROR] Failed to load resource: net::ERR_FAILED @ chrome-extension://invalid/:0
[  277503ms] [ERROR] Failed to load resource: net::ERR_FAILED @ chrome-extension://invalid/:0
[  277613ms] [ERROR] Failed to load resource: net::ERR_FAILED @ chrome-extension://invalid/:0
[  277722ms] [ERROR] Failed to load resource: net::ERR_FAILED @ chrome-extension://invalid/:0
[  277829ms] [ERROR] Failed to load resource: net::ERR_FAILED @ chrome-extension://invalid/:0
[  277935ms] [ERROR] Failed to load resource: net::ERR_FAILED @ chrome-extension://invalid/:0
[  278042ms] [ERROR] Failed to load resource: net::ERR_FAILED @ chrome-extension://invalid/:0
[  278152ms] [ERROR] Failed to load resource: net::ERR_FAILED @ chrome-extension://invalid/:0
[  278261ms] [ERROR] Failed to load resource: net::ERR_FAILED @ chrome-extension://invalid/:0
[  278369ms] [ERROR] Failed to load resource: net::ERR_FAILED @ chrome-extension://invalid/:0
[  278470ms] [ERROR] Failed to load resource: net::ERR_FAILED @ chrome-extension://invalid/:0
[  278573ms] [ERROR] Failed to load resource: net::ERR_FAILED @ chrome-extension://invalid/:0
[  278674ms] [ERROR] Failed to load resource: net::ERR_FAILED @ chrome-extension://invalid/:0
[  278788ms] [ERROR] Failed to load resource: net::ERR_FAILED @ chrome-extension://invalid/:0
[  278889ms] [ERROR] Failed to load resource: net::ERR_FAILED @ chrome-extension://invalid/:0
[  279006ms] [ERROR] Failed to load resource: net::ERR_FAILED @ chrome-extension://invalid/:0
[  279114ms] [ERROR] Failed to load resource: net::ERR_FAILED @ chrome-extension://invalid/:0
[  279224ms] [ERROR] Failed to load resource: net::ERR_FAILED @ chrome-extension://invalid/:0
[  279333ms] [ERROR] Failed to load resource: net::ERR_FAILED @ chrome-extension://invalid/:0
[  279442ms] [ERROR] Failed to load resource: net::ERR_FAILED @ chrome-extension://invalid/:0
[  279550ms] [ERROR] Failed to load resource: net::ERR_FAILED @ chrome-extension://invalid/:0
[  279659ms] [ERROR] Failed to load resource: net::ERR_FAILED @ chrome-extension://invalid/:0
[  279770ms] [ERROR] Failed to load resource: net::ERR_FAILED @ chrome-extension://invalid/:0
[  279880ms] [ERROR] Failed to load resource: net::ERR_FAILED @ chrome-extension://invalid/:0
[  279991ms] [ERROR] Failed to load resource: net::ERR_FAILED @ chrome-extension://invalid/:0
[  280101ms] [ERROR] Failed to load resource: net::ERR_FAILED @ chrome-extension://invalid/:0
[  280211ms] [ERROR] Failed to load resource: net::ERR_FAILED @ chrome-extension://invalid/:0
[  280320ms] [ERROR] Failed to load resource: net::ERR_FAILED @ chrome-extension://invalid/:0
[  280421ms] [ERROR] Failed to load resource: net::ERR_FAILED @ chrome-extension://invalid/:0
[  280537ms] [ERROR] Failed to load resource: net::ERR_FAILED @ chrome-extension://invalid/:0
[  280644ms] [ERROR] Failed to load resource: net::ERR_FAILED @ chrome-extension://invalid/:0
[  280753ms] [ERROR] Failed to load resource: net::ERR_FAILED @ chrome-extension://invalid/:0
[  280854ms] [ERROR] Failed to load resource: net::ERR_FAILED @ chrome-extension://invalid/:0
[  280956ms] [ERROR] Failed to load resource: net::ERR_FAILED @ chrome-extension://invalid/:0
[  281064ms] [ERROR] Failed to load resource: net::ERR_FAILED @ chrome-extension://invalid/:0
[  281172ms] [ERROR] Failed to load resource: net::ERR_FAILED @ chrome-extension://invalid/:0
[  281278ms] [ERROR] Failed to load resource: net::ERR_FAILED @ chrome-extension://invalid/:0
[  281388ms] [ERROR] Failed to load resource: net::ERR_FAILED @ chrome-extension://invalid/:0
[  281495ms] [ERROR] Failed to load resource: net::ERR_FAILED @ chrome-extension://invalid/:0
[  281604ms] [ERROR] Failed to load resource: net::ERR_FAILED @ chrome-extension://invalid/:0
[  281712ms] [ERROR] Failed to load resource: net::ERR_FAILED @ chrome-extension://invalid/:0
[  281823ms] [ERROR] Failed to load resource: net::ERR_FAILED @ chrome-extension://invalid/:0
[  281925ms] [ERROR] Failed to load resource: net::ERR_FAILED @ chrome-extension://invalid/:0
[  282029ms] [ERROR] Failed to load resource: net::ERR_FAILED @ chrome-extension://invalid/:0
[  282136ms] [ERROR] Failed to load resource: net::ERR_FAILED @ chrome-extension://invalid/:0
[  282245ms] [ERROR] Failed to load resource: net::ERR_FAILED @ chrome-extension://invalid/:0
[  282354ms] [ERROR] Failed to load resource: net::ERR_FAILED @ chrome-extension://invalid/:0
[  282463ms] [ERROR] Failed to load resource: net::ERR_FAILED @ chrome-extension://invalid/:0
[  282574ms] [ERROR] Failed to load resource: net::ERR_FAILED @ chrome-extension://invalid/:0
[  282683ms] [ERROR] Failed to load resource: net::ERR_FAILED @ chrome-extension://invalid/:0
[  282793ms] [ERROR] Failed to load resource: net::ERR_FAILED @ chrome-extension://invalid/:0
[  282902ms] [ERROR] Failed to load resource: net::ERR_FAILED @ chrome-extension://invalid/:0
[  283003ms] [ERROR] Failed to load resource: net::ERR_FAILED @ chrome-extension://invalid/:0
[  283106ms] [ERROR] Failed to load resource: net::ERR_FAILED @ chrome-extension://invalid/:0
[  283207ms] [ERROR] Failed to load resource: net::ERR_FAILED @ chrome-extension://invalid/:0
[  283309ms] [ERROR] Failed to load resource: net::ERR_FAILED @ chrome-extension://invalid/:0
[  283418ms] [ERROR] Failed to load resource: net::ERR_FAILED @ chrome-extension://invalid/:0
[  283524ms] [ERROR] Failed to load resource: net::ERR_FAILED @ chrome-extension://invalid/:0
[  283637ms] [ERROR] Failed to load resource: net::ERR_FAILED @ chrome-extension://invalid/:0
[  283738ms] [ERROR] Failed to load resource: net::ERR_FAILED @ chrome-extension://invalid/:0
[  283853ms] [ERROR] Failed to load resource: net::ERR_FAILED @ chrome-extension://invalid/:0
[  283962ms] [ERROR] Failed to load resource: net::ERR_FAILED @ chrome-extension://invalid/:0
[  284071ms] [ERROR] Failed to load resource: net::ERR_FAILED @ chrome-extension://invalid/:0
[  284180ms] [ERROR] Failed to load resource: net::ERR_FAILED @ chrome-extension://invalid/:0
[  284288ms] [ERROR] Failed to load resource: net::ERR_FAILED @ chrome-extension://invalid/:0
[  284396ms] [ERROR] Failed to load resource: net::ERR_FAILED @ chrome-extension://invalid/:0
[  284498ms] [ERROR] Failed to load resource: net::ERR_FAILED @ chrome-extension://invalid/:0
[  284614ms] [ERROR] Failed to load resource: net::ERR_FAILED @ chrome-extension://invalid/:0
[  284726ms] [ERROR] Failed to load resource: net::ERR_FAILED @ chrome-extension://invalid/:0
[  284828ms] [ERROR] Failed to load resource: net::ERR_FAILED @ chrome-extension://invalid/:0
[  284930ms] [ERROR] Failed to load resource: net::ERR_FAILED @ chrome-extension://invalid/:0
[  285038ms] [ERROR] Failed to load resource: net::ERR_FAILED @ chrome-extension://invalid/:0
[  285147ms] [ERROR] Failed to load resource: net::ERR_FAILED @ chrome-extension://invalid/:0
[  285256ms] [ERROR] Failed to load resource: net::ERR_FAILED @ chrome-extension://invalid/:0
[  285365ms] [ERROR] Failed to load resource: net::ERR_FAILED @ chrome-extension://invalid/:0
[  285473ms] [ERROR] Failed to load resource: net::ERR_FAILED @ chrome-extension://invalid/:0
[  285580ms] [ERROR] Failed to load resource: net::ERR_FAILED @ chrome-extension://invalid/:0
[  285691ms] [ERROR] Failed to load resource: net::ERR_FAILED @ chrome-extension://invalid/:0
[  285799ms] [ERROR] Failed to load resource: net::ERR_FAILED @ chrome-extension://invalid/:0
[  285909ms] [ERROR] Failed to load resource: net::ERR_FAILED @ chrome-extension://invalid/:0
[  286017ms] [ERROR] Failed to load resource: net::ERR_FAILED @ chrome-extension://invalid/:0
[  286119ms] [ERROR] Failed to load resource: net::ERR_FAILED @ chrome-extension://invalid/:0
[  286223ms] [ERROR] Failed to load resource: net::ERR_FAILED @ chrome-extension://invalid/:0
[  286332ms] [ERROR] Failed to load resource: net::ERR_FAILED @ chrome-extension://invalid/:0
[  286440ms] [ERROR] Failed to load resource: net::ERR_FAILED @ chrome-extension://invalid/:0
[  286550ms] [ERROR] Failed to load resource: net::ERR_FAILED @ chrome-extension://invalid/:0
[  286658ms] [ERROR] Failed to load resource: net::ERR_FAILED @ chrome-extension://invalid/:0
[  286770ms] [ERROR] Failed to load resource: net::ERR_FAILED @ chrome-extension://invalid/:0
[  286877ms] [ERROR] Failed to load resource: net::ERR_FAILED @ chrome-extension://invalid/:0
[  286978ms] [ERROR] Failed to load resource: net::ERR_FAILED @ chrome-extension://invalid/:0
[  287079ms] [ERROR] Failed to load resource: net::ERR_FAILED @ chrome-extension://invalid/:0
[  287188ms] [ERROR] Failed to load resource: net::ERR_FAILED @ chrome-extension://invalid/:0
[  287298ms] [ERROR] Failed to load resource: net::ERR_FAILED @ chrome-extension://invalid/:0
[  287406ms] [ERROR] Failed to load resource: net::ERR_FAILED @ chrome-extension://invalid/:0
[  287515ms] [ERROR] Failed to load resource: net::ERR_FAILED @ chrome-extension://invalid/:0
[  287617ms] [ERROR] Failed to load resource: net::ERR_FAILED @ chrome-extension://invalid/:0
[  287731ms] [ERROR] Failed to load resource: net::ERR_FAILED @ chrome-extension://invalid/:0
[  287839ms] [ERROR] Failed to load resource: net::ERR_FAILED @ chrome-extension://invalid/:0
[  287947ms] [ERROR] Failed to load resource: net::ERR_FAILED @ chrome-extension://invalid/:0
[  288055ms] [ERROR] Failed to load resource: net::ERR_FAILED @ chrome-extension://invalid/:0
[  288163ms] [ERROR] Failed to load resource: net::ERR_FAILED @ chrome-extension://invalid/:0
[  288273ms] [ERROR] Failed to load resource: net::ERR_FAILED @ chrome-extension://invalid/:0
[  288381ms] [ERROR] Failed to load resource: net::ERR_FAILED @ chrome-extension://invalid/:0
[  288490ms] [ERROR] Failed to load resource: net::ERR_FAILED @ chrome-extension://invalid/:0
[  288599ms] [ERROR] Failed to load resource: net::ERR_FAILED @ chrome-extension://invalid/:0
[  288709ms] [ERROR] Failed to load resource: net::ERR_FAILED @ chrome-extension://invalid/:0
[  288821ms] [ERROR] Failed to load resource: net::ERR_FAILED @ chrome-extension://invalid/:0
[  288930ms] [ERROR] Failed to load resource: net::ERR_FAILED @ chrome-extension://invalid/:0
[  289038ms] [ERROR] Failed to load resource: net::ERR_FAILED @ chrome-extension://invalid/:0
[  289148ms] [ERROR] Failed to load resource: net::ERR_FAILED @ chrome-extension://invalid/:0
[  289260ms] [ERROR] Failed to load resource: net::ERR_FAILED @ chrome-extension://invalid/:0
[  289370ms] [ERROR] Failed to load resource: net::ERR_FAILED @ chrome-extension://invalid/:0
[  289479ms] [ERROR] Failed to load resource: net::ERR_FAILED @ chrome-extension://invalid/:0
[  289588ms] [ERROR] Failed to load resource: net::ERR_FAILED @ chrome-extension://invalid/:0
[  289696ms] [ERROR] Failed to load resource: net::ERR_FAILED @ chrome-extension://invalid/:0
[  289807ms] [ERROR] Failed to load resource: net::ERR_FAILED @ chrome-extension://invalid/:0
[  289915ms] [ERROR] Failed to load resource: net::ERR_FAILED @ chrome-extension://invalid/:0
[  290016ms] [ERROR] Failed to load resource: net::ERR_FAILED @ chrome-extension://invalid/:0
[  290120ms] [ERROR] Failed to load resource: net::ERR_FAILED @ chrome-extension://invalid/:0
[  290228ms] [ERROR] Failed to load resource: net::ERR_FAILED @ chrome-extension://invalid/:0
[  290337ms] [ERROR] Failed to load resource: net::ERR_FAILED @ chrome-extension://invalid/:0
[  290448ms] [ERROR] Failed to load resource: net::ERR_FAILED @ chrome-extension://invalid/:0
[  290557ms] [ERROR] Failed to load resource: net::ERR_FAILED @ chrome-extension://invalid/:0
[  290668ms] [ERROR] Failed to load resource: net::ERR_FAILED @ chrome-extension://invalid/:0
[  290776ms] [ERROR] Failed to load resource: net::ERR_FAILED @ chrome-extension://invalid/:0
[  290884ms] [ERROR] Failed to load resource: net::ERR_FAILED @ chrome-extension://invalid/:0
[  290993ms] [ERROR] Failed to load resource: net::ERR_FAILED @ chrome-extension://invalid/:0
[  291094ms] [ERROR] Failed to load resource: net::ERR_FAILED @ chrome-extension://invalid/:0
[  291197ms] [ERROR] Failed to load resource: net::ERR_FAILED @ chrome-extension://invalid/:0
[  291307ms] [ERROR] Failed to load resource: net::ERR_FAILED @ chrome-extension://invalid/:0
[  291417ms] [ERROR] Failed to load resource: net::ERR_FAILED @ chrome-extension://invalid/:0
[  291518ms] [ERROR] Failed to load resource: net::ERR_FAILED @ chrome-extension://invalid/:0
[  291620ms] [ERROR] Failed to load resource: net::ERR_FAILED @ chrome-extension://invalid/:0
[  291725ms] [ERROR] Failed to load resource: net::ERR_FAILED @ chrome-extension://invalid/:0
[  291832ms] [ERROR] Failed to load resource: net::ERR_FAILED @ chrome-extension://invalid/:0
[  291941ms] [ERROR] Failed to load resource: net::ERR_FAILED @ chrome-extension://invalid/:0
[  292048ms] [ERROR] Failed to load resource: net::ERR_FAILED @ chrome-extension://invalid/:0
[  292157ms] [ERROR] Failed to load resource: net::ERR_FAILED @ chrome-extension://invalid/:0
[  292267ms] [ERROR] Failed to load resource: net::ERR_FAILED @ chrome-extension://invalid/:0
[  292377ms] [ERROR] Failed to load resource: net::ERR_FAILED @ chrome-extension://invalid/:0
[  292487ms] [ERROR] Failed to load resource: net::ERR_FAILED @ chrome-extension://invalid/:0
[  292593ms] [ERROR] Failed to load resource: net::ERR_FAILED @ chrome-extension://invalid/:0
[  292695ms] [ERROR] Failed to load resource: net::ERR_FAILED @ chrome-extension://invalid/:0
[  292812ms] [ERROR] Failed to load resource: net::ERR_FAILED @ chrome-extension://invalid/:0
[  292916ms] [ERROR] Failed to load resource: net::ERR_FAILED @ chrome-extension://invalid/:0
[  293023ms] [ERROR] Failed to load resource: net::ERR_FAILED @ chrome-extension://invalid/:0
[  293137ms] [ERROR] Failed to load resource: net::ERR_FAILED @ chrome-extension://invalid/:0
[  293248ms] [ERROR] Failed to load resource: net::ERR_FAILED @ chrome-extension://invalid/:0
[  293356ms] [ERROR] Failed to load resource: net::ERR_FAILED @ chrome-extension://invalid/:0
[  293458ms] [ERROR] Failed to load resource: net::ERR_FAILED @ chrome-extension://invalid/:0
[  293560ms] [ERROR] Failed to load resource: net::ERR_FAILED @ chrome-extension://invalid/:0
[  293672ms] [ERROR] Failed to load resource: net::ERR_FAILED @ chrome-extension://invalid/:0
[  293780ms] [ERROR] Failed to load resource: net::ERR_FAILED @ chrome-extension://invalid/:0
[  293890ms] [ERROR] Failed to load resource: net::ERR_FAILED @ chrome-extension://invalid/:0
[  293997ms] [ERROR] Failed to load resource: net::ERR_FAILED @ chrome-extension://invalid/:0
[  294103ms] [ERROR] Failed to load resource: net::ERR_FAILED @ chrome-extension://invalid/:0
[  294213ms] [ERROR] Failed to load resource: net::ERR_FAILED @ chrome-extension://invalid/:0
[  294321ms] [ERROR] Failed to load resource: net::ERR_FAILED @ chrome-extension://invalid/:0
[  294432ms] [ERROR] Failed to load resource: net::ERR_FAILED @ chrome-extension://invalid/:0
[  294542ms] [ERROR] Failed to load resource: net::ERR_FAILED @ chrome-extension://invalid/:0
[  294653ms] [ERROR] Failed to load resource: net::ERR_FAILED @ chrome-extension://invalid/:0
[  294763ms] [ERROR] Failed to load resource: net::ERR_FAILED @ chrome-extension://invalid/:0
[  294871ms] [ERROR] Failed to load resource: net::ERR_FAILED @ chrome-extension://invalid/:0
[  294981ms] [ERROR] Failed to load resource: net::ERR_FAILED @ chrome-extension://invalid/:0
[  295090ms] [ERROR] Failed to load resource: net::ERR_FAILED @ chrome-extension://invalid/:0
[  295198ms] [ERROR] Failed to load resource: net::ERR_FAILED @ chrome-extension://invalid/:0
[  295308ms] [ERROR] Failed to load resource: net::ERR_FAILED @ chrome-extension://invalid/:0
[  295420ms] [ERROR] Failed to load resource: net::ERR_FAILED @ chrome-extension://invalid/:0
[  295521ms] [ERROR] Failed to load resource: net::ERR_FAILED @ chrome-extension://invalid/:0
[  295635ms] [ERROR] Failed to load resource: net::ERR_FAILED @ chrome-extension://invalid/:0
[  295746ms] [ERROR] Failed to load resource: net::ERR_FAILED @ chrome-extension://invalid/:0
[  295855ms] [ERROR] Failed to load resource: net::ERR_FAILED @ chrome-extension://invalid/:0
[  295965ms] [ERROR] Failed to load resource: net::ERR_FAILED @ chrome-extension://invalid/:0
[  296075ms] [ERROR] Failed to load resource: net::ERR_FAILED @ chrome-extension://invalid/:0
[  296183ms] [ERROR] Failed to load resource: net::ERR_FAILED @ chrome-extension://invalid/:0
[  296292ms] [ERROR] Failed to load resource: net::ERR_FAILED @ chrome-extension://invalid/:0
[  296400ms] [ERROR] Failed to load resource: net::ERR_FAILED @ chrome-extension://invalid/:0
[  296502ms] [ERROR] Failed to load resource: net::ERR_FAILED @ chrome-extension://invalid/:0
[  296616ms] [ERROR] Failed to load resource: net::ERR_FAILED @ chrome-extension://invalid/:0
[  296726ms] [ERROR] Failed to load resource: net::ERR_FAILED @ chrome-extension://invalid/:0
[  296832ms] [ERROR] Failed to load resource: net::ERR_FAILED @ chrome-extension://invalid/:0
[  296942ms] [ERROR] Failed to load resource: net::ERR_FAILED @ chrome-extension://invalid/:0
[  297051ms] [ERROR] Failed to load resource: net::ERR_FAILED @ chrome-extension://invalid/:0
[  297152ms] [ERROR] Failed to load resource: net::ERR_FAILED @ chrome-extension://invalid/:0
[  297254ms] [ERROR] Failed to load resource: net::ERR_FAILED @ chrome-extension://invalid/:0
[  297364ms] [ERROR] Failed to load resource: net::ERR_FAILED @ chrome-extension://invalid/:0
[  297471ms] [ERROR] Failed to load resource: net::ERR_FAILED @ chrome-extension://invalid/:0
[  297580ms] [ERROR] Failed to load resource: net::ERR_FAILED @ chrome-extension://invalid/:0
[  297689ms] [ERROR] Failed to load resource: net::ERR_FAILED @ chrome-extension://invalid/:0
[  297790ms] [ERROR] Failed to load resource: net::ERR_FAILED @ chrome-extension://invalid/:0
[  297891ms] [ERROR] Failed to load resource: net::ERR_FAILED @ chrome-extension://invalid/:0
[  297993ms] [ERROR] Failed to load resource: net::ERR_FAILED @ chrome-extension://invalid/:0
[  298109ms] [ERROR] Failed to load resource: net::ERR_FAILED @ chrome-extension://invalid/:0
[  298216ms] [ERROR] Failed to load resource: net::ERR_FAILED @ chrome-extension://invalid/:0
[  298320ms] [ERROR] Failed to load resource: net::ERR_FAILED @ chrome-extension://invalid/:0
[  298435ms] [ERROR] Failed to load resource: net::ERR_FAILED @ chrome-extension://invalid/:0
[  298542ms] [ERROR] Failed to load resource: net::ERR_FAILED @ chrome-extension://invalid/:0
[  298652ms] [ERROR] Failed to load resource: net::ERR_FAILED @ chrome-extension://invalid/:0
[  298753ms] [ERROR] Failed to load resource: net::ERR_FAILED @ chrome-extension://invalid/:0
[  298854ms] [ERROR] Failed to load resource: net::ERR_FAILED @ chrome-extension://invalid/:0
[  298961ms] [ERROR] Failed to load resource: net::ERR_FAILED @ chrome-extension://invalid/:0
[  299072ms] [ERROR] Failed to load resource: net::ERR_FAILED @ chrome-extension://invalid/:0
[  299173ms] [ERROR] Failed to load resource: net::ERR_FAILED @ chrome-extension://invalid/:0
[  299289ms] [ERROR] Failed to load resource: net::ERR_FAILED @ chrome-extension://invalid/:0
[  299391ms] [ERROR] Failed to load resource: net::ERR_FAILED @ chrome-extension://invalid/:0
[  299492ms] [ERROR] Failed to load resource: net::ERR_FAILED @ chrome-extension://invalid/:0
[  299600ms] [ERROR] Failed to load resource: net::ERR_FAILED @ chrome-extension://invalid/:0
[  299707ms] [ERROR] Failed to load resource: net::ERR_FAILED @ chrome-extension://invalid/:0
[  299819ms] [ERROR] Failed to load resource: net::ERR_FAILED @ chrome-extension://invalid/:0
[  299927ms] [ERROR] Failed to load resource: net::ERR_FAILED @ chrome-extension://invalid/:0
[  300038ms] [ERROR] Failed to load resource: net::ERR_FAILED @ chrome-extension://invalid/:0
[  300139ms] [ERROR] Failed to load resource: net::ERR_FAILED @ chrome-extension://invalid/:0
[  300240ms] [ERROR] Failed to load resource: net::ERR_FAILED @ chrome-extension://invalid/:0
[  300354ms] [ERROR] Failed to load resource: net::ERR_FAILED @ chrome-extension://invalid/:0
[  300463ms] [ERROR] Failed to load resource: net::ERR_FAILED @ chrome-extension://invalid/:0
[  300570ms] [ERROR] Failed to load resource: net::ERR_FAILED @ chrome-extension://invalid/:0
[  300671ms] [ERROR] Failed to load resource: net::ERR_FAILED @ chrome-extension://invalid/:0
[  300776ms] [ERROR] Failed to load resource: net::ERR_FAILED @ chrome-extension://invalid/:0
[  300882ms] [ERROR] Failed to load resource: net::ERR_FAILED @ chrome-extension://invalid/:0
[  300985ms] [ERROR] Failed to load resource: net::ERR_FAILED @ chrome-extension://invalid/:0
[  301100ms] [ERROR] Failed to load resource: net::ERR_FAILED @ chrome-extension://invalid/:0
[  301211ms] [ERROR] Failed to load resource: net::ERR_FAILED @ chrome-extension://invalid/:0
[  301320ms] [ERROR] Failed to load resource: net::ERR_FAILED @ chrome-extension://invalid/:0
[  301431ms] [ERROR] Failed to load resource: net::ERR_FAILED @ chrome-extension://invalid/:0
[  301543ms] [ERROR] Failed to load resource: net::ERR_FAILED @ chrome-extension://invalid/:0
[  301652ms] [ERROR] Failed to load resource: net::ERR_FAILED @ chrome-extension://invalid/:0
[  301761ms] [ERROR] Failed to load resource: net::ERR_FAILED @ chrome-extension://invalid/:0
[  301869ms] [ERROR] Failed to load resource: net::ERR_FAILED @ chrome-extension://invalid/:0
[  301978ms] [ERROR] Failed to load resource: net::ERR_FAILED @ chrome-extension://invalid/:0
[  302087ms] [ERROR] Failed to load resource: net::ERR_FAILED @ chrome-extension://invalid/:0
[  302196ms] [ERROR] Failed to load resource: net::ERR_FAILED @ chrome-extension://invalid/:0
[  302304ms] [ERROR] Failed to load resource: net::ERR_FAILED @ chrome-extension://invalid/:0
[  302414ms] [ERROR] Failed to load resource: net::ERR_FAILED @ chrome-extension://invalid/:0
[  302521ms] [ERROR] Failed to load resource: net::ERR_FAILED @ chrome-extension://invalid/:0
[  302631ms] [ERROR] Failed to load resource: net::ERR_FAILED @ chrome-extension://invalid/:0
[  302740ms] [ERROR] Failed to load resource: net::ERR_FAILED @ chrome-extension://invalid/:0
[  302851ms] [ERROR] Failed to load resource: net::ERR_FAILED @ chrome-extension://invalid/:0
[  302959ms] [ERROR] Failed to load resource: net::ERR_FAILED @ chrome-extension://invalid/:0
[  303070ms] [ERROR] Failed to load resource: net::ERR_FAILED @ chrome-extension://invalid/:0
[  303171ms] [ERROR] Failed to load resource: net::ERR_FAILED @ chrome-extension://invalid/:0
[  303276ms] [ERROR] Failed to load resource: net::ERR_FAILED @ chrome-extension://invalid/:0
[  303384ms] [ERROR] Failed to load resource: net::ERR_FAILED @ chrome-extension://invalid/:0
[  303491ms] [ERROR] Failed to load resource: net::ERR_FAILED @ chrome-extension://invalid/:0
[  303599ms] [ERROR] Failed to load resource: net::ERR_FAILED @ chrome-extension://invalid/:0
[  303708ms] [ERROR] Failed to load resource: net::ERR_FAILED @ chrome-extension://invalid/:0
[  303817ms] [ERROR] Failed to load resource: net::ERR_FAILED @ chrome-extension://invalid/:0
[  303925ms] [ERROR] Failed to load resource: net::ERR_FAILED @ chrome-extension://invalid/:0
[  304034ms] [ERROR] Failed to load resource: net::ERR_FAILED @ chrome-extension://invalid/:0
[  304143ms] [ERROR] Failed to load resource: net::ERR_FAILED @ chrome-extension://invalid/:0
[  304253ms] [ERROR] Failed to load resource: net::ERR_FAILED @ chrome-extension://invalid/:0
[  304361ms] [ERROR] Failed to load resource: net::ERR_FAILED @ chrome-extension://invalid/:0
[  304468ms] [ERROR] Failed to load resource: net::ERR_FAILED @ chrome-extension://invalid/:0
[  304576ms] [ERROR] Failed to load resource: net::ERR_FAILED @ chrome-extension://invalid/:0
[  304678ms] [ERROR] Failed to load resource: net::ERR_FAILED @ chrome-extension://invalid/:0
[  304792ms] [ERROR] Failed to load resource: net::ERR_FAILED @ chrome-extension://invalid/:0
[  304900ms] [ERROR] Failed to load resource: net::ERR_FAILED @ chrome-extension://invalid/:0
[  305010ms] [ERROR] Failed to load resource: net::ERR_FAILED @ chrome-extension://invalid/:0
[  305118ms] [ERROR] Failed to load resource: net::ERR_FAILED @ chrome-extension://invalid/:0
[  305232ms] [ERROR] Failed to load resource: net::ERR_FAILED @ chrome-extension://invalid/:0
[  305341ms] [ERROR] Failed to load resource: net::ERR_FAILED @ chrome-extension://invalid/:0
[  305451ms] [ERROR] Failed to load resource: net::ERR_FAILED @ chrome-extension://invalid/:0
[  305562ms] [ERROR] Failed to load resource: net::ERR_FAILED @ chrome-extension://invalid/:0
[  305673ms] [ERROR] Failed to load resource: net::ERR_FAILED @ chrome-extension://invalid/:0
[  305780ms] [ERROR] Failed to load resource: net::ERR_FAILED @ chrome-extension://invalid/:0
[  305890ms] [ERROR] Failed to load resource: net::ERR_FAILED @ chrome-extension://invalid/:0
[  305998ms] [ERROR] Failed to load resource: net::ERR_FAILED @ chrome-extension://invalid/:0
[  306106ms] [ERROR] Failed to load resource: net::ERR_FAILED @ chrome-extension://invalid/:0
[  306207ms] [ERROR] Failed to load resource: net::ERR_FAILED @ chrome-extension://invalid/:0
[  306315ms] [ERROR] Failed to load resource: net::ERR_FAILED @ chrome-extension://invalid/:0
[  306424ms] [ERROR] Failed to load resource: net::ERR_FAILED @ chrome-extension://invalid/:0
[  306532ms] [ERROR] Failed to load resource: net::ERR_FAILED @ chrome-extension://invalid/:0
[  306642ms] [ERROR] Failed to load resource: net::ERR_FAILED @ chrome-extension://invalid/:0
[  306753ms] [ERROR] Failed to load resource: net::ERR_FAILED @ chrome-extension://invalid/:0
[  306863ms] [ERROR] Failed to load resource: net::ERR_FAILED @ chrome-extension://invalid/:0
[  306972ms] [ERROR] Failed to load resource: net::ERR_FAILED @ chrome-extension://invalid/:0
[  307081ms] [ERROR] Failed to load resource: net::ERR_FAILED @ chrome-extension://invalid/:0
[  307182ms] [ERROR] Failed to load resource: net::ERR_FAILED @ chrome-extension://invalid/:0
[  307298ms] [ERROR] Failed to load resource: net::ERR_FAILED @ chrome-extension://invalid/:0
[  307408ms] [ERROR] Failed to load resource: net::ERR_FAILED @ chrome-extension://invalid/:0
[  307516ms] [ERROR] Failed to load resource: net::ERR_FAILED @ chrome-extension://invalid/:0
[  307618ms] [ERROR] Failed to load resource: net::ERR_FAILED @ chrome-extension://invalid/:0
[  307726ms] [ERROR] Failed to load resource: net::ERR_FAILED @ chrome-extension://invalid/:0
[  307843ms] [ERROR] Failed to load resource: net::ERR_FAILED @ chrome-extension://invalid/:0
[  307950ms] [ERROR] Failed to load resource: net::ERR_FAILED @ chrome-extension://invalid/:0
[  308059ms] [ERROR] Failed to load resource: net::ERR_FAILED @ chrome-extension://invalid/:0
[  308166ms] [ERROR] Failed to load resource: net::ERR_FAILED @ chrome-extension://invalid/:0
[  308274ms] [ERROR] Failed to load resource: net::ERR_FAILED @ chrome-extension://invalid/:0
[  308383ms] [ERROR] Failed to load resource: net::ERR_FAILED @ chrome-extension://invalid/:0
[  308492ms] [ERROR] Failed to load resource: net::ERR_FAILED @ chrome-extension://invalid/:0
[  308603ms] [ERROR] Failed to load resource: net::ERR_FAILED @ chrome-extension://invalid/:0
[  308713ms] [ERROR] Failed to load resource: net::ERR_FAILED @ chrome-extension://invalid/:0
[  308821ms] [ERROR] Failed to load resource: net::ERR_FAILED @ chrome-extension://invalid/:0
[  308930ms] [ERROR] Failed to load resource: net::ERR_FAILED @ chrome-extension://invalid/:0
[  309045ms] [ERROR] Failed to load resource: net::ERR_FAILED @ chrome-extension://invalid/:0
[  309155ms] [ERROR] Failed to load resource: net::ERR_FAILED @ chrome-extension://invalid/:0
[  309257ms] [ERROR] Failed to load resource: net::ERR_FAILED @ chrome-extension://invalid/:0
[  309362ms] [ERROR] Failed to load resource: net::ERR_FAILED @ chrome-extension://invalid/:0
[  309474ms] [ERROR] Failed to load resource: net::ERR_FAILED @ chrome-extension://invalid/:0
[  309575ms] [ERROR] Failed to load resource: net::ERR_FAILED @ chrome-extension://invalid/:0
[  309677ms] [ERROR] Failed to load resource: net::ERR_FAILED @ chrome-extension://invalid/:0
[  309778ms] [ERROR] Failed to load resource: net::ERR_FAILED @ chrome-extension://invalid/:0
[  309892ms] [ERROR] Failed to load resource: net::ERR_FAILED @ chrome-extension://invalid/:0
[  309999ms] [ERROR] Failed to load resource: net::ERR_FAILED @ chrome-extension://invalid/:0
[  310108ms] [ERROR] Failed to load resource: net::ERR_FAILED @ chrome-extension://invalid/:0
[  310216ms] [ERROR] Failed to load resource: net::ERR_FAILED @ chrome-extension://invalid/:0
[  310321ms] [ERROR] Failed to load resource: net::ERR_FAILED @ chrome-extension://invalid/:0
[  310423ms] [ERROR] Failed to load resource: net::ERR_FAILED @ chrome-extension://invalid/:0
[  310532ms] [ERROR] Failed to load resource: net::ERR_FAILED @ chrome-extension://invalid/:0
[  310641ms] [ERROR] Failed to load resource: net::ERR_FAILED @ chrome-extension://invalid/:0
[  310750ms] [ERROR] Failed to load resource: net::ERR_FAILED @ chrome-extension://invalid/:0
[  310861ms] [ERROR] Failed to load resource: net::ERR_FAILED @ chrome-extension://invalid/:0
[  310970ms] [ERROR] Failed to load resource: net::ERR_FAILED @ chrome-extension://invalid/:0
[  311081ms] [ERROR] Failed to load resource: net::ERR_FAILED @ chrome-extension://invalid/:0
[  311192ms] [ERROR] Failed to load resource: net::ERR_FAILED @ chrome-extension://invalid/:0
[  311301ms] [ERROR] Failed to load resource: net::ERR_FAILED @ chrome-extension://invalid/:0
[  311409ms] [ERROR] Failed to load resource: net::ERR_FAILED @ chrome-extension://invalid/:0
[  311519ms] [ERROR] Failed to load resource: net::ERR_FAILED @ chrome-extension://invalid/:0
[  311630ms] [ERROR] Failed to load resource: net::ERR_FAILED @ chrome-extension://invalid/:0
[  311740ms] [ERROR] Failed to load resource: net::ERR_FAILED @ chrome-extension://invalid/:0
[  311842ms] [ERROR] Failed to load resource: net::ERR_FAILED @ chrome-extension://invalid/:0
[  311958ms] [ERROR] Failed to load resource: net::ERR_FAILED @ chrome-extension://invalid/:0
[  312067ms] [ERROR] Failed to load resource: net::ERR_FAILED @ chrome-extension://invalid/:0
[  312177ms] [ERROR] Failed to load resource: net::ERR_FAILED @ chrome-extension://invalid/:0
[  312286ms] [ERROR] Failed to load resource: net::ERR_FAILED @ chrome-extension://invalid/:0
[  312394ms] [ERROR] Failed to load resource: net::ERR_FAILED @ chrome-extension://invalid/:0
[  312502ms] [ERROR] Failed to load resource: net::ERR_FAILED @ chrome-extension://invalid/:0
[  312613ms] [ERROR] Failed to load resource: net::ERR_FAILED @ chrome-extension://invalid/:0
[  312722ms] [ERROR] Failed to load resource: net::ERR_FAILED @ chrome-extension://invalid/:0
[  312830ms] [ERROR] Failed to load resource: net::ERR_FAILED @ chrome-extension://invalid/:0
[  312941ms] [ERROR] Failed to load resource: net::ERR_FAILED @ chrome-extension://invalid/:0
[  313049ms] [ERROR] Failed to load resource: net::ERR_FAILED @ chrome-extension://invalid/:0
[  313157ms] [ERROR] Failed to load resource: net::ERR_FAILED @ chrome-extension://invalid/:0
[  313267ms] [ERROR] Failed to load resource: net::ERR_FAILED @ chrome-extension://invalid/:0
[  313378ms] [ERROR] Failed to load resource: net::ERR_FAILED @ chrome-extension://invalid/:0
[  313491ms] [ERROR] Failed to load resource: net::ERR_FAILED @ chrome-extension://invalid/:0
[  313597ms] [ERROR] Failed to load resource: net::ERR_FAILED @ chrome-extension://invalid/:0
[  313706ms] [ERROR] Failed to load resource: net::ERR_FAILED @ chrome-extension://invalid/:0
[  313815ms] [ERROR] Failed to load resource: net::ERR_FAILED @ chrome-extension://invalid/:0
[  313924ms] [ERROR] Failed to load resource: net::ERR_FAILED @ chrome-extension://invalid/:0
[  314034ms] [ERROR] Failed to load resource: net::ERR_FAILED @ chrome-extension://invalid/:0
[  314141ms] [ERROR] Failed to load resource: net::ERR_FAILED @ chrome-extension://invalid/:0
[  314249ms] [ERROR] Failed to load resource: net::ERR_FAILED @ chrome-extension://invalid/:0
[  314360ms] [ERROR] Failed to load resource: net::ERR_FAILED @ chrome-extension://invalid/:0
[  314462ms] [ERROR] Failed to load resource: net::ERR_FAILED @ chrome-extension://invalid/:0
[  314563ms] [ERROR] Failed to load resource: net::ERR_FAILED @ chrome-extension://invalid/:0
[  314665ms] [ERROR] Failed to load resource: net::ERR_FAILED @ chrome-extension://invalid/:0
[  314770ms] [ERROR] Failed to load resource: net::ERR_FAILED @ chrome-extension://invalid/:0
[  314871ms] [ERROR] Failed to load resource: net::ERR_FAILED @ chrome-extension://invalid/:0
[  314974ms] [ERROR] Failed to load resource: net::ERR_FAILED @ chrome-extension://invalid/:0
[  315082ms] [ERROR] Failed to load resource: net::ERR_FAILED @ chrome-extension://invalid/:0
[  315190ms] [ERROR] Failed to load resource: net::ERR_FAILED @ chrome-extension://invalid/:0
[  315291ms] [ERROR] Failed to load resource: net::ERR_FAILED @ chrome-extension://invalid/:0
[  315396ms] [ERROR] Failed to load resource: net::ERR_FAILED @ chrome-extension://invalid/:0
[  315505ms] [ERROR] Failed to load resource: net::ERR_FAILED @ chrome-extension://invalid/:0
[  315614ms] [ERROR] Failed to load resource: net::ERR_FAILED @ chrome-extension://invalid/:0
[  315717ms] [ERROR] Failed to load resource: net::ERR_FAILED @ chrome-extension://invalid/:0
[  315818ms] [ERROR] Failed to load resource: net::ERR_FAILED @ chrome-extension://invalid/:0
[  315921ms] [ERROR] Failed to load resource: net::ERR_FAILED @ chrome-extension://invalid/:0
[  316023ms] [ERROR] Failed to load resource: net::ERR_FAILED @ chrome-extension://invalid/:0
[  316127ms] [ERROR] Failed to load resource: net::ERR_FAILED @ chrome-extension://invalid/:0
[  316234ms] [ERROR] Failed to load resource: net::ERR_FAILED @ chrome-extension://invalid/:0
[  316346ms] [ERROR] Failed to load resource: net::ERR_FAILED @ chrome-extension://invalid/:0
[  316456ms] [ERROR] Failed to load resource: net::ERR_FAILED @ chrome-extension://invalid/:0
[  316568ms] [ERROR] Failed to load resource: net::ERR_FAILED @ chrome-extension://invalid/:0
[  316678ms] [ERROR] Failed to load resource: net::ERR_FAILED @ chrome-extension://invalid/:0
[  316788ms] [ERROR] Failed to load resource: net::ERR_FAILED @ chrome-extension://invalid/:0
[  316890ms] [ERROR] Failed to load resource: net::ERR_FAILED @ chrome-extension://invalid/:0
[  316991ms] [ERROR] Failed to load resource: net::ERR_FAILED @ chrome-extension://invalid/:0
[  317098ms] [ERROR] Failed to load resource: net::ERR_FAILED @ chrome-extension://invalid/:0
[  317206ms] [ERROR] Failed to load resource: net::ERR_FAILED @ chrome-extension://invalid/:0
[  317315ms] [ERROR] Failed to load resource: net::ERR_FAILED @ chrome-extension://invalid/:0
[  317424ms] [ERROR] Failed to load resource: net::ERR_FAILED @ chrome-extension://invalid/:0
[  317536ms] [ERROR] Failed to load resource: net::ERR_FAILED @ chrome-extension://invalid/:0
[  317643ms] [ERROR] Failed to load resource: net::ERR_FAILED @ chrome-extension://invalid/:0
[  317753ms] [ERROR] Failed to load resource: net::ERR_FAILED @ chrome-extension://invalid/:0
[  317854ms] [ERROR] Failed to load resource: net::ERR_FAILED @ chrome-extension://invalid/:0
[  317957ms] [ERROR] Failed to load resource: net::ERR_FAILED @ chrome-extension://invalid/:0
[  318065ms] [ERROR] Failed to load resource: net::ERR_FAILED @ chrome-extension://invalid/:0
[  318174ms] [ERROR] Failed to load resource: net::ERR_FAILED @ chrome-extension://invalid/:0
[  318282ms] [ERROR] Failed to load resource: net::ERR_FAILED @ chrome-extension://invalid/:0
[  318393ms] [ERROR] Failed to load resource: net::ERR_FAILED @ chrome-extension://invalid/:0
[  318502ms] [ERROR] Failed to load resource: net::ERR_FAILED @ chrome-extension://invalid/:0
[  318612ms] [ERROR] Failed to load resource: net::ERR_FAILED @ chrome-extension://invalid/:0
[  318723ms] [ERROR] Failed to load resource: net::ERR_FAILED @ chrome-extension://invalid/:0
[  318825ms] [ERROR] Failed to load resource: net::ERR_FAILED @ chrome-extension://invalid/:0
[  318937ms] [ERROR] Failed to load resource: net::ERR_FAILED @ chrome-extension://invalid/:0
[  319047ms] [ERROR] Failed to load resource: net::ERR_FAILED @ chrome-extension://invalid/:0
[  319157ms] [ERROR] Failed to load resource: net::ERR_FAILED @ chrome-extension://invalid/:0
[  319266ms] [ERROR] Failed to load resource: net::ERR_FAILED @ chrome-extension://invalid/:0
[  319375ms] [ERROR] Failed to load resource: net::ERR_FAILED @ chrome-extension://invalid/:0
[  319485ms] [ERROR] Failed to load resource: net::ERR_FAILED @ chrome-extension://invalid/:0
[  319593ms] [ERROR] Failed to load resource: net::ERR_FAILED @ chrome-extension://invalid/:0
[  319704ms] [ERROR] Failed to load resource: net::ERR_FAILED @ chrome-extension://invalid/:0
[  319815ms] [ERROR] Failed to load resource: net::ERR_FAILED @ chrome-extension://invalid/:0
[  319922ms] [ERROR] Failed to load resource: net::ERR_FAILED @ chrome-extension://invalid/:0
[  320024ms] [ERROR] Failed to load resource: net::ERR_FAILED @ chrome-extension://invalid/:0
[  320126ms] [ERROR] Failed to load resource: net::ERR_FAILED @ chrome-extension://invalid/:0
[  320235ms] [ERROR] Failed to load resource: net::ERR_FAILED @ chrome-extension://invalid/:0
[  320343ms] [ERROR] Failed to load resource: net::ERR_FAILED @ chrome-extension://invalid/:0
[  320453ms] [ERROR] Failed to load resource: net::ERR_FAILED @ chrome-extension://invalid/:0
[  320565ms] [ERROR] Failed to load resource: net::ERR_FAILED @ chrome-extension://invalid/:0
[  320673ms] [ERROR] Failed to load resource: net::ERR_FAILED @ chrome-extension://invalid/:0
[  320781ms] [ERROR] Failed to load resource: net::ERR_FAILED @ chrome-extension://invalid/:0
[  320887ms] [ERROR] Failed to load resource: net::ERR_FAILED @ chrome-extension://invalid/:0
[  320997ms] [ERROR] Failed to load resource: net::ERR_FAILED @ chrome-extension://invalid/:0
[  321108ms] [ERROR] Failed to load resource: net::ERR_FAILED @ chrome-extension://invalid/:0
[  321211ms] [ERROR] Failed to load resource: net::ERR_FAILED @ chrome-extension://invalid/:0
[  321312ms] [ERROR] Failed to load resource: net::ERR_FAILED @ chrome-extension://invalid/:0
[  321414ms] [ERROR] Failed to load resource: net::ERR_FAILED @ chrome-extension://invalid/:0
[  321519ms] [ERROR] Failed to load resource: net::ERR_FAILED @ chrome-extension://invalid/:0
[  321626ms] [ERROR] Failed to load resource: net::ERR_FAILED @ chrome-extension://invalid/:0
[  321727ms] [ERROR] Failed to load resource: net::ERR_FAILED @ chrome-extension://invalid/:0
[  321829ms] [ERROR] Failed to load resource: net::ERR_FAILED @ chrome-extension://invalid/:0
[  321936ms] [ERROR] Failed to load resource: net::ERR_FAILED @ chrome-extension://invalid/:0
[  322047ms] [ERROR] Failed to load resource: net::ERR_FAILED @ chrome-extension://invalid/:0
[  322155ms] [ERROR] Failed to load resource: net::ERR_FAILED @ chrome-extension://invalid/:0
[  322266ms] [ERROR] Failed to load resource: net::ERR_FAILED @ chrome-extension://invalid/:0
[  322373ms] [ERROR] Failed to load resource: net::ERR_FAILED @ chrome-extension://invalid/:0
[  322484ms] [ERROR] Failed to load resource: net::ERR_FAILED @ chrome-extension://invalid/:0
[  322596ms] [ERROR] Failed to load resource: net::ERR_FAILED @ chrome-extension://invalid/:0
[  322706ms] [ERROR] Failed to load resource: net::ERR_FAILED @ chrome-extension://invalid/:0
[  322816ms] [ERROR] Failed to load resource: net::ERR_FAILED @ chrome-extension://invalid/:0
[  322924ms] [ERROR] Failed to load resource: net::ERR_FAILED @ chrome-extension://invalid/:0
[  323032ms] [ERROR] Failed to load resource: net::ERR_FAILED @ chrome-extension://invalid/:0
[  323140ms] [ERROR] Failed to load resource: net::ERR_FAILED @ chrome-extension://invalid/:0
[  323248ms] [ERROR] Failed to load resource: net::ERR_FAILED @ chrome-extension://invalid/:0
[  323359ms] [ERROR] Failed to load resource: net::ERR_FAILED @ chrome-extension://invalid/:0
[  323460ms] [ERROR] Failed to load resource: net::ERR_FAILED @ chrome-extension://invalid/:0
[  323561ms] [ERROR] Failed to load resource: net::ERR_FAILED @ chrome-extension://invalid/:0
[  323671ms] [ERROR] Failed to load resource: net::ERR_FAILED @ chrome-extension://invalid/:0
[  323780ms] [ERROR] Failed to load resource: net::ERR_FAILED @ chrome-extension://invalid/:0
[  323890ms] [ERROR] Failed to load resource: net::ERR_FAILED @ chrome-extension://invalid/:0
[  324000ms] [ERROR] Failed to load resource: net::ERR_FAILED @ chrome-extension://invalid/:0
[  324108ms] [ERROR] Failed to load resource: net::ERR_FAILED @ chrome-extension://invalid/:0
[  324215ms] [ERROR] Failed to load resource: net::ERR_FAILED @ chrome-extension://invalid/:0
[  324320ms] [ERROR] Failed to load resource: net::ERR_FAILED @ chrome-extension://invalid/:0
[  324432ms] [ERROR] Failed to load resource: net::ERR_FAILED @ chrome-extension://invalid/:0
[  324541ms] [ERROR] Failed to load resource: net::ERR_FAILED @ chrome-extension://invalid/:0
[  324650ms] [ERROR] Failed to load resource: net::ERR_FAILED @ chrome-extension://invalid/:0
[  324751ms] [ERROR] Failed to load resource: net::ERR_FAILED @ chrome-extension://invalid/:0
[  324856ms] [ERROR] Failed to load resource: net::ERR_FAILED @ chrome-extension://invalid/:0
[  324957ms] [ERROR] Failed to load resource: net::ERR_FAILED @ chrome-extension://invalid/:0
[  325072ms] [ERROR] Failed to load resource: net::ERR_FAILED @ chrome-extension://invalid/:0
[  325179ms] [ERROR] Failed to load resource: net::ERR_FAILED @ chrome-extension://invalid/:0
[  325289ms] [ERROR] Failed to load resource: net::ERR_FAILED @ chrome-extension://invalid/:0
[  325391ms] [ERROR] Failed to load resource: net::ERR_FAILED @ chrome-extension://invalid/:0
[  325493ms] [ERROR] Failed to load resource: net::ERR_FAILED @ chrome-extension://invalid/:0
[  325604ms] [ERROR] Failed to load resource: net::ERR_FAILED @ chrome-extension://invalid/:0
[  325711ms] [ERROR] Failed to load resource: net::ERR_FAILED @ chrome-extension://invalid/:0
[  325813ms] [ERROR] Failed to load resource: net::ERR_FAILED @ chrome-extension://invalid/:0
[  325918ms] [ERROR] Failed to load resource: net::ERR_FAILED @ chrome-extension://invalid/:0
[  326020ms] [ERROR] Failed to load resource: net::ERR_FAILED @ chrome-extension://invalid/:0
[  326121ms] [ERROR] Failed to load resource: net::ERR_FAILED @ chrome-extension://invalid/:0
[  326227ms] [ERROR] Failed to load resource: net::ERR_FAILED @ chrome-extension://invalid/:0
[  326334ms] [ERROR] Failed to load resource: net::ERR_FAILED @ chrome-extension://invalid/:0
[  326435ms] [ERROR] Failed to load resource: net::ERR_FAILED @ chrome-extension://invalid/:0
[  326541ms] [ERROR] Failed to load resource: net::ERR_FAILED @ chrome-extension://invalid/:0
[  326648ms] [ERROR] Failed to load resource: net::ERR_FAILED @ chrome-extension://invalid/:0
[  326759ms] [ERROR] Failed to load resource: net::ERR_FAILED @ chrome-extension://invalid/:0
[  326869ms] [ERROR] Failed to load resource: net::ERR_FAILED @ chrome-extension://invalid/:0
[  326976ms] [ERROR] Failed to load resource: net::ERR_FAILED @ chrome-extension://invalid/:0
[  327077ms] [ERROR] Failed to load resource: net::ERR_FAILED @ chrome-extension://invalid/:0
[  327192ms] [ERROR] Failed to load resource: net::ERR_FAILED @ chrome-extension://invalid/:0
[  327301ms] [ERROR] Failed to load resource: net::ERR_FAILED @ chrome-extension://invalid/:0
[  327411ms] [ERROR] Failed to load resource: net::ERR_FAILED @ chrome-extension://invalid/:0
[  327512ms] [ERROR] Failed to load resource: net::ERR_FAILED @ chrome-extension://invalid/:0
[  327615ms] [ERROR] Failed to load resource: net::ERR_FAILED @ chrome-extension://invalid/:0
[  327726ms] [ERROR] Failed to load resource: net::ERR_FAILED @ chrome-extension://invalid/:0
[  327828ms] [ERROR] Failed to load resource: net::ERR_FAILED @ chrome-extension://invalid/:0
[  327930ms] [ERROR] Failed to load resource: net::ERR_FAILED @ chrome-extension://invalid/:0
[  328038ms] [ERROR] Failed to load resource: net::ERR_FAILED @ chrome-extension://invalid/:0
[  328144ms] [ERROR] Failed to load resource: net::ERR_FAILED @ chrome-extension://invalid/:0
[  328245ms] [ERROR] Failed to load resource: net::ERR_FAILED @ chrome-extension://invalid/:0
[  328360ms] [ERROR] Failed to load resource: net::ERR_FAILED @ chrome-extension://invalid/:0
[  328469ms] [ERROR] Failed to load resource: net::ERR_FAILED @ chrome-extension://invalid/:0
[  328571ms] [ERROR] Failed to load resource: net::ERR_FAILED @ chrome-extension://invalid/:0
[  328673ms] [ERROR] Failed to load resource: net::ERR_FAILED @ chrome-extension://invalid/:0
[  328781ms] [ERROR] Failed to load resource: net::ERR_FAILED @ chrome-extension://invalid/:0
[  328890ms] [ERROR] Failed to load resource: net::ERR_FAILED @ chrome-extension://invalid/:0
[  328998ms] [ERROR] Failed to load resource: net::ERR_FAILED @ chrome-extension://invalid/:0
[  329106ms] [ERROR] Failed to load resource: net::ERR_FAILED @ chrome-extension://invalid/:0
[  329213ms] [ERROR] Failed to load resource: net::ERR_FAILED @ chrome-extension://invalid/:0
[  329321ms] [ERROR] Failed to load resource: net::ERR_FAILED @ chrome-extension://invalid/:0
[  329431ms] [ERROR] Failed to load resource: net::ERR_FAILED @ chrome-extension://invalid/:0
[  329538ms] [ERROR] Failed to load resource: net::ERR_FAILED @ chrome-extension://invalid/:0
[  329639ms] [ERROR] Failed to load resource: net::ERR_FAILED @ chrome-extension://invalid/:0
[  329741ms] [ERROR] Failed to load resource: net::ERR_FAILED @ chrome-extension://invalid/:0
[  329849ms] [ERROR] Failed to load resource: net::ERR_FAILED @ chrome-extension://invalid/:0
[  329958ms] [ERROR] Failed to load resource: net::ERR_FAILED @ chrome-extension://invalid/:0
[  330070ms] [ERROR] Failed to load resource: net::ERR_FAILED @ chrome-extension://invalid/:0
[  330171ms] [ERROR] Failed to load resource: net::ERR_FAILED @ chrome-extension://invalid/:0
[  330277ms] [ERROR] Failed to load resource: net::ERR_FAILED @ chrome-extension://invalid/:0
[  330385ms] [ERROR] Failed to load resource: net::ERR_FAILED @ chrome-extension://invalid/:0
[  330493ms] [ERROR] Failed to load resource: net::ERR_FAILED @ chrome-extension://invalid/:0
[  330603ms] [ERROR] Failed to load resource: net::ERR_FAILED @ chrome-extension://invalid/:0
[  330713ms] [ERROR] Failed to load resource: net::ERR_FAILED @ chrome-extension://invalid/:0
[  330821ms] [ERROR] Failed to load resource: net::ERR_FAILED @ chrome-extension://invalid/:0
[  330930ms] [ERROR] Failed to load resource: net::ERR_FAILED @ chrome-extension://invalid/:0
[  331038ms] [ERROR] Failed to load resource: net::ERR_FAILED @ chrome-extension://invalid/:0
[  331149ms] [ERROR] Failed to load resource: net::ERR_FAILED @ chrome-extension://invalid/:0
[  331258ms] [ERROR] Failed to load resource: net::ERR_FAILED @ chrome-extension://invalid/:0
[  331365ms] [ERROR] Failed to load resource: net::ERR_FAILED @ chrome-extension://invalid/:0
[  331475ms] [ERROR] Failed to load resource: net::ERR_FAILED @ chrome-extension://invalid/:0
[  331590ms] [ERROR] Failed to load resource: net::ERR_FAILED @ chrome-extension://invalid/:0
[  331693ms] [ERROR] Failed to load resource: net::ERR_FAILED @ chrome-extension://invalid/:0
[  331795ms] [ERROR] Failed to load resource: net::ERR_FAILED @ chrome-extension://invalid/:0
[  331911ms] [ERROR] Failed to load resource: net::ERR_FAILED @ chrome-extension://invalid/:0
[  332018ms] [ERROR] Failed to load resource: net::ERR_FAILED @ chrome-extension://invalid/:0
[  332119ms] [ERROR] Failed to load resource: net::ERR_FAILED @ chrome-extension://invalid/:0
[  332220ms] [ERROR] Failed to load resource: net::ERR_FAILED @ chrome-extension://invalid/:0
[  332321ms] [ERROR] Failed to load resource: net::ERR_FAILED @ chrome-extension://invalid/:0
[  332438ms] [ERROR] Failed to load resource: net::ERR_FAILED @ chrome-extension://invalid/:0
[  332548ms] [ERROR] Failed to load resource: net::ERR_FAILED @ chrome-extension://invalid/:0
[  332657ms] [ERROR] Failed to load resource: net::ERR_FAILED @ chrome-extension://invalid/:0
[  332766ms] [ERROR] Failed to load resource: net::ERR_FAILED @ chrome-extension://invalid/:0
[  332867ms] [ERROR] Failed to load resource: net::ERR_FAILED @ chrome-extension://invalid/:0
[  332969ms] [ERROR] Failed to load resource: net::ERR_FAILED @ chrome-extension://invalid/:0
[  333070ms] [ERROR] Failed to load resource: net::ERR_FAILED @ chrome-extension://invalid/:0
[  333172ms] [ERROR] Failed to load resource: net::ERR_FAILED @ chrome-extension://invalid/:0
[  333282ms] [ERROR] Failed to load resource: net::ERR_FAILED @ chrome-extension://invalid/:0
[  333391ms] [ERROR] Failed to load resource: net::ERR_FAILED @ chrome-extension://invalid/:0
[  333493ms] [ERROR] Failed to load resource: net::ERR_FAILED @ chrome-extension://invalid/:0
[  333596ms] [ERROR] Failed to load resource: net::ERR_FAILED @ chrome-extension://invalid/:0
[  333704ms] [ERROR] Failed to load resource: net::ERR_FAILED @ chrome-extension://invalid/:0
[  333805ms] [ERROR] Failed to load resource: net::ERR_FAILED @ chrome-extension://invalid/:0
[  333915ms] [ERROR] Failed to load resource: net::ERR_FAILED @ chrome-extension://invalid/:0
[  334025ms] [ERROR] Failed to load resource: net::ERR_FAILED @ chrome-extension://invalid/:0
[  334139ms] [ERROR] Failed to load resource: net::ERR_FAILED @ chrome-extension://invalid/:0
[  334249ms] [ERROR] Failed to load resource: net::ERR_FAILED @ chrome-extension://invalid/:0
[  334356ms] [ERROR] Failed to load resource: net::ERR_FAILED @ chrome-extension://invalid/:0
[  334463ms] [ERROR] Failed to load resource: net::ERR_FAILED @ chrome-extension://invalid/:0
[  334573ms] [ERROR] Failed to load resource: net::ERR_FAILED @ chrome-extension://invalid/:0
[  334674ms] [ERROR] Failed to load resource: net::ERR_FAILED @ chrome-extension://invalid/:0
[  334776ms] [ERROR] Failed to load resource: net::ERR_FAILED @ chrome-extension://invalid/:0
[  334886ms] [ERROR] Failed to load resource: net::ERR_FAILED @ chrome-extension://invalid/:0
[  334997ms] [ERROR] Failed to load resource: net::ERR_FAILED @ chrome-extension://invalid/:0
[  335106ms] [ERROR] Failed to load resource: net::ERR_FAILED @ chrome-extension://invalid/:0
[  335214ms] [ERROR] Failed to load resource: net::ERR_FAILED @ chrome-extension://invalid/:0
[  335322ms] [ERROR] Failed to load resource: net::ERR_FAILED @ chrome-extension://invalid/:0
[  335432ms] [ERROR] Failed to load resource: net::ERR_FAILED @ chrome-extension://invalid/:0
[  335533ms] [ERROR] Failed to load resource: net::ERR_FAILED @ chrome-extension://invalid/:0
[  335634ms] [ERROR] Failed to load resource: net::ERR_FAILED @ chrome-extension://invalid/:0
[  335746ms] [ERROR] Failed to load resource: net::ERR_FAILED @ chrome-extension://invalid/:0
[  335855ms] [ERROR] Failed to load resource: net::ERR_FAILED @ chrome-extension://invalid/:0
[  335964ms] [ERROR] Failed to load resource: net::ERR_FAILED @ chrome-extension://invalid/:0
[  336065ms] [ERROR] Failed to load resource: net::ERR_FAILED @ chrome-extension://invalid/:0
[  336181ms] [ERROR] Failed to load resource: net::ERR_FAILED @ chrome-extension://invalid/:0
[  336291ms] [ERROR] Failed to load resource: net::ERR_FAILED @ chrome-extension://invalid/:0
[  336400ms] [ERROR] Failed to load resource: net::ERR_FAILED @ chrome-extension://invalid/:0
[  336501ms] [ERROR] Failed to load resource: net::ERR_FAILED @ chrome-extension://invalid/:0
[  336607ms] [ERROR] Failed to load resource: net::ERR_FAILED @ chrome-extension://invalid/:0
[  336716ms] [ERROR] Failed to load resource: net::ERR_FAILED @ chrome-extension://invalid/:0
[  336818ms] [ERROR] Failed to load resource: net::ERR_FAILED @ chrome-extension://invalid/:0
[  336930ms] [ERROR] Failed to load resource: net::ERR_FAILED @ chrome-extension://invalid/:0
[  337032ms] [ERROR] Failed to load resource: net::ERR_FAILED @ chrome-extension://invalid/:0
[  337135ms] [ERROR] Failed to load resource: net::ERR_FAILED @ chrome-extension://invalid/:0
[  337245ms] [ERROR] Failed to load resource: net::ERR_FAILED @ chrome-extension://invalid/:0
[  337354ms] [ERROR] Failed to load resource: net::ERR_FAILED @ chrome-extension://invalid/:0
[  337464ms] [ERROR] Failed to load resource: net::ERR_FAILED @ chrome-extension://invalid/:0
[  337574ms] [ERROR] Failed to load resource: net::ERR_FAILED @ chrome-extension://invalid/:0
[  337683ms] [ERROR] Failed to load resource: net::ERR_FAILED @ chrome-extension://invalid/:0
[  337792ms] [ERROR] Failed to load resource: net::ERR_FAILED @ chrome-extension://invalid/:0
[  337902ms] [ERROR] Failed to load resource: net::ERR_FAILED @ chrome-extension://invalid/:0
[  338012ms] [ERROR] Failed to load resource: net::ERR_FAILED @ chrome-extension://invalid/:0
[  338118ms] [ERROR] Failed to load resource: net::ERR_FAILED @ chrome-extension://invalid/:0
[  338227ms] [ERROR] Failed to load resource: net::ERR_FAILED @ chrome-extension://invalid/:0
[  338337ms] [ERROR] Failed to load resource: net::ERR_FAILED @ chrome-extension://invalid/:0
[  338445ms] [ERROR] Failed to load resource: net::ERR_FAILED @ chrome-extension://invalid/:0
[  338555ms] [ERROR] Failed to load resource: net::ERR_FAILED @ chrome-extension://invalid/:0
[  338664ms] [ERROR] Failed to load resource: net::ERR_FAILED @ chrome-extension://invalid/:0
[  338775ms] [ERROR] Failed to load resource: net::ERR_FAILED @ chrome-extension://invalid/:0
[  338883ms] [ERROR] Failed to load resource: net::ERR_FAILED @ chrome-extension://invalid/:0
[  338995ms] [ERROR] Failed to load resource: net::ERR_FAILED @ chrome-extension://invalid/:0
[  339097ms] [ERROR] Failed to load resource: net::ERR_FAILED @ chrome-extension://invalid/:0
[  339212ms] [ERROR] Failed to load resource: net::ERR_FAILED @ chrome-extension://invalid/:0
[  339314ms] [ERROR] Failed to load resource: net::ERR_FAILED @ chrome-extension://invalid/:0
[  339415ms] [ERROR] Failed to load resource: net::ERR_FAILED @ chrome-extension://invalid/:0
[  339523ms] [ERROR] Failed to load resource: net::ERR_FAILED @ chrome-extension://invalid/:0
[  339633ms] [ERROR] Failed to load resource: net::ERR_FAILED @ chrome-extension://invalid/:0
[  339742ms] [ERROR] Failed to load resource: net::ERR_FAILED @ chrome-extension://invalid/:0
[  339850ms] [ERROR] Failed to load resource: net::ERR_FAILED @ chrome-extension://invalid/:0
[  339958ms] [ERROR] Failed to load resource: net::ERR_FAILED @ chrome-extension://invalid/:0
[  340066ms] [ERROR] Failed to load resource: net::ERR_FAILED @ chrome-extension://invalid/:0
[  340175ms] [ERROR] Failed to load resource: net::ERR_FAILED @ chrome-extension://invalid/:0
[  340284ms] [ERROR] Failed to load resource: net::ERR_FAILED @ chrome-extension://invalid/:0
[  340392ms] [ERROR] Failed to load resource: net::ERR_FAILED @ chrome-extension://invalid/:0
[  340500ms] [ERROR] Failed to load resource: net::ERR_FAILED @ chrome-extension://invalid/:0
[  340609ms] [ERROR] Failed to load resource: net::ERR_FAILED @ chrome-extension://invalid/:0
[  340717ms] [ERROR] Failed to load resource: net::ERR_FAILED @ chrome-extension://invalid/:0
[  340820ms] [ERROR] Failed to load resource: net::ERR_FAILED @ chrome-extension://invalid/:0
[  340931ms] [ERROR] Failed to load resource: net::ERR_FAILED @ chrome-extension://invalid/:0
[  341041ms] [ERROR] Failed to load resource: net::ERR_FAILED @ chrome-extension://invalid/:0
[  341151ms] [ERROR] Failed to load resource: net::ERR_FAILED @ chrome-extension://invalid/:0
[  341260ms] [ERROR] Failed to load resource: net::ERR_FAILED @ chrome-extension://invalid/:0
[  341369ms] [ERROR] Failed to load resource: net::ERR_FAILED @ chrome-extension://invalid/:0
[  341480ms] [ERROR] Failed to load resource: net::ERR_FAILED @ chrome-extension://invalid/:0
[  341589ms] [ERROR] Failed to load resource: net::ERR_FAILED @ chrome-extension://invalid/:0
[  341700ms] [ERROR] Failed to load resource: net::ERR_FAILED @ chrome-extension://invalid/:0
[  341809ms] [ERROR] Failed to load resource: net::ERR_FAILED @ chrome-extension://invalid/:0
[  341917ms] [ERROR] Failed to load resource: net::ERR_FAILED @ chrome-extension://invalid/:0
[  342023ms] [ERROR] Failed to load resource: net::ERR_FAILED @ chrome-extension://invalid/:0
[  342132ms] [ERROR] Failed to load resource: net::ERR_FAILED @ chrome-extension://invalid/:0
[  342240ms] [ERROR] Failed to load resource: net::ERR_FAILED @ chrome-extension://invalid/:0
[  342350ms] [ERROR] Failed to load resource: net::ERR_FAILED @ chrome-extension://invalid/:0
[  342457ms] [ERROR] Failed to load resource: net::ERR_FAILED @ chrome-extension://invalid/:0
[  342566ms] [ERROR] Failed to load resource: net::ERR_FAILED @ chrome-extension://invalid/:0
[  342674ms] [ERROR] Failed to load resource: net::ERR_FAILED @ chrome-extension://invalid/:0
[  342782ms] [ERROR] Failed to load resource: net::ERR_FAILED @ chrome-extension://invalid/:0
[  342890ms] [ERROR] Failed to load resource: net::ERR_FAILED @ chrome-extension://invalid/:0
[  342998ms] [ERROR] Failed to load resource: net::ERR_FAILED @ chrome-extension://invalid/:0
[  343104ms] [ERROR] Failed to load resource: net::ERR_FAILED @ chrome-extension://invalid/:0
[  343211ms] [ERROR] Failed to load resource: net::ERR_FAILED @ chrome-extension://invalid/:0
[  343318ms] [ERROR] Failed to load resource: net::ERR_FAILED @ chrome-extension://invalid/:0
[  343429ms] [ERROR] Failed to load resource: net::ERR_FAILED @ chrome-extension://invalid/:0
[  343536ms] [ERROR] Failed to load resource: net::ERR_FAILED @ chrome-extension://invalid/:0
[  343637ms] [ERROR] Failed to load resource: net::ERR_FAILED @ chrome-extension://invalid/:0
[  343739ms] [ERROR] Failed to load resource: net::ERR_FAILED @ chrome-extension://invalid/:0
[  343849ms] [ERROR] Failed to load resource: net::ERR_FAILED @ chrome-extension://invalid/:0
[  343960ms] [ERROR] Failed to load resource: net::ERR_FAILED @ chrome-extension://invalid/:0
[  344070ms] [ERROR] Failed to load resource: net::ERR_FAILED @ chrome-extension://invalid/:0
[  344180ms] [ERROR] Failed to load resource: net::ERR_FAILED @ chrome-extension://invalid/:0
[  344289ms] [ERROR] Failed to load resource: net::ERR_FAILED @ chrome-extension://invalid/:0
[  344400ms] [ERROR] Failed to load resource: net::ERR_FAILED @ chrome-extension://invalid/:0
[  344506ms] [ERROR] Failed to load resource: net::ERR_FAILED @ chrome-extension://invalid/:0
[  344613ms] [ERROR] Failed to load resource: net::ERR_FAILED @ chrome-extension://invalid/:0
[  344720ms] [ERROR] Failed to load resource: net::ERR_FAILED @ chrome-extension://invalid/:0
[  344829ms] [ERROR] Failed to load resource: net::ERR_FAILED @ chrome-extension://invalid/:0
[  344937ms] [ERROR] Failed to load resource: net::ERR_FAILED @ chrome-extension://invalid/:0
[  345048ms] [ERROR] Failed to load resource: net::ERR_FAILED @ chrome-extension://invalid/:0
[  345157ms] [ERROR] Failed to load resource: net::ERR_FAILED @ chrome-extension://invalid/:0
[  345267ms] [ERROR] Failed to load resource: net::ERR_FAILED @ chrome-extension://invalid/:0
[  345376ms] [ERROR] Failed to load resource: net::ERR_FAILED @ chrome-extension://invalid/:0
[  345484ms] [ERROR] Failed to load resource: net::ERR_FAILED @ chrome-extension://invalid/:0
[  345593ms] [ERROR] Failed to load resource: net::ERR_FAILED @ chrome-extension://invalid/:0
[  345695ms] [ERROR] Failed to load resource: net::ERR_FAILED @ chrome-extension://invalid/:0
[  345811ms] [ERROR] Failed to load resource: net::ERR_FAILED @ chrome-extension://invalid/:0
[  345914ms] [ERROR] Failed to load resource: net::ERR_FAILED @ chrome-extension://invalid/:0
[  346030ms] [ERROR] Failed to load resource: net::ERR_FAILED @ chrome-extension://invalid/:0
[  346140ms] [ERROR] Failed to load resource: net::ERR_FAILED @ chrome-extension://invalid/:0
[  346249ms] [ERROR] Failed to load resource: net::ERR_FAILED @ chrome-extension://invalid/:0
[  346359ms] [ERROR] Failed to load resource: net::ERR_FAILED @ chrome-extension://invalid/:0
[  346469ms] [ERROR] Failed to load resource: net::ERR_FAILED @ chrome-extension://invalid/:0
[  346579ms] [ERROR] Failed to load resource: net::ERR_FAILED @ chrome-extension://invalid/:0
[  346690ms] [ERROR] Failed to load resource: net::ERR_FAILED @ chrome-extension://invalid/:0
[  346798ms] [ERROR] Failed to load resource: net::ERR_FAILED @ chrome-extension://invalid/:0
[  346906ms] [ERROR] Failed to load resource: net::ERR_FAILED @ chrome-extension://invalid/:0
[  347017ms] [ERROR] Failed to load resource: net::ERR_FAILED @ chrome-extension://invalid/:0
[  347118ms] [ERROR] Failed to load resource: net::ERR_FAILED @ chrome-extension://invalid/:0
[  347235ms] [ERROR] Failed to load resource: net::ERR_FAILED @ chrome-extension://invalid/:0
[  347344ms] [ERROR] Failed to load resource: net::ERR_FAILED @ chrome-extension://invalid/:0
[  347445ms] [ERROR] Failed to load resource: net::ERR_FAILED @ chrome-extension://invalid/:0
[  347560ms] [ERROR] Failed to load resource: net::ERR_FAILED @ chrome-extension://invalid/:0
[  347671ms] [ERROR] Failed to load resource: net::ERR_FAILED @ chrome-extension://invalid/:0
[  347782ms] [ERROR] Failed to load resource: net::ERR_FAILED @ chrome-extension://invalid/:0
[  347891ms] [ERROR] Failed to load resource: net::ERR_FAILED @ chrome-extension://invalid/:0
[  347992ms] [ERROR] Failed to load resource: net::ERR_FAILED @ chrome-extension://invalid/:0
[  348094ms] [ERROR] Failed to load resource: net::ERR_FAILED @ chrome-extension://invalid/:0
[  348195ms] [ERROR] Failed to load resource: net::ERR_FAILED @ chrome-extension://invalid/:0
[  348297ms] [ERROR] Failed to load resource: net::ERR_FAILED @ chrome-extension://invalid/:0
[  348402ms] [ERROR] Failed to load resource: net::ERR_FAILED @ chrome-extension://invalid/:0
[  348512ms] [ERROR] Failed to load resource: net::ERR_FAILED @ chrome-extension://invalid/:0
[  348612ms] [ERROR] Failed to load resource: net::ERR_FAILED @ chrome-extension://invalid/:0
[  348715ms] [ERROR] Failed to load resource: net::ERR_FAILED @ chrome-extension://invalid/:0
[  348821ms] [ERROR] Failed to load resource: net::ERR_FAILED @ chrome-extension://invalid/:0
[  348931ms] [ERROR] Failed to load resource: net::ERR_FAILED @ chrome-extension://invalid/:0
[  349045ms] [ERROR] Failed to load resource: net::ERR_FAILED @ chrome-extension://invalid/:0
[  349154ms] [ERROR] Failed to load resource: net::ERR_FAILED @ chrome-extension://invalid/:0
[  349264ms] [ERROR] Failed to load resource: net::ERR_FAILED @ chrome-extension://invalid/:0
[  349372ms] [ERROR] Failed to load resource: net::ERR_FAILED @ chrome-extension://invalid/:0
[  349481ms] [ERROR] Failed to load resource: net::ERR_FAILED @ chrome-extension://invalid/:0
[  349590ms] [ERROR] Failed to load resource: net::ERR_FAILED @ chrome-extension://invalid/:0
[  349706ms] [ERROR] Failed to load resource: net::ERR_FAILED @ chrome-extension://invalid/:0
[  349811ms] [ERROR] Failed to load resource: net::ERR_FAILED @ chrome-extension://invalid/:0
[  349918ms] [ERROR] Failed to load resource: net::ERR_FAILED @ chrome-extension://invalid/:0
[  350024ms] [ERROR] Failed to load resource: net::ERR_FAILED @ chrome-extension://invalid/:0
[  350138ms] [ERROR] Failed to load resource: net::ERR_FAILED @ chrome-extension://invalid/:0
[  350240ms] [ERROR] Failed to load resource: net::ERR_FAILED @ chrome-extension://invalid/:0
[  350345ms] [ERROR] Failed to load resource: net::ERR_FAILED @ chrome-extension://invalid/:0
[  350445ms] [ERROR] Failed to load resource: net::ERR_FAILED @ chrome-extension://invalid/:0
[  350550ms] [ERROR] Failed to load resource: net::ERR_FAILED @ chrome-extension://invalid/:0
[  350659ms] [ERROR] Failed to load resource: net::ERR_FAILED @ chrome-extension://invalid/:0
[  350761ms] [ERROR] Failed to load resource: net::ERR_FAILED @ chrome-extension://invalid/:0
[  350863ms] [ERROR] Failed to load resource: net::ERR_FAILED @ chrome-extension://invalid/:0
[  350971ms] [ERROR] Failed to load resource: net::ERR_FAILED @ chrome-extension://invalid/:0
[  351073ms] [ERROR] Failed to load resource: net::ERR_FAILED @ chrome-extension://invalid/:0
[  351174ms] [ERROR] Failed to load resource: net::ERR_FAILED @ chrome-extension://invalid/:0
[  351283ms] [ERROR] Failed to load resource: net::ERR_FAILED @ chrome-extension://invalid/:0
[  351392ms] [ERROR] Failed to load resource: net::ERR_FAILED @ chrome-extension://invalid/:0
[  351503ms] [ERROR] Failed to load resource: net::ERR_FAILED @ chrome-extension://invalid/:0
[  351611ms] [ERROR] Failed to load resource: net::ERR_FAILED @ chrome-extension://invalid/:0
[  351719ms] [ERROR] Failed to load resource: net::ERR_FAILED @ chrome-extension://invalid/:0
[  351828ms] [ERROR] Failed to load resource: net::ERR_FAILED @ chrome-extension://invalid/:0
[  351935ms] [ERROR] Failed to load resource: net::ERR_FAILED @ chrome-extension://invalid/:0
[  352046ms] [ERROR] Failed to load resource: net::ERR_FAILED @ chrome-extension://invalid/:0
[  352154ms] [ERROR] Failed to load resource: net::ERR_FAILED @ chrome-extension://invalid/:0
[  352255ms] [ERROR] Failed to load resource: net::ERR_FAILED @ chrome-extension://invalid/:0
[  352358ms] [ERROR] Failed to load resource: net::ERR_FAILED @ chrome-extension://invalid/:0
[  352459ms] [ERROR] Failed to load resource: net::ERR_FAILED @ chrome-extension://invalid/:0
[  352574ms] [ERROR] Failed to load resource: net::ERR_FAILED @ chrome-extension://invalid/:0
[  352682ms] [ERROR] Failed to load resource: net::ERR_FAILED @ chrome-extension://invalid/:0
[  352791ms] [ERROR] Failed to load resource: net::ERR_FAILED @ chrome-extension://invalid/:0
[  352901ms] [ERROR] Failed to load resource: net::ERR_FAILED @ chrome-extension://invalid/:0
[  353009ms] [ERROR] Failed to load resource: net::ERR_FAILED @ chrome-extension://invalid/:0
[  353118ms] [ERROR] Failed to load resource: net::ERR_FAILED @ chrome-extension://invalid/:0
[  353227ms] [ERROR] Failed to load resource: net::ERR_FAILED @ chrome-extension://invalid/:0
[  353337ms] [ERROR] Failed to load resource: net::ERR_FAILED @ chrome-extension://invalid/:0
[  353443ms] [ERROR] Failed to load resource: net::ERR_FAILED @ chrome-extension://invalid/:0
[  353544ms] [ERROR] Failed to load resource: net::ERR_FAILED @ chrome-extension://invalid/:0
[  353645ms] [ERROR] Failed to load resource: net::ERR_FAILED @ chrome-extension://invalid/:0
[  353754ms] [ERROR] Failed to load resource: net::ERR_FAILED @ chrome-extension://invalid/:0
[  353864ms] [ERROR] Failed to load resource: net::ERR_FAILED @ chrome-extension://invalid/:0
[  353974ms] [ERROR] Failed to load resource: net::ERR_FAILED @ chrome-extension://invalid/:0
[  354082ms] [ERROR] Failed to load resource: net::ERR_FAILED @ chrome-extension://invalid/:0
[  354192ms] [ERROR] Failed to load resource: net::ERR_FAILED @ chrome-extension://invalid/:0
[  354294ms] [ERROR] Failed to load resource: net::ERR_FAILED @ chrome-extension://invalid/:0
[  354395ms] [ERROR] Failed to load resource: net::ERR_FAILED @ chrome-extension://invalid/:0
[  354500ms] [ERROR] Failed to load resource: net::ERR_FAILED @ chrome-extension://invalid/:0
[  354602ms] [ERROR] Failed to load resource: net::ERR_FAILED @ chrome-extension://invalid/:0
[  354716ms] [ERROR] Failed to load resource: net::ERR_FAILED @ chrome-extension://invalid/:0
[  354817ms] [ERROR] Failed to load resource: net::ERR_FAILED @ chrome-extension://invalid/:0
[  354919ms] [ERROR] Failed to load resource: net::ERR_FAILED @ chrome-extension://invalid/:0
[  355021ms] [ERROR] Failed to load resource: net::ERR_FAILED @ chrome-extension://invalid/:0
[  355129ms] [ERROR] Failed to load resource: net::ERR_FAILED @ chrome-extension://invalid/:0
[  355240ms] [ERROR] Failed to load resource: net::ERR_FAILED @ chrome-extension://invalid/:0
[  355349ms] [ERROR] Failed to load resource: net::ERR_FAILED @ chrome-extension://invalid/:0
[  355459ms] [ERROR] Failed to load resource: net::ERR_FAILED @ chrome-extension://invalid/:0
[  355567ms] [ERROR] Failed to load resource: net::ERR_FAILED @ chrome-extension://invalid/:0
[  355678ms] [ERROR] Failed to load resource: net::ERR_FAILED @ chrome-extension://invalid/:0
[  355785ms] [ERROR] Failed to load resource: net::ERR_FAILED @ chrome-extension://invalid/:0
[  355895ms] [ERROR] Failed to load resource: net::ERR_FAILED @ chrome-extension://invalid/:0
[  356004ms] [ERROR] Failed to load resource: net::ERR_FAILED @ chrome-extension://invalid/:0
[  356111ms] [ERROR] Failed to load resource: net::ERR_FAILED @ chrome-extension://invalid/:0
[  356221ms] [ERROR] Failed to load resource: net::ERR_FAILED @ chrome-extension://invalid/:0
[  356322ms] [ERROR] Failed to load resource: net::ERR_FAILED @ chrome-extension://invalid/:0
[  356423ms] [ERROR] Failed to load resource: net::ERR_FAILED @ chrome-extension://invalid/:0
[  356531ms] [ERROR] Failed to load resource: net::ERR_FAILED @ chrome-extension://invalid/:0
[  356643ms] [ERROR] Failed to load resource: net::ERR_FAILED @ chrome-extension://invalid/:0
[  356754ms] [ERROR] Failed to load resource: net::ERR_FAILED @ chrome-extension://invalid/:0
[  356855ms] [ERROR] Failed to load resource: net::ERR_FAILED @ chrome-extension://invalid/:0
[  356957ms] [ERROR] Failed to load resource: net::ERR_FAILED @ chrome-extension://invalid/:0
[  357067ms] [ERROR] Failed to load resource: net::ERR_FAILED @ chrome-extension://invalid/:0
[  357176ms] [ERROR] Failed to load resource: net::ERR_FAILED @ chrome-extension://invalid/:0
[  357278ms] [ERROR] Failed to load resource: net::ERR_FAILED @ chrome-extension://invalid/:0
[  357382ms] [ERROR] Failed to load resource: net::ERR_FAILED @ chrome-extension://invalid/:0
[  357491ms] [ERROR] Failed to load resource: net::ERR_FAILED @ chrome-extension://invalid/:0
[  357599ms] [ERROR] Failed to load resource: net::ERR_FAILED @ chrome-extension://invalid/:0
[  357707ms] [ERROR] Failed to load resource: net::ERR_FAILED @ chrome-extension://invalid/:0
[  357817ms] [ERROR] Failed to load resource: net::ERR_FAILED @ chrome-extension://invalid/:0
[  357925ms] [ERROR] Failed to load resource: net::ERR_FAILED @ chrome-extension://invalid/:0
[  358034ms] [ERROR] Failed to load resource: net::ERR_FAILED @ chrome-extension://invalid/:0
[  358143ms] [ERROR] Failed to load resource: net::ERR_FAILED @ chrome-extension://invalid/:0
[  358244ms] [ERROR] Failed to load resource: net::ERR_FAILED @ chrome-extension://invalid/:0
[  358345ms] [ERROR] Failed to load resource: net::ERR_FAILED @ chrome-extension://invalid/:0
[  358453ms] [ERROR] Failed to load resource: net::ERR_FAILED @ chrome-extension://invalid/:0
[  358562ms] [ERROR] Failed to load resource: net::ERR_FAILED @ chrome-extension://invalid/:0
[  358670ms] [ERROR] Failed to load resource: net::ERR_FAILED @ chrome-extension://invalid/:0
[  358771ms] [ERROR] Failed to load resource: net::ERR_FAILED @ chrome-extension://invalid/:0
[  358877ms] [ERROR] Failed to load resource: net::ERR_FAILED @ chrome-extension://invalid/:0
[  358985ms] [ERROR] Failed to load resource: net::ERR_FAILED @ chrome-extension://invalid/:0
[  359094ms] [ERROR] Failed to load resource: net::ERR_FAILED @ chrome-extension://invalid/:0
[  359204ms] [ERROR] Failed to load resource: net::ERR_FAILED @ chrome-extension://invalid/:0
[  359314ms] [ERROR] Failed to load resource: net::ERR_FAILED @ chrome-extension://invalid/:0
[  359415ms] [ERROR] Failed to load resource: net::ERR_FAILED @ chrome-extension://invalid/:0
[  359530ms] [ERROR] Failed to load resource: net::ERR_FAILED @ chrome-extension://invalid/:0
[  359639ms] [ERROR] Failed to load resource: net::ERR_FAILED @ chrome-extension://invalid/:0
[  359749ms] [ERROR] Failed to load resource: net::ERR_FAILED @ chrome-extension://invalid/:0
[  359857ms] [ERROR] Failed to load resource: net::ERR_FAILED @ chrome-extension://invalid/:0
[  359965ms] [ERROR] Failed to load resource: net::ERR_FAILED @ chrome-extension://invalid/:0
[  360074ms] [ERROR] Failed to load resource: net::ERR_FAILED @ chrome-extension://invalid/:0
[  360183ms] [ERROR] Failed to load resource: net::ERR_FAILED @ chrome-extension://invalid/:0
[  360293ms] [ERROR] Failed to load resource: net::ERR_FAILED @ chrome-extension://invalid/:0
[  360394ms] [ERROR] Failed to load resource: net::ERR_FAILED @ chrome-extension://invalid/:0
[  360497ms] [ERROR] Failed to load resource: net::ERR_FAILED @ chrome-extension://invalid/:0
[  360605ms] [ERROR] Failed to load resource: net::ERR_FAILED @ chrome-extension://invalid/:0
[  360715ms] [ERROR] Failed to load resource: net::ERR_FAILED @ chrome-extension://invalid/:0
[  360821ms] [ERROR] Failed to load resource: net::ERR_FAILED @ chrome-extension://invalid/:0
[  360930ms] [ERROR] Failed to load resource: net::ERR_FAILED @ chrome-extension://invalid/:0
[  361041ms] [ERROR] Failed to load resource: net::ERR_FAILED @ chrome-extension://invalid/:0
[  361151ms] [ERROR] Failed to load resource: net::ERR_FAILED @ chrome-extension://invalid/:0
[  361260ms] [ERROR] Failed to load resource: net::ERR_FAILED @ chrome-extension://invalid/:0
[  361369ms] [ERROR] Failed to load resource: net::ERR_FAILED @ chrome-extension://invalid/:0
[  361480ms] [ERROR] Failed to load resource: net::ERR_FAILED @ chrome-extension://invalid/:0
[  361587ms] [ERROR] Failed to load resource: net::ERR_FAILED @ chrome-extension://invalid/:0
[  361696ms] [ERROR] Failed to load resource: net::ERR_FAILED @ chrome-extension://invalid/:0
[  361806ms] [ERROR] Failed to load resource: net::ERR_FAILED @ chrome-extension://invalid/:0
[  361908ms] [ERROR] Failed to load resource: net::ERR_FAILED @ chrome-extension://invalid/:0
[  362026ms] [ERROR] Failed to load resource: net::ERR_FAILED @ chrome-extension://invalid/:0
[  362135ms] [ERROR] Failed to load resource: net::ERR_FAILED @ chrome-extension://invalid/:0
[  362245ms] [ERROR] Failed to load resource: net::ERR_FAILED @ chrome-extension://invalid/:0
[  362356ms] [ERROR] Failed to load resource: net::ERR_FAILED @ chrome-extension://invalid/:0
[  362465ms] [ERROR] Failed to load resource: net::ERR_FAILED @ chrome-extension://invalid/:0
[  362574ms] [ERROR] Failed to load resource: net::ERR_FAILED @ chrome-extension://invalid/:0
[  362681ms] [ERROR] Failed to load resource: net::ERR_FAILED @ chrome-extension://invalid/:0
[  362790ms] [ERROR] Failed to load resource: net::ERR_FAILED @ chrome-extension://invalid/:0
[  362891ms] [ERROR] Failed to load resource: net::ERR_FAILED @ chrome-extension://invalid/:0
[  362993ms] [ERROR] Failed to load resource: net::ERR_FAILED @ chrome-extension://invalid/:0
[  363101ms] [ERROR] Failed to load resource: net::ERR_FAILED @ chrome-extension://invalid/:0
[  363210ms] [ERROR] Failed to load resource: net::ERR_FAILED @ chrome-extension://invalid/:0
[  363320ms] [ERROR] Failed to load resource: net::ERR_FAILED @ chrome-extension://invalid/:0
[  363432ms] [ERROR] Failed to load resource: net::ERR_FAILED @ chrome-extension://invalid/:0
[  363541ms] [ERROR] Failed to load resource: net::ERR_FAILED @ chrome-extension://invalid/:0
[  363650ms] [ERROR] Failed to load resource: net::ERR_FAILED @ chrome-extension://invalid/:0
[  363759ms] [ERROR] Failed to load resource: net::ERR_FAILED @ chrome-extension://invalid/:0
[  363869ms] [ERROR] Failed to load resource: net::ERR_FAILED @ chrome-extension://invalid/:0
[  363978ms] [ERROR] Failed to load resource: net::ERR_FAILED @ chrome-extension://invalid/:0
[  364087ms] [ERROR] Failed to load resource: net::ERR_FAILED @ chrome-extension://invalid/:0
[  364196ms] [ERROR] Failed to load resource: net::ERR_FAILED @ chrome-extension://invalid/:0
[  364305ms] [ERROR] Failed to load resource: net::ERR_FAILED @ chrome-extension://invalid/:0
[  364413ms] [ERROR] Failed to load resource: net::ERR_FAILED @ chrome-extension://invalid/:0
[  364524ms] [ERROR] Failed to load resource: net::ERR_FAILED @ chrome-extension://invalid/:0
[  364633ms] [ERROR] Failed to load resource: net::ERR_FAILED @ chrome-extension://invalid/:0
[  364742ms] [ERROR] Failed to load resource: net::ERR_FAILED @ chrome-extension://invalid/:0
[  364853ms] [ERROR] Failed to load resource: net::ERR_FAILED @ chrome-extension://invalid/:0
[  364954ms] [ERROR] Failed to load resource: net::ERR_FAILED @ chrome-extension://invalid/:0
[  365070ms] [ERROR] Failed to load resource: net::ERR_FAILED @ chrome-extension://invalid/:0
[  365171ms] [ERROR] Failed to load resource: net::ERR_FAILED @ chrome-extension://invalid/:0
[  365286ms] [ERROR] Failed to load resource: net::ERR_FAILED @ chrome-extension://invalid/:0
[  365387ms] [ERROR] Failed to load resource: net::ERR_FAILED @ chrome-extension://invalid/:0
[  365489ms] [ERROR] Failed to load resource: net::ERR_FAILED @ chrome-extension://invalid/:0
[  365599ms] [ERROR] Failed to load resource: net::ERR_FAILED @ chrome-extension://invalid/:0
[  365707ms] [ERROR] Failed to load resource: net::ERR_FAILED @ chrome-extension://invalid/:0
[  365818ms] [ERROR] Failed to load resource: net::ERR_FAILED @ chrome-extension://invalid/:0
[  365919ms] [ERROR] Failed to load resource: net::ERR_FAILED @ chrome-extension://invalid/:0
[  366025ms] [ERROR] Failed to load resource: net::ERR_FAILED @ chrome-extension://invalid/:0
[  366128ms] [ERROR] Failed to load resource: net::ERR_FAILED @ chrome-extension://invalid/:0
[  366236ms] [ERROR] Failed to load resource: net::ERR_FAILED @ chrome-extension://invalid/:0
[  366337ms] [ERROR] Failed to load resource: net::ERR_FAILED @ chrome-extension://invalid/:0
[  366441ms] [ERROR] Failed to load resource: net::ERR_FAILED @ chrome-extension://invalid/:0
[  366542ms] [ERROR] Failed to load resource: net::ERR_FAILED @ chrome-extension://invalid/:0
[  366656ms] [ERROR] Failed to load resource: net::ERR_FAILED @ chrome-extension://invalid/:0
[  366767ms] [ERROR] Failed to load resource: net::ERR_FAILED @ chrome-extension://invalid/:0
[  366876ms] [ERROR] Failed to load resource: net::ERR_FAILED @ chrome-extension://invalid/:0
[  366986ms] [ERROR] Failed to load resource: net::ERR_FAILED @ chrome-extension://invalid/:0
[  367094ms] [ERROR] Failed to load resource: net::ERR_FAILED @ chrome-extension://invalid/:0
[  367203ms] [ERROR] Failed to load resource: net::ERR_FAILED @ chrome-extension://invalid/:0
[  367310ms] [ERROR] Failed to load resource: net::ERR_FAILED @ chrome-extension://invalid/:0
[  367411ms] [ERROR] Failed to load resource: net::ERR_FAILED @ chrome-extension://invalid/:0
[  367515ms] [ERROR] Failed to load resource: net::ERR_FAILED @ chrome-extension://invalid/:0
[  367617ms] [ERROR] Failed to load resource: net::ERR_FAILED @ chrome-extension://invalid/:0
[  367719ms] [ERROR] Failed to load resource: net::ERR_FAILED @ chrome-extension://invalid/:0
[  367820ms] [ERROR] Failed to load resource: net::ERR_FAILED @ chrome-extension://invalid/:0
[  367922ms] [ERROR] Failed to load resource: net::ERR_FAILED @ chrome-extension://invalid/:0
[  368033ms] [ERROR] Failed to load resource: net::ERR_FAILED @ chrome-extension://invalid/:0
[  368142ms] [ERROR] Failed to load resource: net::ERR_FAILED @ chrome-extension://invalid/:0
[  368251ms] [ERROR] Failed to load resource: net::ERR_FAILED @ chrome-extension://invalid/:0
[  368358ms] [ERROR] Failed to load resource: net::ERR_FAILED @ chrome-extension://invalid/:0
[  368467ms] [ERROR] Failed to load resource: net::ERR_FAILED @ chrome-extension://invalid/:0
[  368575ms] [ERROR] Failed to load resource: net::ERR_FAILED @ chrome-extension://invalid/:0
[  368687ms] [ERROR] Failed to load resource: net::ERR_FAILED @ chrome-extension://invalid/:0
[  368797ms] [ERROR] Failed to load resource: net::ERR_FAILED @ chrome-extension://invalid/:0
[  368905ms] [ERROR] Failed to load resource: net::ERR_FAILED @ chrome-extension://invalid/:0
[  369015ms] [ERROR] Failed to load resource: net::ERR_FAILED @ chrome-extension://invalid/:0
[  369117ms] [ERROR] Failed to load resource: net::ERR_FAILED @ chrome-extension://invalid/:0
[  369233ms] [ERROR] Failed to load resource: net::ERR_FAILED @ chrome-extension://invalid/:0
[  369341ms] [ERROR] Failed to load resource: net::ERR_FAILED @ chrome-extension://invalid/:0
[  369450ms] [ERROR] Failed to load resource: net::ERR_FAILED @ chrome-extension://invalid/:0
[  369560ms] [ERROR] Failed to load resource: net::ERR_FAILED @ chrome-extension://invalid/:0
[  369670ms] [ERROR] Failed to load resource: net::ERR_FAILED @ chrome-extension://invalid/:0
[  369781ms] [ERROR] Failed to load resource: net::ERR_FAILED @ chrome-extension://invalid/:0
[  369890ms] [ERROR] Failed to load resource: net::ERR_FAILED @ chrome-extension://invalid/:0
[  369992ms] [ERROR] Failed to load resource: net::ERR_FAILED @ chrome-extension://invalid/:0
[  370095ms] [ERROR] Failed to load resource: net::ERR_FAILED @ chrome-extension://invalid/:0
[  370205ms] [ERROR] Failed to load resource: net::ERR_FAILED @ chrome-extension://invalid/:0
[  370315ms] [ERROR] Failed to load resource: net::ERR_FAILED @ chrome-extension://invalid/:0
[  370416ms] [ERROR] Failed to load resource: net::ERR_FAILED @ chrome-extension://invalid/:0
[  370520ms] [ERROR] Failed to load resource: net::ERR_FAILED @ chrome-extension://invalid/:0
[  370628ms] [ERROR] Failed to load resource: net::ERR_FAILED @ chrome-extension://invalid/:0
[  370734ms] [ERROR] Failed to load resource: net::ERR_FAILED @ chrome-extension://invalid/:0
[  370846ms] [ERROR] Failed to load resource: net::ERR_FAILED @ chrome-extension://invalid/:0
[  370953ms] [ERROR] Failed to load resource: net::ERR_FAILED @ chrome-extension://invalid/:0
[  371062ms] [ERROR] Failed to load resource: net::ERR_FAILED @ chrome-extension://invalid/:0
[  371172ms] [ERROR] Failed to load resource: net::ERR_FAILED @ chrome-extension://invalid/:0
[  371280ms] [ERROR] Failed to load resource: net::ERR_FAILED @ chrome-extension://invalid/:0
[  371389ms] [ERROR] Failed to load resource: net::ERR_FAILED @ chrome-extension://invalid/:0
[  371492ms] [ERROR] Failed to load resource: net::ERR_FAILED @ chrome-extension://invalid/:0
[  371594ms] [ERROR] Failed to load resource: net::ERR_FAILED @ chrome-extension://invalid/:0
[  371702ms] [ERROR] Failed to load resource: net::ERR_FAILED @ chrome-extension://invalid/:0
[  371812ms] [ERROR] Failed to load resource: net::ERR_FAILED @ chrome-extension://invalid/:0
[  371915ms] [ERROR] Failed to load resource: net::ERR_FAILED @ chrome-extension://invalid/:0
[  372018ms] [ERROR] Failed to load resource: net::ERR_FAILED @ chrome-extension://invalid/:0
[  372119ms] [ERROR] Failed to load resource: net::ERR_FAILED @ chrome-extension://invalid/:0
[  372221ms] [ERROR] Failed to load resource: net::ERR_FAILED @ chrome-extension://invalid/:0
[  372322ms] [ERROR] Failed to load resource: net::ERR_FAILED @ chrome-extension://invalid/:0
[  372434ms] [ERROR] Failed to load resource: net::ERR_FAILED @ chrome-extension://invalid/:0
[  372536ms] [ERROR] Failed to load resource: net::ERR_FAILED @ chrome-extension://invalid/:0
[  372638ms] [ERROR] Failed to load resource: net::ERR_FAILED @ chrome-extension://invalid/:0
[  372746ms] [ERROR] Failed to load resource: net::ERR_FAILED @ chrome-extension://invalid/:0
[  372857ms] [ERROR] Failed to load resource: net::ERR_FAILED @ chrome-extension://invalid/:0
[  372968ms] [ERROR] Failed to load resource: net::ERR_FAILED @ chrome-extension://invalid/:0
[  373076ms] [ERROR] Failed to load resource: net::ERR_FAILED @ chrome-extension://invalid/:0
[  373186ms] [ERROR] Failed to load resource: net::ERR_FAILED @ chrome-extension://invalid/:0
[  373294ms] [ERROR] Failed to load resource: net::ERR_FAILED @ chrome-extension://invalid/:0
[  373403ms] [ERROR] Failed to load resource: net::ERR_FAILED @ chrome-extension://invalid/:0
[  373513ms] [ERROR] Failed to load resource: net::ERR_FAILED @ chrome-extension://invalid/:0
[  373617ms] [ERROR] Failed to load resource: net::ERR_FAILED @ chrome-extension://invalid/:0
[  373726ms] [ERROR] Failed to load resource: net::ERR_FAILED @ chrome-extension://invalid/:0
[  373840ms] [ERROR] Failed to load resource: net::ERR_FAILED @ chrome-extension://invalid/:0
[  373949ms] [ERROR] Failed to load resource: net::ERR_FAILED @ chrome-extension://invalid/:0
[  374051ms] [ERROR] Failed to load resource: net::ERR_FAILED @ chrome-extension://invalid/:0
[  374155ms] [ERROR] Failed to load resource: net::ERR_FAILED @ chrome-extension://invalid/:0
[  374263ms] [ERROR] Failed to load resource: net::ERR_FAILED @ chrome-extension://invalid/:0
[  374372ms] [ERROR] Failed to load resource: net::ERR_FAILED @ chrome-extension://invalid/:0
[  374473ms] [ERROR] Failed to load resource: net::ERR_FAILED @ chrome-extension://invalid/:0
[  374575ms] [ERROR] Failed to load resource: net::ERR_FAILED @ chrome-extension://invalid/:0
[  374684ms] [ERROR] Failed to load resource: net::ERR_FAILED @ chrome-extension://invalid/:0
[  374793ms] [ERROR] Failed to load resource: net::ERR_FAILED @ chrome-extension://invalid/:0
[  374901ms] [ERROR] Failed to load resource: net::ERR_FAILED @ chrome-extension://invalid/:0
[  375010ms] [ERROR] Failed to load resource: net::ERR_FAILED @ chrome-extension://invalid/:0
[  375118ms] [ERROR] Failed to load resource: net::ERR_FAILED @ chrome-extension://invalid/:0
[  375227ms] [ERROR] Failed to load resource: net::ERR_FAILED @ chrome-extension://invalid/:0
[  375340ms] [ERROR] Failed to load resource: net::ERR_FAILED @ chrome-extension://invalid/:0
[  375450ms] [ERROR] Failed to load resource: net::ERR_FAILED @ chrome-extension://invalid/:0
[  375560ms] [ERROR] Failed to load resource: net::ERR_FAILED @ chrome-extension://invalid/:0
[  375669ms] [ERROR] Failed to load resource: net::ERR_FAILED @ chrome-extension://invalid/:0
[  375770ms] [ERROR] Failed to load resource: net::ERR_FAILED @ chrome-extension://invalid/:0
[  375874ms] [ERROR] Failed to load resource: net::ERR_FAILED @ chrome-extension://invalid/:0
[  375983ms] [ERROR] Failed to load resource: net::ERR_FAILED @ chrome-extension://invalid/:0
[  376091ms] [ERROR] Failed to load resource: net::ERR_FAILED @ chrome-extension://invalid/:0
[  376202ms] [ERROR] Failed to load resource: net::ERR_FAILED @ chrome-extension://invalid/:0
[  376313ms] [ERROR] Failed to load resource: net::ERR_FAILED @ chrome-extension://invalid/:0
[  376414ms] [ERROR] Failed to load resource: net::ERR_FAILED @ chrome-extension://invalid/:0
[  376516ms] [ERROR] Failed to load resource: net::ERR_FAILED @ chrome-extension://invalid/:0
[  376618ms] [ERROR] Failed to load resource: net::ERR_FAILED @ chrome-extension://invalid/:0
[  376726ms] [ERROR] Failed to load resource: net::ERR_FAILED @ chrome-extension://invalid/:0
[  376840ms] [ERROR] Failed to load resource: net::ERR_FAILED @ chrome-extension://invalid/:0
[  376951ms] [ERROR] Failed to load resource: net::ERR_FAILED @ chrome-extension://invalid/:0
[  377053ms] [ERROR] Failed to load resource: net::ERR_FAILED @ chrome-extension://invalid/:0
[  377154ms] [ERROR] Failed to load resource: net::ERR_FAILED @ chrome-extension://invalid/:0
[  377262ms] [ERROR] Failed to load resource: net::ERR_FAILED @ chrome-extension://invalid/:0
[  377374ms] [ERROR] Failed to load resource: net::ERR_FAILED @ chrome-extension://invalid/:0
[  377486ms] [ERROR] Failed to load resource: net::ERR_FAILED @ chrome-extension://invalid/:0
[  377597ms] [ERROR] Failed to load resource: net::ERR_FAILED @ chrome-extension://invalid/:0
[  377703ms] [ERROR] Failed to load resource: net::ERR_FAILED @ chrome-extension://invalid/:0
[  377811ms] [ERROR] Failed to load resource: net::ERR_FAILED @ chrome-extension://invalid/:0
[  377918ms] [ERROR] Failed to load resource: net::ERR_FAILED @ chrome-extension://invalid/:0
[  378024ms] [ERROR] Failed to load resource: net::ERR_FAILED @ chrome-extension://invalid/:0
[  378136ms] [ERROR] Failed to load resource: net::ERR_FAILED @ chrome-extension://invalid/:0
[  378246ms] [ERROR] Failed to load resource: net::ERR_FAILED @ chrome-extension://invalid/:0
[  378356ms] [ERROR] Failed to load resource: net::ERR_FAILED @ chrome-extension://invalid/:0
[  378464ms] [ERROR] Failed to load resource: net::ERR_FAILED @ chrome-extension://invalid/:0
[  378572ms] [ERROR] Failed to load resource: net::ERR_FAILED @ chrome-extension://invalid/:0
[  378681ms] [ERROR] Failed to load resource: net::ERR_FAILED @ chrome-extension://invalid/:0
[  378793ms] [ERROR] Failed to load resource: net::ERR_FAILED @ chrome-extension://invalid/:0
[  378906ms] [ERROR] Failed to load resource: net::ERR_FAILED @ chrome-extension://invalid/:0
[  379015ms] [ERROR] Failed to load resource: net::ERR_FAILED @ chrome-extension://invalid/:0
[  379117ms] [ERROR] Failed to load resource: net::ERR_FAILED @ chrome-extension://invalid/:0
[  379227ms] [ERROR] Failed to load resource: net::ERR_FAILED @ chrome-extension://invalid/:0
[  379339ms] [ERROR] Failed to load resource: net::ERR_FAILED @ chrome-extension://invalid/:0
[  379450ms] [ERROR] Failed to load resource: net::ERR_FAILED @ chrome-extension://invalid/:0
[  379561ms] [ERROR] Failed to load resource: net::ERR_FAILED @ chrome-extension://invalid/:0
[  379670ms] [ERROR] Failed to load resource: net::ERR_FAILED @ chrome-extension://invalid/:0
[  379778ms] [ERROR] Failed to load resource: net::ERR_FAILED @ chrome-extension://invalid/:0
[  379889ms] [ERROR] Failed to load resource: net::ERR_FAILED @ chrome-extension://invalid/:0
[  379998ms] [ERROR] Failed to load resource: net::ERR_FAILED @ chrome-extension://invalid/:0
[  380099ms] [ERROR] Failed to load resource: net::ERR_FAILED @ chrome-extension://invalid/:0
[  380200ms] [ERROR] Failed to load resource: net::ERR_FAILED @ chrome-extension://invalid/:0
[  380309ms] [ERROR] Failed to load resource: net::ERR_FAILED @ chrome-extension://invalid/:0
[  380418ms] [ERROR] Failed to load resource: net::ERR_FAILED @ chrome-extension://invalid/:0
[  380524ms] [ERROR] Failed to load resource: net::ERR_FAILED @ chrome-extension://invalid/:0
[  380625ms] [ERROR] Failed to load resource: net::ERR_FAILED @ chrome-extension://invalid/:0
[  380727ms] [ERROR] Failed to load resource: net::ERR_FAILED @ chrome-extension://invalid/:0
[  380842ms] [ERROR] Failed to load resource: net::ERR_FAILED @ chrome-extension://invalid/:0
[  380950ms] [ERROR] Failed to load resource: net::ERR_FAILED @ chrome-extension://invalid/:0
[  381060ms] [ERROR] Failed to load resource: net::ERR_FAILED @ chrome-extension://invalid/:0
[  381169ms] [ERROR] Failed to load resource: net::ERR_FAILED @ chrome-extension://invalid/:0
[  381279ms] [ERROR] Failed to load resource: net::ERR_FAILED @ chrome-extension://invalid/:0
[  381387ms] [ERROR] Failed to load resource: net::ERR_FAILED @ chrome-extension://invalid/:0
[  381497ms] [ERROR] Failed to load resource: net::ERR_FAILED @ chrome-extension://invalid/:0
[  381607ms] [ERROR] Failed to load resource: net::ERR_FAILED @ chrome-extension://invalid/:0
[  381716ms] [ERROR] Failed to load resource: net::ERR_FAILED @ chrome-extension://invalid/:0
[  381820ms] [ERROR] Failed to load resource: net::ERR_FAILED @ chrome-extension://invalid/:0
[  381931ms] [ERROR] Failed to load resource: net::ERR_FAILED @ chrome-extension://invalid/:0
[  382042ms] [ERROR] Failed to load resource: net::ERR_FAILED @ chrome-extension://invalid/:0
[  382143ms] [ERROR] Failed to load resource: net::ERR_FAILED @ chrome-extension://invalid/:0
[  382259ms] [ERROR] Failed to load resource: net::ERR_FAILED @ chrome-extension://invalid/:0
[  382360ms] [ERROR] Failed to load resource: net::ERR_FAILED @ chrome-extension://invalid/:0
[  382463ms] [ERROR] Failed to load resource: net::ERR_FAILED @ chrome-extension://invalid/:0
[  382571ms] [ERROR] Failed to load resource: net::ERR_FAILED @ chrome-extension://invalid/:0
[  382673ms] [ERROR] Failed to load resource: net::ERR_FAILED @ chrome-extension://invalid/:0
[  382789ms] [ERROR] Failed to load resource: net::ERR_FAILED @ chrome-extension://invalid/:0
[  382898ms] [ERROR] Failed to load resource: net::ERR_FAILED @ chrome-extension://invalid/:0
[  383006ms] [ERROR] Failed to load resource: net::ERR_FAILED @ chrome-extension://invalid/:0
[  383108ms] [ERROR] Failed to load resource: net::ERR_FAILED @ chrome-extension://invalid/:0
[  383222ms] [ERROR] Failed to load resource: net::ERR_FAILED @ chrome-extension://invalid/:0
[  383332ms] [ERROR] Failed to load resource: net::ERR_FAILED @ chrome-extension://invalid/:0
[  383441ms] [ERROR] Failed to load resource: net::ERR_FAILED @ chrome-extension://invalid/:0
[  383543ms] [ERROR] Failed to load resource: net::ERR_FAILED @ chrome-extension://invalid/:0
[  383645ms] [ERROR] Failed to load resource: net::ERR_FAILED @ chrome-extension://invalid/:0
[  383754ms] [ERROR] Failed to load resource: net::ERR_FAILED @ chrome-extension://invalid/:0
[  383855ms] [ERROR] Failed to load resource: net::ERR_FAILED @ chrome-extension://invalid/:0
[  383969ms] [ERROR] Failed to load resource: net::ERR_FAILED @ chrome-extension://invalid/:0
[  384078ms] [ERROR] Failed to load resource: net::ERR_FAILED @ chrome-extension://invalid/:0
[  384179ms] [ERROR] Failed to load resource: net::ERR_FAILED @ chrome-extension://invalid/:0
[  384282ms] [ERROR] Failed to load resource: net::ERR_FAILED @ chrome-extension://invalid/:0
[  384391ms] [ERROR] Failed to load resource: net::ERR_FAILED @ chrome-extension://invalid/:0
[  384501ms] [ERROR] Failed to load resource: net::ERR_FAILED @ chrome-extension://invalid/:0
[  384602ms] [ERROR] Failed to load resource: net::ERR_FAILED @ chrome-extension://invalid/:0
[  384703ms] [ERROR] Failed to load resource: net::ERR_FAILED @ chrome-extension://invalid/:0
[  384813ms] [ERROR] Failed to load resource: net::ERR_FAILED @ chrome-extension://invalid/:0
[  384923ms] [ERROR] Failed to load resource: net::ERR_FAILED @ chrome-extension://invalid/:0
[  385024ms] [ERROR] Failed to load resource: net::ERR_FAILED @ chrome-extension://invalid/:0
[  385127ms] [ERROR] Failed to load resource: net::ERR_FAILED @ chrome-extension://invalid/:0
[  385227ms] [ERROR] Failed to load resource: net::ERR_FAILED @ chrome-extension://invalid/:0
[  385331ms] [ERROR] Failed to load resource: net::ERR_FAILED @ chrome-extension://invalid/:0
[  385440ms] [ERROR] Failed to load resource: net::ERR_FAILED @ chrome-extension://invalid/:0
[  385551ms] [ERROR] Failed to load resource: net::ERR_FAILED @ chrome-extension://invalid/:0
[  385653ms] [ERROR] Failed to load resource: net::ERR_FAILED @ chrome-extension://invalid/:0
[  385756ms] [ERROR] Failed to load resource: net::ERR_FAILED @ chrome-extension://invalid/:0
[  385864ms] [ERROR] Failed to load resource: net::ERR_FAILED @ chrome-extension://invalid/:0
[  385973ms] [ERROR] Failed to load resource: net::ERR_FAILED @ chrome-extension://invalid/:0
[  386081ms] [ERROR] Failed to load resource: net::ERR_FAILED @ chrome-extension://invalid/:0
[  386188ms] [ERROR] Failed to load resource: net::ERR_FAILED @ chrome-extension://invalid/:0
[  386295ms] [ERROR] Failed to load resource: net::ERR_FAILED @ chrome-extension://invalid/:0
[  386403ms] [ERROR] Failed to load resource: net::ERR_FAILED @ chrome-extension://invalid/:0
[  386510ms] [ERROR] Failed to load resource: net::ERR_FAILED @ chrome-extension://invalid/:0
[  386618ms] [ERROR] Failed to load resource: net::ERR_FAILED @ chrome-extension://invalid/:0
[  386719ms] [ERROR] Failed to load resource: net::ERR_FAILED @ chrome-extension://invalid/:0
[  386820ms] [ERROR] Failed to load resource: net::ERR_FAILED @ chrome-extension://invalid/:0
[  386930ms] [ERROR] Failed to load resource: net::ERR_FAILED @ chrome-extension://invalid/:0
[  387040ms] [ERROR] Failed to load resource: net::ERR_FAILED @ chrome-extension://invalid/:0
[  387148ms] [ERROR] Failed to load resource: net::ERR_FAILED @ chrome-extension://invalid/:0
[  387249ms] [ERROR] Failed to load resource: net::ERR_FAILED @ chrome-extension://invalid/:0
[  387354ms] [ERROR] Failed to load resource: net::ERR_FAILED @ chrome-extension://invalid/:0
[  387463ms] [ERROR] Failed to load resource: net::ERR_FAILED @ chrome-extension://invalid/:0
[  387573ms] [ERROR] Failed to load resource: net::ERR_FAILED @ chrome-extension://invalid/:0
[  387674ms] [ERROR] Failed to load resource: net::ERR_FAILED @ chrome-extension://invalid/:0
[  387780ms] [ERROR] Failed to load resource: net::ERR_FAILED @ chrome-extension://invalid/:0
[  387887ms] [ERROR] Failed to load resource: net::ERR_FAILED @ chrome-extension://invalid/:0
[  387998ms] [ERROR] Failed to load resource: net::ERR_FAILED @ chrome-extension://invalid/:0
[  388109ms] [ERROR] Failed to load resource: net::ERR_FAILED @ chrome-extension://invalid/:0
[  388211ms] [ERROR] Failed to load resource: net::ERR_FAILED @ chrome-extension://invalid/:0
[  388316ms] [ERROR] Failed to load resource: net::ERR_FAILED @ chrome-extension://invalid/:0
[  388417ms] [ERROR] Failed to load resource: net::ERR_FAILED @ chrome-extension://invalid/:0
[  388521ms] [ERROR] Failed to load resource: net::ERR_FAILED @ chrome-extension://invalid/:0
[  388622ms] [ERROR] Failed to load resource: net::ERR_FAILED @ chrome-extension://invalid/:0
[  388723ms] [ERROR] Failed to load resource: net::ERR_FAILED @ chrome-extension://invalid/:0
[  388831ms] [ERROR] Failed to load resource: net::ERR_FAILED @ chrome-extension://invalid/:0
[  388940ms] [ERROR] Failed to load resource: net::ERR_FAILED @ chrome-extension://invalid/:0
[  389041ms] [ERROR] Failed to load resource: net::ERR_FAILED @ chrome-extension://invalid/:0
[  389147ms] [ERROR] Failed to load resource: net::ERR_FAILED @ chrome-extension://invalid/:0
[  389258ms] [ERROR] Failed to load resource: net::ERR_FAILED @ chrome-extension://invalid/:0
[  389359ms] [ERROR] Failed to load resource: net::ERR_FAILED @ chrome-extension://invalid/:0
[  389464ms] [ERROR] Failed to load resource: net::ERR_FAILED @ chrome-extension://invalid/:0
[  389571ms] [ERROR] Failed to load resource: net::ERR_FAILED @ chrome-extension://invalid/:0
[  389680ms] [ERROR] Failed to load resource: net::ERR_FAILED @ chrome-extension://invalid/:0
[  389789ms] [ERROR] Failed to load resource: net::ERR_FAILED @ chrome-extension://invalid/:0
[  389897ms] [ERROR] Failed to load resource: net::ERR_FAILED @ chrome-extension://invalid/:0
[  390007ms] [ERROR] Failed to load resource: net::ERR_FAILED @ chrome-extension://invalid/:0
[  390114ms] [ERROR] Failed to load resource: net::ERR_FAILED @ chrome-extension://invalid/:0
[  390217ms] [ERROR] Failed to load resource: net::ERR_FAILED @ chrome-extension://invalid/:0
[  390318ms] [ERROR] Failed to load resource: net::ERR_FAILED @ chrome-extension://invalid/:0
[  390426ms] [ERROR] Failed to load resource: net::ERR_FAILED @ chrome-extension://invalid/:0
[  390535ms] [ERROR] Failed to load resource: net::ERR_FAILED @ chrome-extension://invalid/:0
[  390644ms] [ERROR] Failed to load resource: net::ERR_FAILED @ chrome-extension://invalid/:0
[  390753ms] [ERROR] Failed to load resource: net::ERR_FAILED @ chrome-extension://invalid/:0
[  390862ms] [ERROR] Failed to load resource: net::ERR_FAILED @ chrome-extension://invalid/:0
[  390971ms] [ERROR] Failed to load resource: net::ERR_FAILED @ chrome-extension://invalid/:0
[  391072ms] [ERROR] Failed to load resource: net::ERR_FAILED @ chrome-extension://invalid/:0
[  391188ms] [ERROR] Failed to load resource: net::ERR_FAILED @ chrome-extension://invalid/:0
[  391297ms] [ERROR] Failed to load resource: net::ERR_FAILED @ chrome-extension://invalid/:0
[  391406ms] [ERROR] Failed to load resource: net::ERR_FAILED @ chrome-extension://invalid/:0
[  391516ms] [ERROR] Failed to load resource: net::ERR_FAILED @ chrome-extension://invalid/:0
[  391617ms] [ERROR] Failed to load resource: net::ERR_FAILED @ chrome-extension://invalid/:0
[  391733ms] [ERROR] Failed to load resource: net::ERR_FAILED @ chrome-extension://invalid/:0
[  391841ms] [ERROR] Failed to load resource: net::ERR_FAILED @ chrome-extension://invalid/:0
[  391949ms] [ERROR] Failed to load resource: net::ERR_FAILED @ chrome-extension://invalid/:0
[  392058ms] [ERROR] Failed to load resource: net::ERR_FAILED @ chrome-extension://invalid/:0
[  392167ms] [ERROR] Failed to load resource: net::ERR_FAILED @ chrome-extension://invalid/:0
[  392268ms] [ERROR] Failed to load resource: net::ERR_FAILED @ chrome-extension://invalid/:0
[  392371ms] [ERROR] Failed to load resource: net::ERR_FAILED @ chrome-extension://invalid/:0
[  392479ms] [ERROR] Failed to load resource: net::ERR_FAILED @ chrome-extension://invalid/:0
[  392587ms] [ERROR] Failed to load resource: net::ERR_FAILED @ chrome-extension://invalid/:0
[  392695ms] [ERROR] Failed to load resource: net::ERR_FAILED @ chrome-extension://invalid/:0
[  392803ms] [ERROR] Failed to load resource: net::ERR_FAILED @ chrome-extension://invalid/:0
[  392911ms] [ERROR] Failed to load resource: net::ERR_FAILED @ chrome-extension://invalid/:0
[  393023ms] [ERROR] Failed to load resource: net::ERR_FAILED @ chrome-extension://invalid/:0
[  393134ms] [ERROR] Failed to load resource: net::ERR_FAILED @ chrome-extension://invalid/:0
[  393245ms] [ERROR] Failed to load resource: net::ERR_FAILED @ chrome-extension://invalid/:0
[  393357ms] [ERROR] Failed to load resource: net::ERR_FAILED @ chrome-extension://invalid/:0
[  393467ms] [ERROR] Failed to load resource: net::ERR_FAILED @ chrome-extension://invalid/:0
[  393578ms] [ERROR] Failed to load resource: net::ERR_FAILED @ chrome-extension://invalid/:0
[  393688ms] [ERROR] Failed to load resource: net::ERR_FAILED @ chrome-extension://invalid/:0
[  393790ms] [ERROR] Failed to load resource: net::ERR_FAILED @ chrome-extension://invalid/:0
[  393892ms] [ERROR] Failed to load resource: net::ERR_FAILED @ chrome-extension://invalid/:0
[  393998ms] [ERROR] Failed to load resource: net::ERR_FAILED @ chrome-extension://invalid/:0
[  394110ms] [ERROR] Failed to load resource: net::ERR_FAILED @ chrome-extension://invalid/:0
[  394218ms] [ERROR] Failed to load resource: net::ERR_FAILED @ chrome-extension://invalid/:0
[  394325ms] [ERROR] Failed to load resource: net::ERR_FAILED @ chrome-extension://invalid/:0
[  394431ms] [ERROR] Failed to load resource: net::ERR_FAILED @ chrome-extension://invalid/:0
[  394543ms] [ERROR] Failed to load resource: net::ERR_FAILED @ chrome-extension://invalid/:0
[  394652ms] [ERROR] Failed to load resource: net::ERR_FAILED @ chrome-extension://invalid/:0
[  394763ms] [ERROR] Failed to load resource: net::ERR_FAILED @ chrome-extension://invalid/:0
[  394873ms] [ERROR] Failed to load resource: net::ERR_FAILED @ chrome-extension://invalid/:0
[  394984ms] [ERROR] Failed to load resource: net::ERR_FAILED @ chrome-extension://invalid/:0
[  395092ms] [ERROR] Failed to load resource: net::ERR_FAILED @ chrome-extension://invalid/:0
[  395202ms] [ERROR] Failed to load resource: net::ERR_FAILED @ chrome-extension://invalid/:0
[  395311ms] [ERROR] Failed to load resource: net::ERR_FAILED @ chrome-extension://invalid/:0
[  395414ms] [ERROR] Failed to load resource: net::ERR_FAILED @ chrome-extension://invalid/:0
[  395529ms] [ERROR] Failed to load resource: net::ERR_FAILED @ chrome-extension://invalid/:0
[  395636ms] [ERROR] Failed to load resource: net::ERR_FAILED @ chrome-extension://invalid/:0
[  395738ms] [ERROR] Failed to load resource: net::ERR_FAILED @ chrome-extension://invalid/:0
[  395839ms] [ERROR] Failed to load resource: net::ERR_FAILED @ chrome-extension://invalid/:0
[  395945ms] [ERROR] Failed to load resource: net::ERR_FAILED @ chrome-extension://invalid/:0
[  396053ms] [ERROR] Failed to load resource: net::ERR_FAILED @ chrome-extension://invalid/:0
[  396155ms] [ERROR] Failed to load resource: net::ERR_FAILED @ chrome-extension://invalid/:0
[  396270ms] [ERROR] Failed to load resource: net::ERR_FAILED @ chrome-extension://invalid/:0
[  396378ms] [ERROR] Failed to load resource: net::ERR_FAILED @ chrome-extension://invalid/:0
[  396488ms] [ERROR] Failed to load resource: net::ERR_FAILED @ chrome-extension://invalid/:0
[  396597ms] [ERROR] Failed to load resource: net::ERR_FAILED @ chrome-extension://invalid/:0
[  396707ms] [ERROR] Failed to load resource: net::ERR_FAILED @ chrome-extension://invalid/:0
[  396809ms] [ERROR] Failed to load resource: net::ERR_FAILED @ chrome-extension://invalid/:0
[  396911ms] [ERROR] Failed to load resource: net::ERR_FAILED @ chrome-extension://invalid/:0
[  397020ms] [ERROR] Failed to load resource: net::ERR_FAILED @ chrome-extension://invalid/:0
[  397127ms] [ERROR] Failed to load resource: net::ERR_FAILED @ chrome-extension://invalid/:0
[  397235ms] [ERROR] Failed to load resource: net::ERR_FAILED @ chrome-extension://invalid/:0
[  397344ms] [ERROR] Failed to load resource: net::ERR_FAILED @ chrome-extension://invalid/:0
[  397452ms] [ERROR] Failed to load resource: net::ERR_FAILED @ chrome-extension://invalid/:0
[  397561ms] [ERROR] Failed to load resource: net::ERR_FAILED @ chrome-extension://invalid/:0
[  397670ms] [ERROR] Failed to load resource: net::ERR_FAILED @ chrome-extension://invalid/:0
[  397777ms] [ERROR] Failed to load resource: net::ERR_FAILED @ chrome-extension://invalid/:0
[  397886ms] [ERROR] Failed to load resource: net::ERR_FAILED @ chrome-extension://invalid/:0
[  397995ms] [ERROR] Failed to load resource: net::ERR_FAILED @ chrome-extension://invalid/:0
[  398104ms] [ERROR] Failed to load resource: net::ERR_FAILED @ chrome-extension://invalid/:0
[  398212ms] [ERROR] Failed to load resource: net::ERR_FAILED @ chrome-extension://invalid/:0
[  398313ms] [ERROR] Failed to load resource: net::ERR_FAILED @ chrome-extension://invalid/:0
[  398428ms] [ERROR] Failed to load resource: net::ERR_FAILED @ chrome-extension://invalid/:0
[  398529ms] [ERROR] Failed to load resource: net::ERR_FAILED @ chrome-extension://invalid/:0
[  398647ms] [ERROR] Failed to load resource: net::ERR_FAILED @ chrome-extension://invalid/:0
[  398757ms] [ERROR] Failed to load resource: net::ERR_FAILED @ chrome-extension://invalid/:0
[  398868ms] [ERROR] Failed to load resource: net::ERR_FAILED @ chrome-extension://invalid/:0
[  398977ms] [ERROR] Failed to load resource: net::ERR_FAILED @ chrome-extension://invalid/:0
[  399085ms] [ERROR] Failed to load resource: net::ERR_FAILED @ chrome-extension://invalid/:0
[  399194ms] [ERROR] Failed to load resource: net::ERR_FAILED @ chrome-extension://invalid/:0
[  399303ms] [ERROR] Failed to load resource: net::ERR_FAILED @ chrome-extension://invalid/:0
[  399415ms] [ERROR] Failed to load resource: net::ERR_FAILED @ chrome-extension://invalid/:0
[  399524ms] [ERROR] Failed to load resource: net::ERR_FAILED @ chrome-extension://invalid/:0
[  399634ms] [ERROR] Failed to load resource: net::ERR_FAILED @ chrome-extension://invalid/:0
[  399743ms] [ERROR] Failed to load resource: net::ERR_FAILED @ chrome-extension://invalid/:0
[  399852ms] [ERROR] Failed to load resource: net::ERR_FAILED @ chrome-extension://invalid/:0
[  399953ms] [ERROR] Failed to load resource: net::ERR_FAILED @ chrome-extension://invalid/:0
[  400067ms] [ERROR] Failed to load resource: net::ERR_FAILED @ chrome-extension://invalid/:0
[  400177ms] [ERROR] Failed to load resource: net::ERR_FAILED @ chrome-extension://invalid/:0
[  400287ms] [ERROR] Failed to load resource: net::ERR_FAILED @ chrome-extension://invalid/:0
[  400398ms] [ERROR] Failed to load resource: net::ERR_FAILED @ chrome-extension://invalid/:0
[  400509ms] [ERROR] Failed to load resource: net::ERR_FAILED @ chrome-extension://invalid/:0
[  400618ms] [ERROR] Failed to load resource: net::ERR_FAILED @ chrome-extension://invalid/:0
[  400727ms] [ERROR] Failed to load resource: net::ERR_FAILED @ chrome-extension://invalid/:0
[  400835ms] [ERROR] Failed to load resource: net::ERR_FAILED @ chrome-extension://invalid/:0
[  400945ms] [ERROR] Failed to load resource: net::ERR_FAILED @ chrome-extension://invalid/:0
[  401052ms] [ERROR] Failed to load resource: net::ERR_FAILED @ chrome-extension://invalid/:0
[  401159ms] [ERROR] Failed to load resource: net::ERR_FAILED @ chrome-extension://invalid/:0
[  401267ms] [ERROR] Failed to load resource: net::ERR_FAILED @ chrome-extension://invalid/:0
[  401376ms] [ERROR] Failed to load resource: net::ERR_FAILED @ chrome-extension://invalid/:0
[  401487ms] [ERROR] Failed to load resource: net::ERR_FAILED @ chrome-extension://invalid/:0
[  401598ms] [ERROR] Failed to load resource: net::ERR_FAILED @ chrome-extension://invalid/:0
[  401705ms] [ERROR] Failed to load resource: net::ERR_FAILED @ chrome-extension://invalid/:0
[  401815ms] [ERROR] Failed to load resource: net::ERR_FAILED @ chrome-extension://invalid/:0
[  401924ms] [ERROR] Failed to load resource: net::ERR_FAILED @ chrome-extension://invalid/:0
[  402033ms] [ERROR] Failed to load resource: net::ERR_FAILED @ chrome-extension://invalid/:0
[  402135ms] [ERROR] Failed to load resource: net::ERR_FAILED @ chrome-extension://invalid/:0
[  402247ms] [ERROR] Failed to load resource: net::ERR_FAILED @ chrome-extension://invalid/:0
[  402357ms] [ERROR] Failed to load resource: net::ERR_FAILED @ chrome-extension://invalid/:0
[  402468ms] [ERROR] Failed to load resource: net::ERR_FAILED @ chrome-extension://invalid/:0
[  402576ms] [ERROR] Failed to load resource: net::ERR_FAILED @ chrome-extension://invalid/:0
[  402686ms] [ERROR] Failed to load resource: net::ERR_FAILED @ chrome-extension://invalid/:0
[  402794ms] [ERROR] Failed to load resource: net::ERR_FAILED @ chrome-extension://invalid/:0
[  402904ms] [ERROR] Failed to load resource: net::ERR_FAILED @ chrome-extension://invalid/:0
[  403013ms] [ERROR] Failed to load resource: net::ERR_FAILED @ chrome-extension://invalid/:0
[  403118ms] [ERROR] Failed to load resource: net::ERR_FAILED @ chrome-extension://invalid/:0
[  403229ms] [ERROR] Failed to load resource: net::ERR_FAILED @ chrome-extension://invalid/:0
[  403330ms] [ERROR] Failed to load resource: net::ERR_FAILED @ chrome-extension://invalid/:0
[  403437ms] [ERROR] Failed to load resource: net::ERR_FAILED @ chrome-extension://invalid/:0
[  403547ms] [ERROR] Failed to load resource: net::ERR_FAILED @ chrome-extension://invalid/:0
[  403654ms] [ERROR] Failed to load resource: net::ERR_FAILED @ chrome-extension://invalid/:0
[  403761ms] [ERROR] Failed to load resource: net::ERR_FAILED @ chrome-extension://invalid/:0
[  403871ms] [ERROR] Failed to load resource: net::ERR_FAILED @ chrome-extension://invalid/:0
[  403981ms] [ERROR] Failed to load resource: net::ERR_FAILED @ chrome-extension://invalid/:0
[  404089ms] [ERROR] Failed to load resource: net::ERR_FAILED @ chrome-extension://invalid/:0
[  404200ms] [ERROR] Failed to load resource: net::ERR_FAILED @ chrome-extension://invalid/:0
[  404311ms] [ERROR] Failed to load resource: net::ERR_FAILED @ chrome-extension://invalid/:0
[  404415ms] [ERROR] Failed to load resource: net::ERR_FAILED @ chrome-extension://invalid/:0
[  404524ms] [ERROR] Failed to load resource: net::ERR_FAILED @ chrome-extension://invalid/:0
[  404636ms] [ERROR] Failed to load resource: net::ERR_FAILED @ chrome-extension://invalid/:0
[  404746ms] [ERROR] Failed to load resource: net::ERR_FAILED @ chrome-extension://invalid/:0
[  404847ms] [ERROR] Failed to load resource: net::ERR_FAILED @ chrome-extension://invalid/:0
[  404963ms] [ERROR] Failed to load resource: net::ERR_FAILED @ chrome-extension://invalid/:0
[  405072ms] [ERROR] Failed to load resource: net::ERR_FAILED @ chrome-extension://invalid/:0
[  405182ms] [ERROR] Failed to load resource: net::ERR_FAILED @ chrome-extension://invalid/:0
[  405293ms] [ERROR] Failed to load resource: net::ERR_FAILED @ chrome-extension://invalid/:0
[  405402ms] [ERROR] Failed to load resource: net::ERR_FAILED @ chrome-extension://invalid/:0
[  405512ms] [ERROR] Failed to load resource: net::ERR_FAILED @ chrome-extension://invalid/:0
[  405617ms] [ERROR] Failed to load resource: net::ERR_FAILED @ chrome-extension://invalid/:0
[  405729ms] [ERROR] Failed to load resource: net::ERR_FAILED @ chrome-extension://invalid/:0
[  405837ms] [ERROR] Failed to load resource: net::ERR_FAILED @ chrome-extension://invalid/:0
[  405946ms] [ERROR] Failed to load resource: net::ERR_FAILED @ chrome-extension://invalid/:0
[  406055ms] [ERROR] Failed to load resource: net::ERR_FAILED @ chrome-extension://invalid/:0
[  406162ms] [ERROR] Failed to load resource: net::ERR_FAILED @ chrome-extension://invalid/:0
[  406272ms] [ERROR] Failed to load resource: net::ERR_FAILED @ chrome-extension://invalid/:0
[  406380ms] [ERROR] Failed to load resource: net::ERR_FAILED @ chrome-extension://invalid/:0
[  406491ms] [ERROR] Failed to load resource: net::ERR_FAILED @ chrome-extension://invalid/:0
[  406593ms] [ERROR] Failed to load resource: net::ERR_FAILED @ chrome-extension://invalid/:0
[  406696ms] [ERROR] Failed to load resource: net::ERR_FAILED @ chrome-extension://invalid/:0
[  406805ms] [ERROR] Failed to load resource: net::ERR_FAILED @ chrome-extension://invalid/:0
[  406906ms] [ERROR] Failed to load resource: net::ERR_FAILED @ chrome-extension://invalid/:0
[  407010ms] [ERROR] Failed to load resource: net::ERR_FAILED @ chrome-extension://invalid/:0
[  407118ms] [ERROR] Failed to load resource: net::ERR_FAILED @ chrome-extension://invalid/:0
[  407228ms] [ERROR] Failed to load resource: net::ERR_FAILED @ chrome-extension://invalid/:0
[  407329ms] [ERROR] Failed to load resource: net::ERR_FAILED @ chrome-extension://invalid/:0
[  407430ms] [ERROR] Failed to load resource: net::ERR_FAILED @ chrome-extension://invalid/:0
[  407540ms] [ERROR] Failed to load resource: net::ERR_FAILED @ chrome-extension://invalid/:0
[  407651ms] [ERROR] Failed to load resource: net::ERR_FAILED @ chrome-extension://invalid/:0
[  407759ms] [ERROR] Failed to load resource: net::ERR_FAILED @ chrome-extension://invalid/:0
[  407868ms] [ERROR] Failed to load resource: net::ERR_FAILED @ chrome-extension://invalid/:0
[  407977ms] [ERROR] Failed to load resource: net::ERR_FAILED @ chrome-extension://invalid/:0
[  408087ms] [ERROR] Failed to load resource: net::ERR_FAILED @ chrome-extension://invalid/:0
[  408198ms] [ERROR] Failed to load resource: net::ERR_FAILED @ chrome-extension://invalid/:0
[  408309ms] [ERROR] Failed to load resource: net::ERR_FAILED @ chrome-extension://invalid/:0
[  408417ms] [ERROR] Failed to load resource: net::ERR_FAILED @ chrome-extension://invalid/:0
[  408523ms] [ERROR] Failed to load resource: net::ERR_FAILED @ chrome-extension://invalid/:0
[  408633ms] [ERROR] Failed to load resource: net::ERR_FAILED @ chrome-extension://invalid/:0
[  408742ms] [ERROR] Failed to load resource: net::ERR_FAILED @ chrome-extension://invalid/:0
[  408853ms] [ERROR] Failed to load resource: net::ERR_FAILED @ chrome-extension://invalid/:0
[  408963ms] [ERROR] Failed to load resource: net::ERR_FAILED @ chrome-extension://invalid/:0
[  409070ms] [ERROR] Failed to load resource: net::ERR_FAILED @ chrome-extension://invalid/:0
[  409178ms] [ERROR] Failed to load resource: net::ERR_FAILED @ chrome-extension://invalid/:0
[  409285ms] [ERROR] Failed to load resource: net::ERR_FAILED @ chrome-extension://invalid/:0
[  409396ms] [ERROR] Failed to load resource: net::ERR_FAILED @ chrome-extension://invalid/:0
[  409507ms] [ERROR] Failed to load resource: net::ERR_FAILED @ chrome-extension://invalid/:0
[  409615ms] [ERROR] Failed to load resource: net::ERR_FAILED @ chrome-extension://invalid/:0
[  409724ms] [ERROR] Failed to load resource: net::ERR_FAILED @ chrome-extension://invalid/:0
[  409826ms] [ERROR] Failed to load resource: net::ERR_FAILED @ chrome-extension://invalid/:0
[  409929ms] [ERROR] Failed to load resource: net::ERR_FAILED @ chrome-extension://invalid/:0
[  410038ms] [ERROR] Failed to load resource: net::ERR_FAILED @ chrome-extension://invalid/:0
[  410148ms] [ERROR] Failed to load resource: net::ERR_FAILED @ chrome-extension://invalid/:0
[  410256ms] [ERROR] Failed to load resource: net::ERR_FAILED @ chrome-extension://invalid/:0
[  410364ms] [ERROR] Failed to load resource: net::ERR_FAILED @ chrome-extension://invalid/:0
[  410465ms] [ERROR] Failed to load resource: net::ERR_FAILED @ chrome-extension://invalid/:0
[  410568ms] [ERROR] Failed to load resource: net::ERR_FAILED @ chrome-extension://invalid/:0
[  410677ms] [ERROR] Failed to load resource: net::ERR_FAILED @ chrome-extension://invalid/:0
[  410785ms] [ERROR] Failed to load resource: net::ERR_FAILED @ chrome-extension://invalid/:0
[  410895ms] [ERROR] Failed to load resource: net::ERR_FAILED @ chrome-extension://invalid/:0
[  411002ms] [ERROR] Failed to load resource: net::ERR_FAILED @ chrome-extension://invalid/:0
[  411110ms] [ERROR] Failed to load resource: net::ERR_FAILED @ chrome-extension://invalid/:0
[  411218ms] [ERROR] Failed to load resource: net::ERR_FAILED @ chrome-extension://invalid/:0
[  411321ms] [ERROR] Failed to load resource: net::ERR_FAILED @ chrome-extension://invalid/:0
[  411437ms] [ERROR] Failed to load resource: net::ERR_FAILED @ chrome-extension://invalid/:0
[  411547ms] [ERROR] Failed to load resource: net::ERR_FAILED @ chrome-extension://invalid/:0
[  411649ms] [ERROR] Failed to load resource: net::ERR_FAILED @ chrome-extension://invalid/:0
[  411763ms] [ERROR] Failed to load resource: net::ERR_FAILED @ chrome-extension://invalid/:0
[  411874ms] [ERROR] Failed to load resource: net::ERR_FAILED @ chrome-extension://invalid/:0
[  411984ms] [ERROR] Failed to load resource: net::ERR_FAILED @ chrome-extension://invalid/:0
[  412092ms] [ERROR] Failed to load resource: net::ERR_FAILED @ chrome-extension://invalid/:0
[  412200ms] [ERROR] Failed to load resource: net::ERR_FAILED @ chrome-extension://invalid/:0
[  412310ms] [ERROR] Failed to load resource: net::ERR_FAILED @ chrome-extension://invalid/:0
[  412415ms] [ERROR] Failed to load resource: net::ERR_FAILED @ chrome-extension://invalid/:0
[  412525ms] [ERROR] Failed to load resource: net::ERR_FAILED @ chrome-extension://invalid/:0
[  412639ms] [ERROR] Failed to load resource: net::ERR_FAILED @ chrome-extension://invalid/:0
[  412748ms] [ERROR] Failed to load resource: net::ERR_FAILED @ chrome-extension://invalid/:0
[  412856ms] [ERROR] Failed to load resource: net::ERR_FAILED @ chrome-extension://invalid/:0
[  412965ms] [ERROR] Failed to load resource: net::ERR_FAILED @ chrome-extension://invalid/:0
[  413074ms] [ERROR] Failed to load resource: net::ERR_FAILED @ chrome-extension://invalid/:0
[  413185ms] [ERROR] Failed to load resource: net::ERR_FAILED @ chrome-extension://invalid/:0
[  413292ms] [ERROR] Failed to load resource: net::ERR_FAILED @ chrome-extension://invalid/:0
[  413400ms] [ERROR] Failed to load resource: net::ERR_FAILED @ chrome-extension://invalid/:0
[  413510ms] [ERROR] Failed to load resource: net::ERR_FAILED @ chrome-extension://invalid/:0
[  413617ms] [ERROR] Failed to load resource: net::ERR_FAILED @ chrome-extension://invalid/:0
[  413728ms] [ERROR] Failed to load resource: net::ERR_FAILED @ chrome-extension://invalid/:0
[  413837ms] [ERROR] Failed to load resource: net::ERR_FAILED @ chrome-extension://invalid/:0
[  413946ms] [ERROR] Failed to load resource: net::ERR_FAILED @ chrome-extension://invalid/:0
[  414056ms] [ERROR] Failed to load resource: net::ERR_FAILED @ chrome-extension://invalid/:0
[  414164ms] [ERROR] Failed to load resource: net::ERR_FAILED @ chrome-extension://invalid/:0
[  414271ms] [ERROR] Failed to load resource: net::ERR_FAILED @ chrome-extension://invalid/:0
[  414380ms] [ERROR] Failed to load resource: net::ERR_FAILED @ chrome-extension://invalid/:0
[  414489ms] [ERROR] Failed to load resource: net::ERR_FAILED @ chrome-extension://invalid/:0
[  414599ms] [ERROR] Failed to load resource: net::ERR_FAILED @ chrome-extension://invalid/:0
[  414708ms] [ERROR] Failed to load resource: net::ERR_FAILED @ chrome-extension://invalid/:0
[  414819ms] [ERROR] Failed to load resource: net::ERR_FAILED @ chrome-extension://invalid/:0
[  414926ms] [ERROR] Failed to load resource: net::ERR_FAILED @ chrome-extension://invalid/:0
[  415033ms] [ERROR] Failed to load resource: net::ERR_FAILED @ chrome-extension://invalid/:0
[  415140ms] [ERROR] Failed to load resource: net::ERR_FAILED @ chrome-extension://invalid/:0
[  415248ms] [ERROR] Failed to load resource: net::ERR_FAILED @ chrome-extension://invalid/:0
[  415355ms] [ERROR] Failed to load resource: net::ERR_FAILED @ chrome-extension://invalid/:0
[  415457ms] [ERROR] Failed to load resource: net::ERR_FAILED @ chrome-extension://invalid/:0
[  415561ms] [ERROR] Failed to load resource: net::ERR_FAILED @ chrome-extension://invalid/:0
[  415667ms] [ERROR] Failed to load resource: net::ERR_FAILED @ chrome-extension://invalid/:0
[  415776ms] [ERROR] Failed to load resource: net::ERR_FAILED @ chrome-extension://invalid/:0
[  415884ms] [ERROR] Failed to load resource: net::ERR_FAILED @ chrome-extension://invalid/:0
[  415993ms] [ERROR] Failed to load resource: net::ERR_FAILED @ chrome-extension://invalid/:0
[  416102ms] [ERROR] Failed to load resource: net::ERR_FAILED @ chrome-extension://invalid/:0
[  416210ms] [ERROR] Failed to load resource: net::ERR_FAILED @ chrome-extension://invalid/:0
[  416318ms] [ERROR] Failed to load resource: net::ERR_FAILED @ chrome-extension://invalid/:0
[  416427ms] [ERROR] Failed to load resource: net::ERR_FAILED @ chrome-extension://invalid/:0
[  416536ms] [ERROR] Failed to load resource: net::ERR_FAILED @ chrome-extension://invalid/:0
[  416647ms] [ERROR] Failed to load resource: net::ERR_FAILED @ chrome-extension://invalid/:0
[  416757ms] [ERROR] Failed to load resource: net::ERR_FAILED @ chrome-extension://invalid/:0
[  416865ms] [ERROR] Failed to load resource: net::ERR_FAILED @ chrome-extension://invalid/:0
[  416972ms] [ERROR] Failed to load resource: net::ERR_FAILED @ chrome-extension://invalid/:0
[  417074ms] [ERROR] Failed to load resource: net::ERR_FAILED @ chrome-extension://invalid/:0
[  417175ms] [ERROR] Failed to load resource: net::ERR_FAILED @ chrome-extension://invalid/:0
[  417287ms] [ERROR] Failed to load resource: net::ERR_FAILED @ chrome-extension://invalid/:0
[  417394ms] [ERROR] Failed to load resource: net::ERR_FAILED @ chrome-extension://invalid/:0
[  417495ms] [ERROR] Failed to load resource: net::ERR_FAILED @ chrome-extension://invalid/:0
[  417598ms] [ERROR] Failed to load resource: net::ERR_FAILED @ chrome-extension://invalid/:0
[  417700ms] [ERROR] Failed to load resource: net::ERR_FAILED @ chrome-extension://invalid/:0
[  417801ms] [ERROR] Failed to load resource: net::ERR_FAILED @ chrome-extension://invalid/:0
[  417911ms] [ERROR] Failed to load resource: net::ERR_FAILED @ chrome-extension://invalid/:0
[  418012ms] [ERROR] Failed to load resource: net::ERR_FAILED @ chrome-extension://invalid/:0
[  418113ms] [ERROR] Failed to load resource: net::ERR_FAILED @ chrome-extension://invalid/:0
[  418221ms] [ERROR] Failed to load resource: net::ERR_FAILED @ chrome-extension://invalid/:0
[  418330ms] [ERROR] Failed to load resource: net::ERR_FAILED @ chrome-extension://invalid/:0
[  418440ms] [ERROR] Failed to load resource: net::ERR_FAILED @ chrome-extension://invalid/:0
[  418542ms] [ERROR] Failed to load resource: net::ERR_FAILED @ chrome-extension://invalid/:0
[  418643ms] [ERROR] Failed to load resource: net::ERR_FAILED @ chrome-extension://invalid/:0
[  418751ms] [ERROR] Failed to load resource: net::ERR_FAILED @ chrome-extension://invalid/:0
[  418859ms] [ERROR] Failed to load resource: net::ERR_FAILED @ chrome-extension://invalid/:0
[  418968ms] [ERROR] Failed to load resource: net::ERR_FAILED @ chrome-extension://invalid/:0
[  419077ms] [ERROR] Failed to load resource: net::ERR_FAILED @ chrome-extension://invalid/:0
[  419186ms] [ERROR] Failed to load resource: net::ERR_FAILED @ chrome-extension://invalid/:0
[  419294ms] [ERROR] Failed to load resource: net::ERR_FAILED @ chrome-extension://invalid/:0
[  419403ms] [ERROR] Failed to load resource: net::ERR_FAILED @ chrome-extension://invalid/:0
[  419512ms] [ERROR] Failed to load resource: net::ERR_FAILED @ chrome-extension://invalid/:0
[  419618ms] [ERROR] Failed to load resource: net::ERR_FAILED @ chrome-extension://invalid/:0
[  419727ms] [ERROR] Failed to load resource: net::ERR_FAILED @ chrome-extension://invalid/:0
[  419838ms] [ERROR] Failed to load resource: net::ERR_FAILED @ chrome-extension://invalid/:0
[  419946ms] [ERROR] Failed to load resource: net::ERR_FAILED @ chrome-extension://invalid/:0
[  420048ms] [ERROR] Failed to load resource: net::ERR_FAILED @ chrome-extension://invalid/:0
[  420165ms] [ERROR] Failed to load resource: net::ERR_FAILED @ chrome-extension://invalid/:0
[  420274ms] [ERROR] Failed to load resource: net::ERR_FAILED @ chrome-extension://invalid/:0
[  420383ms] [ERROR] Failed to load resource: net::ERR_FAILED @ chrome-extension://invalid/:0
[  420491ms] [ERROR] Failed to load resource: net::ERR_FAILED @ chrome-extension://invalid/:0
[  420600ms] [ERROR] Failed to load resource: net::ERR_FAILED @ chrome-extension://invalid/:0
[  420710ms] [ERROR] Failed to load resource: net::ERR_FAILED @ chrome-extension://invalid/:0
[  420817ms] [ERROR] Failed to load resource: net::ERR_FAILED @ chrome-extension://invalid/:0
[  420925ms] [ERROR] Failed to load resource: net::ERR_FAILED @ chrome-extension://invalid/:0
[  421035ms] [ERROR] Failed to load resource: net::ERR_FAILED @ chrome-extension://invalid/:0
[  421144ms] [ERROR] Failed to load resource: net::ERR_FAILED @ chrome-extension://invalid/:0
[  421253ms] [ERROR] Failed to load resource: net::ERR_FAILED @ chrome-extension://invalid/:0
[  421363ms] [ERROR] Failed to load resource: net::ERR_FAILED @ chrome-extension://invalid/:0
[  421473ms] [ERROR] Failed to load resource: net::ERR_FAILED @ chrome-extension://invalid/:0
[  421583ms] [ERROR] Failed to load resource: net::ERR_FAILED @ chrome-extension://invalid/:0
[  421691ms] [ERROR] Failed to load resource: net::ERR_FAILED @ chrome-extension://invalid/:0
[  421802ms] [ERROR] Failed to load resource: net::ERR_FAILED @ chrome-extension://invalid/:0
[  421910ms] [ERROR] Failed to load resource: net::ERR_FAILED @ chrome-extension://invalid/:0
[  422019ms] [ERROR] Failed to load resource: net::ERR_FAILED @ chrome-extension://invalid/:0
[  422128ms] [ERROR] Failed to load resource: net::ERR_FAILED @ chrome-extension://invalid/:0
[  422236ms] [ERROR] Failed to load resource: net::ERR_FAILED @ chrome-extension://invalid/:0
[  422343ms] [ERROR] Failed to load resource: net::ERR_FAILED @ chrome-extension://invalid/:0
[  422449ms] [ERROR] Failed to load resource: net::ERR_FAILED @ chrome-extension://invalid/:0
[  422557ms] [ERROR] Failed to load resource: net::ERR_FAILED @ chrome-extension://invalid/:0
[  422668ms] [ERROR] Failed to load resource: net::ERR_FAILED @ chrome-extension://invalid/:0
[  422779ms] [ERROR] Failed to load resource: net::ERR_FAILED @ chrome-extension://invalid/:0
[  422887ms] [ERROR] Failed to load resource: net::ERR_FAILED @ chrome-extension://invalid/:0
[  422996ms] [ERROR] Failed to load resource: net::ERR_FAILED @ chrome-extension://invalid/:0
[  423103ms] [ERROR] Failed to load resource: net::ERR_FAILED @ chrome-extension://invalid/:0
[  423213ms] [ERROR] Failed to load resource: net::ERR_FAILED @ chrome-extension://invalid/:0
[  423321ms] [ERROR] Failed to load resource: net::ERR_FAILED @ chrome-extension://invalid/:0
[  423430ms] [ERROR] Failed to load resource: net::ERR_FAILED @ chrome-extension://invalid/:0
[  423540ms] [ERROR] Failed to load resource: net::ERR_FAILED @ chrome-extension://invalid/:0
[  423651ms] [ERROR] Failed to load resource: net::ERR_FAILED @ chrome-extension://invalid/:0
[  423752ms] [ERROR] Failed to load resource: net::ERR_FAILED @ chrome-extension://invalid/:0
[  423869ms] [ERROR] Failed to load resource: net::ERR_FAILED @ chrome-extension://invalid/:0
[  423976ms] [ERROR] Failed to load resource: net::ERR_FAILED @ chrome-extension://invalid/:0
[  424077ms] [ERROR] Failed to load resource: net::ERR_FAILED @ chrome-extension://invalid/:0
[  424180ms] [ERROR] Failed to load resource: net::ERR_FAILED @ chrome-extension://invalid/:0
[  424289ms] [ERROR] Failed to load resource: net::ERR_FAILED @ chrome-extension://invalid/:0
[  424400ms] [ERROR] Failed to load resource: net::ERR_FAILED @ chrome-extension://invalid/:0
[  424510ms] [ERROR] Failed to load resource: net::ERR_FAILED @ chrome-extension://invalid/:0
[  424619ms] [ERROR] Failed to load resource: net::ERR_FAILED @ chrome-extension://invalid/:0
[  424727ms] [ERROR] Failed to load resource: net::ERR_FAILED @ chrome-extension://invalid/:0
[  424838ms] [ERROR] Failed to load resource: net::ERR_FAILED @ chrome-extension://invalid/:0
[  424946ms] [ERROR] Failed to load resource: net::ERR_FAILED @ chrome-extension://invalid/:0
[  425055ms] [ERROR] Failed to load resource: net::ERR_FAILED @ chrome-extension://invalid/:0
[  425166ms] [ERROR] Failed to load resource: net::ERR_FAILED @ chrome-extension://invalid/:0
[  425277ms] [ERROR] Failed to load resource: net::ERR_FAILED @ chrome-extension://invalid/:0
[  425378ms] [ERROR] Failed to load resource: net::ERR_FAILED @ chrome-extension://invalid/:0
[  425484ms] [ERROR] Failed to load resource: net::ERR_FAILED @ chrome-extension://invalid/:0
[  425585ms] [ERROR] Failed to load resource: net::ERR_FAILED @ chrome-extension://invalid/:0
[  425701ms] [ERROR] Failed to load resource: net::ERR_FAILED @ chrome-extension://invalid/:0
[  425809ms] [ERROR] Failed to load resource: net::ERR_FAILED @ chrome-extension://invalid/:0
[  425917ms] [ERROR] Failed to load resource: net::ERR_FAILED @ chrome-extension://invalid/:0
[  426025ms] [ERROR] Failed to load resource: net::ERR_FAILED @ chrome-extension://invalid/:0
[  426136ms] [ERROR] Failed to load resource: net::ERR_FAILED @ chrome-extension://invalid/:0
[  426243ms] [ERROR] Failed to load resource: net::ERR_FAILED @ chrome-extension://invalid/:0
[  426350ms] [ERROR] Failed to load resource: net::ERR_FAILED @ chrome-extension://invalid/:0
[  426457ms] [ERROR] Failed to load resource: net::ERR_FAILED @ chrome-extension://invalid/:0
[  426565ms] [ERROR] Failed to load resource: net::ERR_FAILED @ chrome-extension://invalid/:0
[  426666ms] [ERROR] Failed to load resource: net::ERR_FAILED @ chrome-extension://invalid/:0
[  426780ms] [ERROR] Failed to load resource: net::ERR_FAILED @ chrome-extension://invalid/:0
[  426889ms] [ERROR] Failed to load resource: net::ERR_FAILED @ chrome-extension://invalid/:0
[  427000ms] [ERROR] Failed to load resource: net::ERR_FAILED @ chrome-extension://invalid/:0
[  427101ms] [ERROR] Failed to load resource: net::ERR_FAILED @ chrome-extension://invalid/:0
[  427204ms] [ERROR] Failed to load resource: net::ERR_FAILED @ chrome-extension://invalid/:0
[  427313ms] [ERROR] Failed to load resource: net::ERR_FAILED @ chrome-extension://invalid/:0
[  427416ms] [ERROR] Failed to load resource: net::ERR_FAILED @ chrome-extension://invalid/:0
[  427519ms] [ERROR] Failed to load resource: net::ERR_FAILED @ chrome-extension://invalid/:0
[  427626ms] [ERROR] Failed to load resource: net::ERR_FAILED @ chrome-extension://invalid/:0
[  427736ms] [ERROR] Failed to load resource: net::ERR_FAILED @ chrome-extension://invalid/:0
[  427845ms] [ERROR] Failed to load resource: net::ERR_FAILED @ chrome-extension://invalid/:0
[  427955ms] [ERROR] Failed to load resource: net::ERR_FAILED @ chrome-extension://invalid/:0
[  428064ms] [ERROR] Failed to load resource: net::ERR_FAILED @ chrome-extension://invalid/:0
[  428174ms] [ERROR] Failed to load resource: net::ERR_FAILED @ chrome-extension://invalid/:0
[  428281ms] [ERROR] Failed to load resource: net::ERR_FAILED @ chrome-extension://invalid/:0
[  428391ms] [ERROR] Failed to load resource: net::ERR_FAILED @ chrome-extension://invalid/:0
[  428501ms] [ERROR] Failed to load resource: net::ERR_FAILED @ chrome-extension://invalid/:0
[  428613ms] [ERROR] Failed to load resource: net::ERR_FAILED @ chrome-extension://invalid/:0
[  428720ms] [ERROR] Failed to load resource: net::ERR_FAILED @ chrome-extension://invalid/:0
[  428828ms] [ERROR] Failed to load resource: net::ERR_FAILED @ chrome-extension://invalid/:0
[  428937ms] [ERROR] Failed to load resource: net::ERR_FAILED @ chrome-extension://invalid/:0
[  429049ms] [ERROR] Failed to load resource: net::ERR_FAILED @ chrome-extension://invalid/:0
[  429155ms] [ERROR] Failed to load resource: net::ERR_FAILED @ chrome-extension://invalid/:0
[  429267ms] [ERROR] Failed to load resource: net::ERR_FAILED @ chrome-extension://invalid/:0
[  429376ms] [ERROR] Failed to load resource: net::ERR_FAILED @ chrome-extension://invalid/:0
[  429488ms] [ERROR] Failed to load resource: net::ERR_FAILED @ chrome-extension://invalid/:0
[  429596ms] [ERROR] Failed to load resource: net::ERR_FAILED @ chrome-extension://invalid/:0
[  429705ms] [ERROR] Failed to load resource: net::ERR_FAILED @ chrome-extension://invalid/:0
[  429813ms] [ERROR] Failed to load resource: net::ERR_FAILED @ chrome-extension://invalid/:0
[  429914ms] [ERROR] Failed to load resource: net::ERR_FAILED @ chrome-extension://invalid/:0
[  430021ms] [ERROR] Failed to load resource: net::ERR_FAILED @ chrome-extension://invalid/:0
[  430124ms] [ERROR] Failed to load resource: net::ERR_FAILED @ chrome-extension://invalid/:0
[  430226ms] [ERROR] Failed to load resource: net::ERR_FAILED @ chrome-extension://invalid/:0
[  430327ms] [ERROR] Failed to load resource: net::ERR_FAILED @ chrome-extension://invalid/:0
[  430444ms] [ERROR] Failed to load resource: net::ERR_FAILED @ chrome-extension://invalid/:0
[  430554ms] [ERROR] Failed to load resource: net::ERR_FAILED @ chrome-extension://invalid/:0
[  430656ms] [ERROR] Failed to load resource: net::ERR_FAILED @ chrome-extension://invalid/:0
[  430773ms] [ERROR] Failed to load resource: net::ERR_FAILED @ chrome-extension://invalid/:0
[  430874ms] [ERROR] Failed to load resource: net::ERR_FAILED @ chrome-extension://invalid/:0
[  430977ms] [ERROR] Failed to load resource: net::ERR_FAILED @ chrome-extension://invalid/:0
[  431085ms] [ERROR] Failed to load resource: net::ERR_FAILED @ chrome-extension://invalid/:0
[  431194ms] [ERROR] Failed to load resource: net::ERR_FAILED @ chrome-extension://invalid/:0
[  431303ms] [ERROR] Failed to load resource: net::ERR_FAILED @ chrome-extension://invalid/:0
[  431413ms] [ERROR] Failed to load resource: net::ERR_FAILED @ chrome-extension://invalid/:0
[  431524ms] [ERROR] Failed to load resource: net::ERR_FAILED @ chrome-extension://invalid/:0
[  431625ms] [ERROR] Failed to load resource: net::ERR_FAILED @ chrome-extension://invalid/:0
[  431737ms] [ERROR] Failed to load resource: net::ERR_FAILED @ chrome-extension://invalid/:0
[  431840ms] [ERROR] Failed to load resource: net::ERR_FAILED @ chrome-extension://invalid/:0
[  431948ms] [ERROR] Failed to load resource: net::ERR_FAILED @ chrome-extension://invalid/:0
[  432060ms] [ERROR] Failed to load resource: net::ERR_FAILED @ chrome-extension://invalid/:0
[  432170ms] [ERROR] Failed to load resource: net::ERR_FAILED @ chrome-extension://invalid/:0
[  432279ms] [ERROR] Failed to load resource: net::ERR_FAILED @ chrome-extension://invalid/:0
[  432380ms] [ERROR] Failed to load resource: net::ERR_FAILED @ chrome-extension://invalid/:0
[  432482ms] [ERROR] Failed to load resource: net::ERR_FAILED @ chrome-extension://invalid/:0
[  432593ms] [ERROR] Failed to load resource: net::ERR_FAILED @ chrome-extension://invalid/:0
[  432700ms] [ERROR] Failed to load resource: net::ERR_FAILED @ chrome-extension://invalid/:0
[  432806ms] [ERROR] Failed to load resource: net::ERR_FAILED @ chrome-extension://invalid/:0
[  432916ms] [ERROR] Failed to load resource: net::ERR_FAILED @ chrome-extension://invalid/:0
[  433024ms] [ERROR] Failed to load resource: net::ERR_FAILED @ chrome-extension://invalid/:0
[  433136ms] [ERROR] Failed to load resource: net::ERR_FAILED @ chrome-extension://invalid/:0
[  433246ms] [ERROR] Failed to load resource: net::ERR_FAILED @ chrome-extension://invalid/:0
[  433357ms] [ERROR] Failed to load resource: net::ERR_FAILED @ chrome-extension://invalid/:0
[  433466ms] [ERROR] Failed to load resource: net::ERR_FAILED @ chrome-extension://invalid/:0
[  433577ms] [ERROR] Failed to load resource: net::ERR_FAILED @ chrome-extension://invalid/:0
[  433686ms] [ERROR] Failed to load resource: net::ERR_FAILED @ chrome-extension://invalid/:0
[  433796ms] [ERROR] Failed to load resource: net::ERR_FAILED @ chrome-extension://invalid/:0
[  433905ms] [ERROR] Failed to load resource: net::ERR_FAILED @ chrome-extension://invalid/:0
[  434018ms] [ERROR] Failed to load resource: net::ERR_FAILED @ chrome-extension://invalid/:0
[  434126ms] [ERROR] Failed to load resource: net::ERR_FAILED @ chrome-extension://invalid/:0
[  434226ms] [ERROR] Failed to load resource: net::ERR_FAILED @ chrome-extension://invalid/:0
[  434341ms] [ERROR] Failed to load resource: net::ERR_FAILED @ chrome-extension://invalid/:0
[  434453ms] [ERROR] Failed to load resource: net::ERR_FAILED @ chrome-extension://invalid/:0
[  434563ms] [ERROR] Failed to load resource: net::ERR_FAILED @ chrome-extension://invalid/:0
[  434674ms] [ERROR] Failed to load resource: net::ERR_FAILED @ chrome-extension://invalid/:0
[  434782ms] [ERROR] Failed to load resource: net::ERR_FAILED @ chrome-extension://invalid/:0
[  434883ms] [ERROR] Failed to load resource: net::ERR_FAILED @ chrome-extension://invalid/:0
[  434999ms] [ERROR] Failed to load resource: net::ERR_FAILED @ chrome-extension://invalid/:0
[  435101ms] [ERROR] Failed to load resource: net::ERR_FAILED @ chrome-extension://invalid/:0
[  435203ms] [ERROR] Failed to load resource: net::ERR_FAILED @ chrome-extension://invalid/:0
[  435311ms] [ERROR] Failed to load resource: net::ERR_FAILED @ chrome-extension://invalid/:0
[  435418ms] [ERROR] Failed to load resource: net::ERR_FAILED @ chrome-extension://invalid/:0
[  435523ms] [ERROR] Failed to load resource: net::ERR_FAILED @ chrome-extension://invalid/:0
[  435639ms] [ERROR] Failed to load resource: net::ERR_FAILED @ chrome-extension://invalid/:0
[  435746ms] [ERROR] Failed to load resource: net::ERR_FAILED @ chrome-extension://invalid/:0
[  435855ms] [ERROR] Failed to load resource: net::ERR_FAILED @ chrome-extension://invalid/:0
[  435964ms] [ERROR] Failed to load resource: net::ERR_FAILED @ chrome-extension://invalid/:0
[  436073ms] [ERROR] Failed to load resource: net::ERR_FAILED @ chrome-extension://invalid/:0
[  436182ms] [ERROR] Failed to load resource: net::ERR_FAILED @ chrome-extension://invalid/:0
[  436291ms] [ERROR] Failed to load resource: net::ERR_FAILED @ chrome-extension://invalid/:0
[  436400ms] [ERROR] Failed to load resource: net::ERR_FAILED @ chrome-extension://invalid/:0
[  436508ms] [ERROR] Failed to load resource: net::ERR_FAILED @ chrome-extension://invalid/:0
[  436617ms] [ERROR] Failed to load resource: net::ERR_FAILED @ chrome-extension://invalid/:0
[  436720ms] [ERROR] Failed to load resource: net::ERR_FAILED @ chrome-extension://invalid/:0
[  436822ms] [ERROR] Failed to load resource: net::ERR_FAILED @ chrome-extension://invalid/:0
[  436934ms] [ERROR] Failed to load resource: net::ERR_FAILED @ chrome-extension://invalid/:0
[  437050ms] [ERROR] Failed to load resource: net::ERR_FAILED @ chrome-extension://invalid/:0
[  437160ms] [ERROR] Failed to load resource: net::ERR_FAILED @ chrome-extension://invalid/:0
[  437268ms] [ERROR] Failed to load resource: net::ERR_FAILED @ chrome-extension://invalid/:0
[  437378ms] [ERROR] Failed to load resource: net::ERR_FAILED @ chrome-extension://invalid/:0
[  437488ms] [ERROR] Failed to load resource: net::ERR_FAILED @ chrome-extension://invalid/:0
[  437599ms] [ERROR] Failed to load resource: net::ERR_FAILED @ chrome-extension://invalid/:0
[  437701ms] [ERROR] Failed to load resource: net::ERR_FAILED @ chrome-extension://invalid/:0
[  437815ms] [ERROR] Failed to load resource: net::ERR_FAILED @ chrome-extension://invalid/:0
[  437924ms] [ERROR] Failed to load resource: net::ERR_FAILED @ chrome-extension://invalid/:0
[  438025ms] [ERROR] Failed to load resource: net::ERR_FAILED @ chrome-extension://invalid/:0
[  438127ms] [ERROR] Failed to load resource: net::ERR_FAILED @ chrome-extension://invalid/:0
[  438239ms] [ERROR] Failed to load resource: net::ERR_FAILED @ chrome-extension://invalid/:0
[  438350ms] [ERROR] Failed to load resource: net::ERR_FAILED @ chrome-extension://invalid/:0
[  438459ms] [ERROR] Failed to load resource: net::ERR_FAILED @ chrome-extension://invalid/:0
[  438568ms] [ERROR] Failed to load resource: net::ERR_FAILED @ chrome-extension://invalid/:0
[  438670ms] [ERROR] Failed to load resource: net::ERR_FAILED @ chrome-extension://invalid/:0
[  438771ms] [ERROR] Failed to load resource: net::ERR_FAILED @ chrome-extension://invalid/:0
[  438878ms] [ERROR] Failed to load resource: net::ERR_FAILED @ chrome-extension://invalid/:0
[  438985ms] [ERROR] Failed to load resource: net::ERR_FAILED @ chrome-extension://invalid/:0
[  439095ms] [ERROR] Failed to load resource: net::ERR_FAILED @ chrome-extension://invalid/:0
[  439196ms] [ERROR] Failed to load resource: net::ERR_FAILED @ chrome-extension://invalid/:0
[  439310ms] [ERROR] Failed to load resource: net::ERR_FAILED @ chrome-extension://invalid/:0
[  439414ms] [ERROR] Failed to load resource: net::ERR_FAILED @ chrome-extension://invalid/:0
[  439518ms] [ERROR] Failed to load resource: net::ERR_FAILED @ chrome-extension://invalid/:0
[  439627ms] [ERROR] Failed to load resource: net::ERR_FAILED @ chrome-extension://invalid/:0
[  439736ms] [ERROR] Failed to load resource: net::ERR_FAILED @ chrome-extension://invalid/:0
[  439846ms] [ERROR] Failed to load resource: net::ERR_FAILED @ chrome-extension://invalid/:0
[  439955ms] [ERROR] Failed to load resource: net::ERR_FAILED @ chrome-extension://invalid/:0
[  440057ms] [ERROR] Failed to load resource: net::ERR_FAILED @ chrome-extension://invalid/:0
[  440158ms] [ERROR] Failed to load resource: net::ERR_FAILED @ chrome-extension://invalid/:0
[  440259ms] [ERROR] Failed to load resource: net::ERR_FAILED @ chrome-extension://invalid/:0
[  440361ms] [ERROR] Failed to load resource: net::ERR_FAILED @ chrome-extension://invalid/:0
[  440470ms] [ERROR] Failed to load resource: net::ERR_FAILED @ chrome-extension://invalid/:0
[  440579ms] [ERROR] Failed to load resource: net::ERR_FAILED @ chrome-extension://invalid/:0
[  440688ms] [ERROR] Failed to load resource: net::ERR_FAILED @ chrome-extension://invalid/:0
[  440795ms] [ERROR] Failed to load resource: net::ERR_FAILED @ chrome-extension://invalid/:0
[  440905ms] [ERROR] Failed to load resource: net::ERR_FAILED @ chrome-extension://invalid/:0
[  441009ms] [ERROR] Failed to load resource: net::ERR_FAILED @ chrome-extension://invalid/:0
[  441117ms] [ERROR] Failed to load resource: net::ERR_FAILED @ chrome-extension://invalid/:0
[  441226ms] [ERROR] Failed to load resource: net::ERR_FAILED @ chrome-extension://invalid/:0
[  441339ms] [ERROR] Failed to load resource: net::ERR_FAILED @ chrome-extension://invalid/:0
[  441448ms] [ERROR] Failed to load resource: net::ERR_FAILED @ chrome-extension://invalid/:0
[  441556ms] [ERROR] Failed to load resource: net::ERR_FAILED @ chrome-extension://invalid/:0
[  441663ms] [ERROR] Failed to load resource: net::ERR_FAILED @ chrome-extension://invalid/:0
[  441764ms] [ERROR] Failed to load resource: net::ERR_FAILED @ chrome-extension://invalid/:0
[  441880ms] [ERROR] Failed to load resource: net::ERR_FAILED @ chrome-extension://invalid/:0
[  441989ms] [ERROR] Failed to load resource: net::ERR_FAILED @ chrome-extension://invalid/:0
[  442089ms] [ERROR] Failed to load resource: net::ERR_FAILED @ chrome-extension://invalid/:0
[  442191ms] [ERROR] Failed to load resource: net::ERR_FAILED @ chrome-extension://invalid/:0
[  442300ms] [ERROR] Failed to load resource: net::ERR_FAILED @ chrome-extension://invalid/:0
[  442410ms] [ERROR] Failed to load resource: net::ERR_FAILED @ chrome-extension://invalid/:0
[  442519ms] [ERROR] Failed to load resource: net::ERR_FAILED @ chrome-extension://invalid/:0
[  442621ms] [ERROR] Failed to load resource: net::ERR_FAILED @ chrome-extension://invalid/:0
[  442723ms] [ERROR] Failed to load resource: net::ERR_FAILED @ chrome-extension://invalid/:0
[  442831ms] [ERROR] Failed to load resource: net::ERR_FAILED @ chrome-extension://invalid/:0
[  442939ms] [ERROR] Failed to load resource: net::ERR_FAILED @ chrome-extension://invalid/:0
[  443049ms] [ERROR] Failed to load resource: net::ERR_FAILED @ chrome-extension://invalid/:0
[  443158ms] [ERROR] Failed to load resource: net::ERR_FAILED @ chrome-extension://invalid/:0
[  443266ms] [ERROR] Failed to load resource: net::ERR_FAILED @ chrome-extension://invalid/:0
[  443368ms] [ERROR] Failed to load resource: net::ERR_FAILED @ chrome-extension://invalid/:0
[  443471ms] [ERROR] Failed to load resource: net::ERR_FAILED @ chrome-extension://invalid/:0
[  443582ms] [ERROR] Failed to load resource: net::ERR_FAILED @ chrome-extension://invalid/:0
[  443690ms] [ERROR] Failed to load resource: net::ERR_FAILED @ chrome-extension://invalid/:0
[  443798ms] [ERROR] Failed to load resource: net::ERR_FAILED @ chrome-extension://invalid/:0
[  443907ms] [ERROR] Failed to load resource: net::ERR_FAILED @ chrome-extension://invalid/:0
[  444017ms] [ERROR] Failed to load resource: net::ERR_FAILED @ chrome-extension://invalid/:0
[  444118ms] [ERROR] Failed to load resource: net::ERR_FAILED @ chrome-extension://invalid/:0
[  444220ms] [ERROR] Failed to load resource: net::ERR_FAILED @ chrome-extension://invalid/:0
[  444328ms] [ERROR] Failed to load resource: net::ERR_FAILED @ chrome-extension://invalid/:0
[  444438ms] [ERROR] Failed to load resource: net::ERR_FAILED @ chrome-extension://invalid/:0
[  444547ms] [ERROR] Failed to load resource: net::ERR_FAILED @ chrome-extension://invalid/:0
[  444656ms] [ERROR] Failed to load resource: net::ERR_FAILED @ chrome-extension://invalid/:0
[  444765ms] [ERROR] Failed to load resource: net::ERR_FAILED @ chrome-extension://invalid/:0
[  444872ms] [ERROR] Failed to load resource: net::ERR_FAILED @ chrome-extension://invalid/:0
[  444982ms] [ERROR] Failed to load resource: net::ERR_FAILED @ chrome-extension://invalid/:0
[  445090ms] [ERROR] Failed to load resource: net::ERR_FAILED @ chrome-extension://invalid/:0
[  445199ms] [ERROR] Failed to load resource: net::ERR_FAILED @ chrome-extension://invalid/:0
[  445301ms] [ERROR] Failed to load resource: net::ERR_FAILED @ chrome-extension://invalid/:0
[  445415ms] [ERROR] Failed to load resource: net::ERR_FAILED @ chrome-extension://invalid/:0
[  445518ms] [ERROR] Failed to load resource: net::ERR_FAILED @ chrome-extension://invalid/:0
[  445631ms] [ERROR] Failed to load resource: net::ERR_FAILED @ chrome-extension://invalid/:0
[  445733ms] [ERROR] Failed to load resource: net::ERR_FAILED @ chrome-extension://invalid/:0
[  445850ms] [ERROR] Failed to load resource: net::ERR_FAILED @ chrome-extension://invalid/:0
[  445959ms] [ERROR] Failed to load resource: net::ERR_FAILED @ chrome-extension://invalid/:0
[  446067ms] [ERROR] Failed to load resource: net::ERR_FAILED @ chrome-extension://invalid/:0
[  446176ms] [ERROR] Failed to load resource: net::ERR_FAILED @ chrome-extension://invalid/:0
[  446286ms] [ERROR] Failed to load resource: net::ERR_FAILED @ chrome-extension://invalid/:0
[  446387ms] [ERROR] Failed to load resource: net::ERR_FAILED @ chrome-extension://invalid/:0
[  446490ms] [ERROR] Failed to load resource: net::ERR_FAILED @ chrome-extension://invalid/:0
[  446602ms] [ERROR] Failed to load resource: net::ERR_FAILED @ chrome-extension://invalid/:0
[  446710ms] [ERROR] Failed to load resource: net::ERR_FAILED @ chrome-extension://invalid/:0
[  446819ms] [ERROR] Failed to load resource: net::ERR_FAILED @ chrome-extension://invalid/:0
[  446928ms] [ERROR] Failed to load resource: net::ERR_FAILED @ chrome-extension://invalid/:0
[  447036ms] [ERROR] Failed to load resource: net::ERR_FAILED @ chrome-extension://invalid/:0
[  447146ms] [ERROR] Failed to load resource: net::ERR_FAILED @ chrome-extension://invalid/:0
[  447253ms] [ERROR] Failed to load resource: net::ERR_FAILED @ chrome-extension://invalid/:0
[  447362ms] [ERROR] Failed to load resource: net::ERR_FAILED @ chrome-extension://invalid/:0
[  447469ms] [ERROR] Failed to load resource: net::ERR_FAILED @ chrome-extension://invalid/:0
[  447570ms] [ERROR] Failed to load resource: net::ERR_FAILED @ chrome-extension://invalid/:0
[  447676ms] [ERROR] Failed to load resource: net::ERR_FAILED @ chrome-extension://invalid/:0
[  447786ms] [ERROR] Failed to load resource: net::ERR_FAILED @ chrome-extension://invalid/:0
[  447897ms] [ERROR] Failed to load resource: net::ERR_FAILED @ chrome-extension://invalid/:0
[  448005ms] [ERROR] Failed to load resource: net::ERR_FAILED @ chrome-extension://invalid/:0
[  448112ms] [ERROR] Failed to load resource: net::ERR_FAILED @ chrome-extension://invalid/:0
[  448220ms] [ERROR] Failed to load resource: net::ERR_FAILED @ chrome-extension://invalid/:0
[  448321ms] [ERROR] Failed to load resource: net::ERR_FAILED @ chrome-extension://invalid/:0
[  448437ms] [ERROR] Failed to load resource: net::ERR_FAILED @ chrome-extension://invalid/:0
[  448545ms] [ERROR] Failed to load resource: net::ERR_FAILED @ chrome-extension://invalid/:0
[  448656ms] [ERROR] Failed to load resource: net::ERR_FAILED @ chrome-extension://invalid/:0
[  448765ms] [ERROR] Failed to load resource: net::ERR_FAILED @ chrome-extension://invalid/:0
[  448876ms] [ERROR] Failed to load resource: net::ERR_FAILED @ chrome-extension://invalid/:0
[  448986ms] [ERROR] Failed to load resource: net::ERR_FAILED @ chrome-extension://invalid/:0
[  449097ms] [ERROR] Failed to load resource: net::ERR_FAILED @ chrome-extension://invalid/:0
[  449205ms] [ERROR] Failed to load resource: net::ERR_FAILED @ chrome-extension://invalid/:0
[  449316ms] [ERROR] Failed to load resource: net::ERR_FAILED @ chrome-extension://invalid/:0
[  449426ms] [ERROR] Failed to load resource: net::ERR_FAILED @ chrome-extension://invalid/:0
[  449537ms] [ERROR] Failed to load resource: net::ERR_FAILED @ chrome-extension://invalid/:0
[  449645ms] [ERROR] Failed to load resource: net::ERR_FAILED @ chrome-extension://invalid/:0
[  449746ms] [ERROR] Failed to load resource: net::ERR_FAILED @ chrome-extension://invalid/:0
[  449862ms] [ERROR] Failed to load resource: net::ERR_FAILED @ chrome-extension://invalid/:0
[  449970ms] [ERROR] Failed to load resource: net::ERR_FAILED @ chrome-extension://invalid/:0
[  450078ms] [ERROR] Failed to load resource: net::ERR_FAILED @ chrome-extension://invalid/:0
[  450186ms] [ERROR] Failed to load resource: net::ERR_FAILED @ chrome-extension://invalid/:0
[  450294ms] [ERROR] Failed to load resource: net::ERR_FAILED @ chrome-extension://invalid/:0
[  450406ms] [ERROR] Failed to load resource: net::ERR_FAILED @ chrome-extension://invalid/:0
[  450516ms] [ERROR] Failed to load resource: net::ERR_FAILED @ chrome-extension://invalid/:0
[  450618ms] [ERROR] Failed to load resource: net::ERR_FAILED @ chrome-extension://invalid/:0
[  450724ms] [ERROR] Failed to load resource: net::ERR_FAILED @ chrome-extension://invalid/:0
[  450835ms] [ERROR] Failed to load resource: net::ERR_FAILED @ chrome-extension://invalid/:0
[  450942ms] [ERROR] Failed to load resource: net::ERR_FAILED @ chrome-extension://invalid/:0
[  451051ms] [ERROR] Failed to load resource: net::ERR_FAILED @ chrome-extension://invalid/:0
[  451160ms] [ERROR] Failed to load resource: net::ERR_FAILED @ chrome-extension://invalid/:0
[  451261ms] [ERROR] Failed to load resource: net::ERR_FAILED @ chrome-extension://invalid/:0
[  451378ms] [ERROR] Failed to load resource: net::ERR_FAILED @ chrome-extension://invalid/:0
[  451490ms] [ERROR] Failed to load resource: net::ERR_FAILED @ chrome-extension://invalid/:0
[  451602ms] [ERROR] Failed to load resource: net::ERR_FAILED @ chrome-extension://invalid/:0
[  451711ms] [ERROR] Failed to load resource: net::ERR_FAILED @ chrome-extension://invalid/:0
[  451819ms] [ERROR] Failed to load resource: net::ERR_FAILED @ chrome-extension://invalid/:0
[  451926ms] [ERROR] Failed to load resource: net::ERR_FAILED @ chrome-extension://invalid/:0
[  452037ms] [ERROR] Failed to load resource: net::ERR_FAILED @ chrome-extension://invalid/:0
[  452147ms] [ERROR] Failed to load resource: net::ERR_FAILED @ chrome-extension://invalid/:0
[  452248ms] [ERROR] Failed to load resource: net::ERR_FAILED @ chrome-extension://invalid/:0
[  452351ms] [ERROR] Failed to load resource: net::ERR_FAILED @ chrome-extension://invalid/:0
[  452461ms] [ERROR] Failed to load resource: net::ERR_FAILED @ chrome-extension://invalid/:0
[  452572ms] [ERROR] Failed to load resource: net::ERR_FAILED @ chrome-extension://invalid/:0
[  452680ms] [ERROR] Failed to load resource: net::ERR_FAILED @ chrome-extension://invalid/:0
[  452789ms] [ERROR] Failed to load resource: net::ERR_FAILED @ chrome-extension://invalid/:0
[  452898ms] [ERROR] Failed to load resource: net::ERR_FAILED @ chrome-extension://invalid/:0
[  453008ms] [ERROR] Failed to load resource: net::ERR_FAILED @ chrome-extension://invalid/:0
[  453117ms] [ERROR] Failed to load resource: net::ERR_FAILED @ chrome-extension://invalid/:0
[  453226ms] [ERROR] Failed to load resource: net::ERR_FAILED @ chrome-extension://invalid/:0
[  453337ms] [ERROR] Failed to load resource: net::ERR_FAILED @ chrome-extension://invalid/:0
[  453446ms] [ERROR] Failed to load resource: net::ERR_FAILED @ chrome-extension://invalid/:0
[  453553ms] [ERROR] Failed to load resource: net::ERR_FAILED @ chrome-extension://invalid/:0
[  453662ms] [ERROR] Failed to load resource: net::ERR_FAILED @ chrome-extension://invalid/:0
[  453770ms] [ERROR] Failed to load resource: net::ERR_FAILED @ chrome-extension://invalid/:0
[  453881ms] [ERROR] Failed to load resource: net::ERR_FAILED @ chrome-extension://invalid/:0
[  453982ms] [ERROR] Failed to load resource: net::ERR_FAILED @ chrome-extension://invalid/:0
[  454084ms] [ERROR] Failed to load resource: net::ERR_FAILED @ chrome-extension://invalid/:0
[  454193ms] [ERROR] Failed to load resource: net::ERR_FAILED @ chrome-extension://invalid/:0
[  454295ms] [ERROR] Failed to load resource: net::ERR_FAILED @ chrome-extension://invalid/:0
[  454412ms] [ERROR] Failed to load resource: net::ERR_FAILED @ chrome-extension://invalid/:0
[  454514ms] [ERROR] Failed to load resource: net::ERR_FAILED @ chrome-extension://invalid/:0
[  454615ms] [ERROR] Failed to load resource: net::ERR_FAILED @ chrome-extension://invalid/:0
[  454724ms] [ERROR] Failed to load resource: net::ERR_FAILED @ chrome-extension://invalid/:0
[  454834ms] [ERROR] Failed to load resource: net::ERR_FAILED @ chrome-extension://invalid/:0
[  454943ms] [ERROR] Failed to load resource: net::ERR_FAILED @ chrome-extension://invalid/:0
[  455052ms] [ERROR] Failed to load resource: net::ERR_FAILED @ chrome-extension://invalid/:0
[  455160ms] [ERROR] Failed to load resource: net::ERR_FAILED @ chrome-extension://invalid/:0
[  455269ms] [ERROR] Failed to load resource: net::ERR_FAILED @ chrome-extension://invalid/:0
[  455378ms] [ERROR] Failed to load resource: net::ERR_FAILED @ chrome-extension://invalid/:0
[  455488ms] [ERROR] Failed to load resource: net::ERR_FAILED @ chrome-extension://invalid/:0
[  455596ms] [ERROR] Failed to load resource: net::ERR_FAILED @ chrome-extension://invalid/:0
[  455707ms] [ERROR] Failed to load resource: net::ERR_FAILED @ chrome-extension://invalid/:0
[  455818ms] [ERROR] Failed to load resource: net::ERR_FAILED @ chrome-extension://invalid/:0
[  455927ms] [ERROR] Failed to load resource: net::ERR_FAILED @ chrome-extension://invalid/:0
[  456036ms] [ERROR] Failed to load resource: net::ERR_FAILED @ chrome-extension://invalid/:0
[  456147ms] [ERROR] Failed to load resource: net::ERR_FAILED @ chrome-extension://invalid/:0
[  456256ms] [ERROR] Failed to load resource: net::ERR_FAILED @ chrome-extension://invalid/:0
[  456365ms] [ERROR] Failed to load resource: net::ERR_FAILED @ chrome-extension://invalid/:0
[  456473ms] [ERROR] Failed to load resource: net::ERR_FAILED @ chrome-extension://invalid/:0
[  456582ms] [ERROR] Failed to load resource: net::ERR_FAILED @ chrome-extension://invalid/:0
[  456694ms] [ERROR] Failed to load resource: net::ERR_FAILED @ chrome-extension://invalid/:0
[  456802ms] [ERROR] Failed to load resource: net::ERR_FAILED @ chrome-extension://invalid/:0
[  456911ms] [ERROR] Failed to load resource: net::ERR_FAILED @ chrome-extension://invalid/:0
[  457021ms] [ERROR] Failed to load resource: net::ERR_FAILED @ chrome-extension://invalid/:0
[  457131ms] [ERROR] Failed to load resource: net::ERR_FAILED @ chrome-extension://invalid/:0
[  457238ms] [ERROR] Failed to load resource: net::ERR_FAILED @ chrome-extension://invalid/:0
[  457348ms] [ERROR] Failed to load resource: net::ERR_FAILED @ chrome-extension://invalid/:0
[  457457ms] [ERROR] Failed to load resource: net::ERR_FAILED @ chrome-extension://invalid/:0
[  457569ms] [ERROR] Failed to load resource: net::ERR_FAILED @ chrome-extension://invalid/:0
[  457679ms] [ERROR] Failed to load resource: net::ERR_FAILED @ chrome-extension://invalid/:0
[  457787ms] [ERROR] Failed to load resource: net::ERR_FAILED @ chrome-extension://invalid/:0
[  457896ms] [ERROR] Failed to load resource: net::ERR_FAILED @ chrome-extension://invalid/:0
[  458008ms] [ERROR] Failed to load resource: net::ERR_FAILED @ chrome-extension://invalid/:0
[  458114ms] [ERROR] Failed to load resource: net::ERR_FAILED @ chrome-extension://invalid/:0
[  458221ms] [ERROR] Failed to load resource: net::ERR_FAILED @ chrome-extension://invalid/:0
[  458330ms] [ERROR] Failed to load resource: net::ERR_FAILED @ chrome-extension://invalid/:0
[  458441ms] [ERROR] Failed to load resource: net::ERR_FAILED @ chrome-extension://invalid/:0
[  458552ms] [ERROR] Failed to load resource: net::ERR_FAILED @ chrome-extension://invalid/:0
[  458661ms] [ERROR] Failed to load resource: net::ERR_FAILED @ chrome-extension://invalid/:0
[  458770ms] [ERROR] Failed to load resource: net::ERR_FAILED @ chrome-extension://invalid/:0
[  458871ms] [ERROR] Failed to load resource: net::ERR_FAILED @ chrome-extension://invalid/:0
[  458974ms] [ERROR] Failed to load resource: net::ERR_FAILED @ chrome-extension://invalid/:0
[  459076ms] [ERROR] Failed to load resource: net::ERR_FAILED @ chrome-extension://invalid/:0
[  459177ms] [ERROR] Failed to load resource: net::ERR_FAILED @ chrome-extension://invalid/:0
[  459286ms] [ERROR] Failed to load resource: net::ERR_FAILED @ chrome-extension://invalid/:0
[  459395ms] [ERROR] Failed to load resource: net::ERR_FAILED @ chrome-extension://invalid/:0
[  459506ms] [ERROR] Failed to load resource: net::ERR_FAILED @ chrome-extension://invalid/:0
[  459614ms] [ERROR] Failed to load resource: net::ERR_FAILED @ chrome-extension://invalid/:0
[  459723ms] [ERROR] Failed to load resource: net::ERR_FAILED @ chrome-extension://invalid/:0
[  459832ms] [ERROR] Failed to load resource: net::ERR_FAILED @ chrome-extension://invalid/:0
[  459933ms] [ERROR] Failed to load resource: net::ERR_FAILED @ chrome-extension://invalid/:0
[  460034ms] [ERROR] Failed to load resource: net::ERR_FAILED @ chrome-extension://invalid/:0
[  460149ms] [ERROR] Failed to load resource: net::ERR_FAILED @ chrome-extension://invalid/:0
[  460256ms] [ERROR] Failed to load resource: net::ERR_FAILED @ chrome-extension://invalid/:0
[  460356ms] [ERROR] Failed to load resource: net::ERR_FAILED @ chrome-extension://invalid/:0
[  460461ms] [ERROR] Failed to load resource: net::ERR_FAILED @ chrome-extension://invalid/:0
[  460571ms] [ERROR] Failed to load resource: net::ERR_FAILED @ chrome-extension://invalid/:0
[  460673ms] [ERROR] Failed to load resource: net::ERR_FAILED @ chrome-extension://invalid/:0
[  460775ms] [ERROR] Failed to load resource: net::ERR_FAILED @ chrome-extension://invalid/:0
[  460883ms] [ERROR] Failed to load resource: net::ERR_FAILED @ chrome-extension://invalid/:0
[  460993ms] [ERROR] Failed to load resource: net::ERR_FAILED @ chrome-extension://invalid/:0
[  461102ms] [ERROR] Failed to load resource: net::ERR_FAILED @ chrome-extension://invalid/:0
[  461210ms] [ERROR] Failed to load resource: net::ERR_FAILED @ chrome-extension://invalid/:0
[  461319ms] [ERROR] Failed to load resource: net::ERR_FAILED @ chrome-extension://invalid/:0
[  461422ms] [ERROR] Failed to load resource: net::ERR_FAILED @ chrome-extension://invalid/:0
[  461536ms] [ERROR] Failed to load resource: net::ERR_FAILED @ chrome-extension://invalid/:0
[  461646ms] [ERROR] Failed to load resource: net::ERR_FAILED @ chrome-extension://invalid/:0
[  461754ms] [ERROR] Failed to load resource: net::ERR_FAILED @ chrome-extension://invalid/:0
[  461865ms] [ERROR] Failed to load resource: net::ERR_FAILED @ chrome-extension://invalid/:0
[  461976ms] [ERROR] Failed to load resource: net::ERR_FAILED @ chrome-extension://invalid/:0
[  462085ms] [ERROR] Failed to load resource: net::ERR_FAILED @ chrome-extension://invalid/:0
[  462194ms] [ERROR] Failed to load resource: net::ERR_FAILED @ chrome-extension://invalid/:0
[  462301ms] [ERROR] Failed to load resource: net::ERR_FAILED @ chrome-extension://invalid/:0
[  462409ms] [ERROR] Failed to load resource: net::ERR_FAILED @ chrome-extension://invalid/:0
[  462523ms] [ERROR] Failed to load resource: net::ERR_FAILED @ chrome-extension://invalid/:0
[  462630ms] [ERROR] Failed to load resource: net::ERR_FAILED @ chrome-extension://invalid/:0
[  462738ms] [ERROR] Failed to load resource: net::ERR_FAILED @ chrome-extension://invalid/:0
[  462846ms] [ERROR] Failed to load resource: net::ERR_FAILED @ chrome-extension://invalid/:0
[  462956ms] [ERROR] Failed to load resource: net::ERR_FAILED @ chrome-extension://invalid/:0
[  463063ms] [ERROR] Failed to load resource: net::ERR_FAILED @ chrome-extension://invalid/:0
[  463173ms] [ERROR] Failed to load resource: net::ERR_FAILED @ chrome-extension://invalid/:0
[  463284ms] [ERROR] Failed to load resource: net::ERR_FAILED @ chrome-extension://invalid/:0
[  463392ms] [ERROR] Failed to load resource: net::ERR_FAILED @ chrome-extension://invalid/:0
[  463494ms] [ERROR] Failed to load resource: net::ERR_FAILED @ chrome-extension://invalid/:0
[  463598ms] [ERROR] Failed to load resource: net::ERR_FAILED @ chrome-extension://invalid/:0
[  463706ms] [ERROR] Failed to load resource: net::ERR_FAILED @ chrome-extension://invalid/:0
[  463816ms] [ERROR] Failed to load resource: net::ERR_FAILED @ chrome-extension://invalid/:0
[  463927ms] [ERROR] Failed to load resource: net::ERR_FAILED @ chrome-extension://invalid/:0
[  464038ms] [ERROR] Failed to load resource: net::ERR_FAILED @ chrome-extension://invalid/:0
[  464149ms] [ERROR] Failed to load resource: net::ERR_FAILED @ chrome-extension://invalid/:0
[  464258ms] [ERROR] Failed to load resource: net::ERR_FAILED @ chrome-extension://invalid/:0
[  464384ms] [ERROR] Failed to load resource: net::ERR_FAILED @ chrome-extension://invalid/:0
[  464490ms] [ERROR] Failed to load resource: net::ERR_FAILED @ chrome-extension://invalid/:0
[  464591ms] [ERROR] Failed to load resource: net::ERR_FAILED @ chrome-extension://invalid/:0
[  464693ms] [ERROR] Failed to load resource: net::ERR_FAILED @ chrome-extension://invalid/:0
[  464800ms] [ERROR] Failed to load resource: net::ERR_FAILED @ chrome-extension://invalid/:0
[  464908ms] [ERROR] Failed to load resource: net::ERR_FAILED @ chrome-extension://invalid/:0
[  465018ms] [ERROR] Failed to load resource: net::ERR_FAILED @ chrome-extension://invalid/:0
[  465128ms] [ERROR] Failed to load resource: net::ERR_FAILED @ chrome-extension://invalid/:0
[  465238ms] [ERROR] Failed to load resource: net::ERR_FAILED @ chrome-extension://invalid/:0
[  465339ms] [ERROR] Failed to load resource: net::ERR_FAILED @ chrome-extension://invalid/:0
[  465442ms] [ERROR] Failed to load resource: net::ERR_FAILED @ chrome-extension://invalid/:0
[  465553ms] [ERROR] Failed to load resource: net::ERR_FAILED @ chrome-extension://invalid/:0
[  465666ms] [ERROR] Failed to load resource: net::ERR_FAILED @ chrome-extension://invalid/:0
[  465775ms] [ERROR] Failed to load resource: net::ERR_FAILED @ chrome-extension://invalid/:0
[  465883ms] [ERROR] Failed to load resource: net::ERR_FAILED @ chrome-extension://invalid/:0
[  465992ms] [ERROR] Failed to load resource: net::ERR_FAILED @ chrome-extension://invalid/:0
[  466101ms] [ERROR] Failed to load resource: net::ERR_FAILED @ chrome-extension://invalid/:0
[  466209ms] [ERROR] Failed to load resource: net::ERR_FAILED @ chrome-extension://invalid/:0
[  466319ms] [ERROR] Failed to load resource: net::ERR_FAILED @ chrome-extension://invalid/:0
[  466420ms] [ERROR] Failed to load resource: net::ERR_FAILED @ chrome-extension://invalid/:0
[  466534ms] [ERROR] Failed to load resource: net::ERR_FAILED @ chrome-extension://invalid/:0
[  466645ms] [ERROR] Failed to load resource: net::ERR_FAILED @ chrome-extension://invalid/:0
[  466754ms] [ERROR] Failed to load resource: net::ERR_FAILED @ chrome-extension://invalid/:0
[  466861ms] [ERROR] Failed to load resource: net::ERR_FAILED @ chrome-extension://invalid/:0
[  466962ms] [ERROR] Failed to load resource: net::ERR_FAILED @ chrome-extension://invalid/:0
[  467064ms] [ERROR] Failed to load resource: net::ERR_FAILED @ chrome-extension://invalid/:0
[  467172ms] [ERROR] Failed to load resource: net::ERR_FAILED @ chrome-extension://invalid/:0
[  467280ms] [ERROR] Failed to load resource: net::ERR_FAILED @ chrome-extension://invalid/:0
[  467382ms] [ERROR] Failed to load resource: net::ERR_FAILED @ chrome-extension://invalid/:0
[  467497ms] [ERROR] Failed to load resource: net::ERR_FAILED @ chrome-extension://invalid/:0
[  467608ms] [ERROR] Failed to load resource: net::ERR_FAILED @ chrome-extension://invalid/:0
[  467718ms] [ERROR] Failed to load resource: net::ERR_FAILED @ chrome-extension://invalid/:0
[  467821ms] [ERROR] Failed to load resource: net::ERR_FAILED @ chrome-extension://invalid/:0
[  467936ms] [ERROR] Failed to load resource: net::ERR_FAILED @ chrome-extension://invalid/:0
[  468046ms] [ERROR] Failed to load resource: net::ERR_FAILED @ chrome-extension://invalid/:0
[  468154ms] [ERROR] Failed to load resource: net::ERR_FAILED @ chrome-extension://invalid/:0
[  468263ms] [ERROR] Failed to load resource: net::ERR_FAILED @ chrome-extension://invalid/:0
[  468373ms] [ERROR] Failed to load resource: net::ERR_FAILED @ chrome-extension://invalid/:0
[  468482ms] [ERROR] Failed to load resource: net::ERR_FAILED @ chrome-extension://invalid/:0
[  468592ms] [ERROR] Failed to load resource: net::ERR_FAILED @ chrome-extension://invalid/:0
[  468701ms] [ERROR] Failed to load resource: net::ERR_FAILED @ chrome-extension://invalid/:0
[  468809ms] [ERROR] Failed to load resource: net::ERR_FAILED @ chrome-extension://invalid/:0
[  468915ms] [ERROR] Failed to load resource: net::ERR_FAILED @ chrome-extension://invalid/:0
[  469030ms] [ERROR] Failed to load resource: net::ERR_FAILED @ chrome-extension://invalid/:0
[  469138ms] [ERROR] Failed to load resource: net::ERR_FAILED @ chrome-extension://invalid/:0
[  469247ms] [ERROR] Failed to load resource: net::ERR_FAILED @ chrome-extension://invalid/:0
[  469357ms] [ERROR] Failed to load resource: net::ERR_FAILED @ chrome-extension://invalid/:0
[  469458ms] [ERROR] Failed to load resource: net::ERR_FAILED @ chrome-extension://invalid/:0
[  469560ms] [ERROR] Failed to load resource: net::ERR_FAILED @ chrome-extension://invalid/:0
[  469665ms] [ERROR] Failed to load resource: net::ERR_FAILED @ chrome-extension://invalid/:0
[  469775ms] [ERROR] Failed to load resource: net::ERR_FAILED @ chrome-extension://invalid/:0
[  469883ms] [ERROR] Failed to load resource: net::ERR_FAILED @ chrome-extension://invalid/:0
[  469993ms] [ERROR] Failed to load resource: net::ERR_FAILED @ chrome-extension://invalid/:0
[  470102ms] [ERROR] Failed to load resource: net::ERR_FAILED @ chrome-extension://invalid/:0
[  470203ms] [ERROR] Failed to load resource: net::ERR_FAILED @ chrome-extension://invalid/:0
[  470305ms] [ERROR] Failed to load resource: net::ERR_FAILED @ chrome-extension://invalid/:0
[  470414ms] [ERROR] Failed to load resource: net::ERR_FAILED @ chrome-extension://invalid/:0
[  470515ms] [ERROR] Failed to load resource: net::ERR_FAILED @ chrome-extension://invalid/:0
[  470619ms] [ERROR] Failed to load resource: net::ERR_FAILED @ chrome-extension://invalid/:0
[  470722ms] [ERROR] Failed to load resource: net::ERR_FAILED @ chrome-extension://invalid/:0
[  470831ms] [ERROR] Failed to load resource: net::ERR_FAILED @ chrome-extension://invalid/:0
[  470941ms] [ERROR] Failed to load resource: net::ERR_FAILED @ chrome-extension://invalid/:0
[  471052ms] [ERROR] Failed to load resource: net::ERR_FAILED @ chrome-extension://invalid/:0
[  471160ms] [ERROR] Failed to load resource: net::ERR_FAILED @ chrome-extension://invalid/:0
[  471270ms] [ERROR] Failed to load resource: net::ERR_FAILED @ chrome-extension://invalid/:0
[  471381ms] [ERROR] Failed to load resource: net::ERR_FAILED @ chrome-extension://invalid/:0
[  471489ms] [ERROR] Failed to load resource: net::ERR_FAILED @ chrome-extension://invalid/:0
[  471591ms] [ERROR] Failed to load resource: net::ERR_FAILED @ chrome-extension://invalid/:0
[  471704ms] [ERROR] Failed to load resource: net::ERR_FAILED @ chrome-extension://invalid/:0
[  471812ms] [ERROR] Failed to load resource: net::ERR_FAILED @ chrome-extension://invalid/:0
[  471914ms] [ERROR] Failed to load resource: net::ERR_FAILED @ chrome-extension://invalid/:0
[  472015ms] [ERROR] Failed to load resource: net::ERR_FAILED @ chrome-extension://invalid/:0
[  472118ms] [ERROR] Failed to load resource: net::ERR_FAILED @ chrome-extension://invalid/:0
[  472234ms] [ERROR] Failed to load resource: net::ERR_FAILED @ chrome-extension://invalid/:0
[  472342ms] [ERROR] Failed to load resource: net::ERR_FAILED @ chrome-extension://invalid/:0
[  472442ms] [ERROR] Failed to load resource: net::ERR_FAILED @ chrome-extension://invalid/:0
[  472546ms] [ERROR] Failed to load resource: net::ERR_FAILED @ chrome-extension://invalid/:0
[  472656ms] [ERROR] Failed to load resource: net::ERR_FAILED @ chrome-extension://invalid/:0
[  472765ms] [ERROR] Failed to load resource: net::ERR_FAILED @ chrome-extension://invalid/:0
[  472866ms] [ERROR] Failed to load resource: net::ERR_FAILED @ chrome-extension://invalid/:0
[  472982ms] [ERROR] Failed to load resource: net::ERR_FAILED @ chrome-extension://invalid/:0
[  473090ms] [ERROR] Failed to load resource: net::ERR_FAILED @ chrome-extension://invalid/:0
[  473191ms] [ERROR] Failed to load resource: net::ERR_FAILED @ chrome-extension://invalid/:0
[  473307ms] [ERROR] Failed to load resource: net::ERR_FAILED @ chrome-extension://invalid/:0
[  473414ms] [ERROR] Failed to load resource: net::ERR_FAILED @ chrome-extension://invalid/:0
[  473516ms] [ERROR] Failed to load resource: net::ERR_FAILED @ chrome-extension://invalid/:0
[  473632ms] [ERROR] Failed to load resource: net::ERR_FAILED @ chrome-extension://invalid/:0
[  473738ms] [ERROR] Failed to load resource: net::ERR_FAILED @ chrome-extension://invalid/:0
[  473848ms] [ERROR] Failed to load resource: net::ERR_FAILED @ chrome-extension://invalid/:0
[  473959ms] [ERROR] Failed to load resource: net::ERR_FAILED @ chrome-extension://invalid/:0
[  474060ms] [ERROR] Failed to load resource: net::ERR_FAILED @ chrome-extension://invalid/:0
[  474162ms] [ERROR] Failed to load resource: net::ERR_FAILED @ chrome-extension://invalid/:0
[  474274ms] [ERROR] Failed to load resource: net::ERR_FAILED @ chrome-extension://invalid/:0
[  474382ms] [ERROR] Failed to load resource: net::ERR_FAILED @ chrome-extension://invalid/:0
[  474491ms] [ERROR] Failed to load resource: net::ERR_FAILED @ chrome-extension://invalid/:0
[  474598ms] [ERROR] Failed to load resource: net::ERR_FAILED @ chrome-extension://invalid/:0
[  474708ms] [ERROR] Failed to load resource: net::ERR_FAILED @ chrome-extension://invalid/:0
[  474818ms] [ERROR] Failed to load resource: net::ERR_FAILED @ chrome-extension://invalid/:0
[  474926ms] [ERROR] Failed to load resource: net::ERR_FAILED @ chrome-extension://invalid/:0
[  475027ms] [ERROR] Failed to load resource: net::ERR_FAILED @ chrome-extension://invalid/:0
[  475132ms] [ERROR] Failed to load resource: net::ERR_FAILED @ chrome-extension://invalid/:0
[  475239ms] [ERROR] Failed to load resource: net::ERR_FAILED @ chrome-extension://invalid/:0
[  475347ms] [ERROR] Failed to load resource: net::ERR_FAILED @ chrome-extension://invalid/:0
[  475455ms] [ERROR] Failed to load resource: net::ERR_FAILED @ chrome-extension://invalid/:0
[  475564ms] [ERROR] Failed to load resource: net::ERR_FAILED @ chrome-extension://invalid/:0
[  475674ms] [ERROR] Failed to load resource: net::ERR_FAILED @ chrome-extension://invalid/:0
[  475784ms] [ERROR] Failed to load resource: net::ERR_FAILED @ chrome-extension://invalid/:0
[  475893ms] [ERROR] Failed to load resource: net::ERR_FAILED @ chrome-extension://invalid/:0
[  476000ms] [ERROR] Failed to load resource: net::ERR_FAILED @ chrome-extension://invalid/:0
[  476110ms] [ERROR] Failed to load resource: net::ERR_FAILED @ chrome-extension://invalid/:0
[  476212ms] [ERROR] Failed to load resource: net::ERR_FAILED @ chrome-extension://invalid/:0
[  476313ms] [ERROR] Failed to load resource: net::ERR_FAILED @ chrome-extension://invalid/:0
[  476415ms] [ERROR] Failed to load resource: net::ERR_FAILED @ chrome-extension://invalid/:0
[  476518ms] [ERROR] Failed to load resource: net::ERR_FAILED @ chrome-extension://invalid/:0
[  476630ms] [ERROR] Failed to load resource: net::ERR_FAILED @ chrome-extension://invalid/:0
[  476740ms] [ERROR] Failed to load resource: net::ERR_FAILED @ chrome-extension://invalid/:0
[  476847ms] [ERROR] Failed to load resource: net::ERR_FAILED @ chrome-extension://invalid/:0
[  476955ms] [ERROR] Failed to load resource: net::ERR_FAILED @ chrome-extension://invalid/:0
[  477067ms] [ERROR] Failed to load resource: net::ERR_FAILED @ chrome-extension://invalid/:0
[  477174ms] [ERROR] Failed to load resource: net::ERR_FAILED @ chrome-extension://invalid/:0
[  477285ms] [ERROR] Failed to load resource: net::ERR_FAILED @ chrome-extension://invalid/:0
[  477398ms] [ERROR] Failed to load resource: net::ERR_FAILED @ chrome-extension://invalid/:0
[  477508ms] [ERROR] Failed to load resource: net::ERR_FAILED @ chrome-extension://invalid/:0
[  477618ms] [ERROR] Failed to load resource: net::ERR_FAILED @ chrome-extension://invalid/:0
[  477719ms] [ERROR] Failed to load resource: net::ERR_FAILED @ chrome-extension://invalid/:0
[  477822ms] [ERROR] Failed to load resource: net::ERR_FAILED @ chrome-extension://invalid/:0
[  477930ms] [ERROR] Failed to load resource: net::ERR_FAILED @ chrome-extension://invalid/:0
[  478041ms] [ERROR] Failed to load resource: net::ERR_FAILED @ chrome-extension://invalid/:0
[  478151ms] [ERROR] Failed to load resource: net::ERR_FAILED @ chrome-extension://invalid/:0
[  478258ms] [ERROR] Failed to load resource: net::ERR_FAILED @ chrome-extension://invalid/:0
[  478371ms] [ERROR] Failed to load resource: net::ERR_FAILED @ chrome-extension://invalid/:0
[  478480ms] [ERROR] Failed to load resource: net::ERR_FAILED @ chrome-extension://invalid/:0
[  478589ms] [ERROR] Failed to load resource: net::ERR_FAILED @ chrome-extension://invalid/:0
[  478701ms] [ERROR] Failed to load resource: net::ERR_FAILED @ chrome-extension://invalid/:0
[  478810ms] [ERROR] Failed to load resource: net::ERR_FAILED @ chrome-extension://invalid/:0
[  478914ms] [ERROR] Failed to load resource: net::ERR_FAILED @ chrome-extension://invalid/:0
[  479015ms] [ERROR] Failed to load resource: net::ERR_FAILED @ chrome-extension://invalid/:0
[  479117ms] [ERROR] Failed to load resource: net::ERR_FAILED @ chrome-extension://invalid/:0
[  479234ms] [ERROR] Failed to load resource: net::ERR_FAILED @ chrome-extension://invalid/:0
[  479344ms] [ERROR] Failed to load resource: net::ERR_FAILED @ chrome-extension://invalid/:0
[  479452ms] [ERROR] Failed to load resource: net::ERR_FAILED @ chrome-extension://invalid/:0
[  479561ms] [ERROR] Failed to load resource: net::ERR_FAILED @ chrome-extension://invalid/:0
[  479673ms] [ERROR] Failed to load resource: net::ERR_FAILED @ chrome-extension://invalid/:0
[  479783ms] [ERROR] Failed to load resource: net::ERR_FAILED @ chrome-extension://invalid/:0
[  479891ms] [ERROR] Failed to load resource: net::ERR_FAILED @ chrome-extension://invalid/:0
[  480001ms] [ERROR] Failed to load resource: net::ERR_FAILED @ chrome-extension://invalid/:0
[  480111ms] [ERROR] Failed to load resource: net::ERR_FAILED @ chrome-extension://invalid/:0
[  480222ms] [ERROR] Failed to load resource: net::ERR_FAILED @ chrome-extension://invalid/:0
[  480333ms] [ERROR] Failed to load resource: net::ERR_FAILED @ chrome-extension://invalid/:0
[  480441ms] [ERROR] Failed to load resource: net::ERR_FAILED @ chrome-extension://invalid/:0
[  480543ms] [ERROR] Failed to load resource: net::ERR_FAILED @ chrome-extension://invalid/:0
[  480648ms] [ERROR] Failed to load resource: net::ERR_FAILED @ chrome-extension://invalid/:0
[  480755ms] [ERROR] Failed to load resource: net::ERR_FAILED @ chrome-extension://invalid/:0
[  480863ms] [ERROR] Failed to load resource: net::ERR_FAILED @ chrome-extension://invalid/:0
[  480974ms] [ERROR] Failed to load resource: net::ERR_FAILED @ chrome-extension://invalid/:0
[  481086ms] [ERROR] Failed to load resource: net::ERR_FAILED @ chrome-extension://invalid/:0
[  481193ms] [ERROR] Failed to load resource: net::ERR_FAILED @ chrome-extension://invalid/:0
[  481294ms] [ERROR] Failed to load resource: net::ERR_FAILED @ chrome-extension://invalid/:0
[  481396ms] [ERROR] Failed to load resource: net::ERR_FAILED @ chrome-extension://invalid/:0
[  481497ms] [ERROR] Failed to load resource: net::ERR_FAILED @ chrome-extension://invalid/:0
[  481599ms] [ERROR] Failed to load resource: net::ERR_FAILED @ chrome-extension://invalid/:0
[  481708ms] [ERROR] Failed to load resource: net::ERR_FAILED @ chrome-extension://invalid/:0
[  481816ms] [ERROR] Failed to load resource: net::ERR_FAILED @ chrome-extension://invalid/:0
[  481925ms] [ERROR] Failed to load resource: net::ERR_FAILED @ chrome-extension://invalid/:0
[  482035ms] [ERROR] Failed to load resource: net::ERR_FAILED @ chrome-extension://invalid/:0
[  482147ms] [ERROR] Failed to load resource: net::ERR_FAILED @ chrome-extension://invalid/:0
[  482256ms] [ERROR] Failed to load resource: net::ERR_FAILED @ chrome-extension://invalid/:0
[  482366ms] [ERROR] Failed to load resource: net::ERR_FAILED @ chrome-extension://invalid/:0
[  482470ms] [ERROR] Failed to load resource: net::ERR_FAILED @ chrome-extension://invalid/:0
[  482572ms] [ERROR] Failed to load resource: net::ERR_FAILED @ chrome-extension://invalid/:0
[  482682ms] [ERROR] Failed to load resource: net::ERR_FAILED @ chrome-extension://invalid/:0
[  482783ms] [ERROR] Failed to load resource: net::ERR_FAILED @ chrome-extension://invalid/:0
[  482888ms] [ERROR] Failed to load resource: net::ERR_FAILED @ chrome-extension://invalid/:0
[  482995ms] [ERROR] Failed to load resource: net::ERR_FAILED @ chrome-extension://invalid/:0
[  483107ms] [ERROR] Failed to load resource: net::ERR_FAILED @ chrome-extension://invalid/:0
[  483214ms] [ERROR] Failed to load resource: net::ERR_FAILED @ chrome-extension://invalid/:0
[  483322ms] [ERROR] Failed to load resource: net::ERR_FAILED @ chrome-extension://invalid/:0
[  483430ms] [ERROR] Failed to load resource: net::ERR_FAILED @ chrome-extension://invalid/:0
[  483540ms] [ERROR] Failed to load resource: net::ERR_FAILED @ chrome-extension://invalid/:0
[  483649ms] [ERROR] Failed to load resource: net::ERR_FAILED @ chrome-extension://invalid/:0
[  483750ms] [ERROR] Failed to load resource: net::ERR_FAILED @ chrome-extension://invalid/:0
[  483856ms] [ERROR] Failed to load resource: net::ERR_FAILED @ chrome-extension://invalid/:0
[  483965ms] [ERROR] Failed to load resource: net::ERR_FAILED @ chrome-extension://invalid/:0
[  484074ms] [ERROR] Failed to load resource: net::ERR_FAILED @ chrome-extension://invalid/:0
[  484182ms] [ERROR] Failed to load resource: net::ERR_FAILED @ chrome-extension://invalid/:0
[  484290ms] [ERROR] Failed to load resource: net::ERR_FAILED @ chrome-extension://invalid/:0
[  484400ms] [ERROR] Failed to load resource: net::ERR_FAILED @ chrome-extension://invalid/:0
[  484507ms] [ERROR] Failed to load resource: net::ERR_FAILED @ chrome-extension://invalid/:0
[  484616ms] [ERROR] Failed to load resource: net::ERR_FAILED @ chrome-extension://invalid/:0
[  484723ms] [ERROR] Failed to load resource: net::ERR_FAILED @ chrome-extension://invalid/:0
[  484824ms] [ERROR] Failed to load resource: net::ERR_FAILED @ chrome-extension://invalid/:0
[  484926ms] [ERROR] Failed to load resource: net::ERR_FAILED @ chrome-extension://invalid/:0
[  485035ms] [ERROR] Failed to load resource: net::ERR_FAILED @ chrome-extension://invalid/:0
[  485144ms] [ERROR] Failed to load resource: net::ERR_FAILED @ chrome-extension://invalid/:0
[  485245ms] [ERROR] Failed to load resource: net::ERR_FAILED @ chrome-extension://invalid/:0
[  485349ms] [ERROR] Failed to load resource: net::ERR_FAILED @ chrome-extension://invalid/:0
[  485457ms] [ERROR] Failed to load resource: net::ERR_FAILED @ chrome-extension://invalid/:0
[  485558ms] [ERROR] Failed to load resource: net::ERR_FAILED @ chrome-extension://invalid/:0
[  485674ms] [ERROR] Failed to load resource: net::ERR_FAILED @ chrome-extension://invalid/:0
[  485785ms] [ERROR] Failed to load resource: net::ERR_FAILED @ chrome-extension://invalid/:0
[  485894ms] [ERROR] Failed to load resource: net::ERR_FAILED @ chrome-extension://invalid/:0
[  485996ms] [ERROR] Failed to load resource: net::ERR_FAILED @ chrome-extension://invalid/:0
[  486097ms] [ERROR] Failed to load resource: net::ERR_FAILED @ chrome-extension://invalid/:0
[  486205ms] [ERROR] Failed to load resource: net::ERR_FAILED @ chrome-extension://invalid/:0
[  486316ms] [ERROR] Failed to load resource: net::ERR_FAILED @ chrome-extension://invalid/:0
[  486417ms] [ERROR] Failed to load resource: net::ERR_FAILED @ chrome-extension://invalid/:0
[  486520ms] [ERROR] Failed to load resource: net::ERR_FAILED @ chrome-extension://invalid/:0
[  486629ms] [ERROR] Failed to load resource: net::ERR_FAILED @ chrome-extension://invalid/:0
[  486737ms] [ERROR] Failed to load resource: net::ERR_FAILED @ chrome-extension://invalid/:0
[  486847ms] [ERROR] Failed to load resource: net::ERR_FAILED @ chrome-extension://invalid/:0
[  486955ms] [ERROR] Failed to load resource: net::ERR_FAILED @ chrome-extension://invalid/:0
[  487066ms] [ERROR] Failed to load resource: net::ERR_FAILED @ chrome-extension://invalid/:0
[  487174ms] [ERROR] Failed to load resource: net::ERR_FAILED @ chrome-extension://invalid/:0
[  487284ms] [ERROR] Failed to load resource: net::ERR_FAILED @ chrome-extension://invalid/:0
[  487392ms] [ERROR] Failed to load resource: net::ERR_FAILED @ chrome-extension://invalid/:0
[  487503ms] [ERROR] Failed to load resource: net::ERR_FAILED @ chrome-extension://invalid/:0
[  487613ms] [ERROR] Failed to load resource: net::ERR_FAILED @ chrome-extension://invalid/:0
[  487721ms] [ERROR] Failed to load resource: net::ERR_FAILED @ chrome-extension://invalid/:0
[  487823ms] [ERROR] Failed to load resource: net::ERR_FAILED @ chrome-extension://invalid/:0
[  487925ms] [ERROR] Failed to load resource: net::ERR_FAILED @ chrome-extension://invalid/:0
[  488030ms] [ERROR] Failed to load resource: net::ERR_FAILED @ chrome-extension://invalid/:0
[  488139ms] [ERROR] Failed to load resource: net::ERR_FAILED @ chrome-extension://invalid/:0
[  488249ms] [ERROR] Failed to load resource: net::ERR_FAILED @ chrome-extension://invalid/:0
[  488360ms] [ERROR] Failed to load resource: net::ERR_FAILED @ chrome-extension://invalid/:0
[  488469ms] [ERROR] Failed to load resource: net::ERR_FAILED @ chrome-extension://invalid/:0
[  488578ms] [ERROR] Failed to load resource: net::ERR_FAILED @ chrome-extension://invalid/:0
[  488690ms] [ERROR] Failed to load resource: net::ERR_FAILED @ chrome-extension://invalid/:0
[  488791ms] [ERROR] Failed to load resource: net::ERR_FAILED @ chrome-extension://invalid/:0
[  488895ms] [ERROR] Failed to load resource: net::ERR_FAILED @ chrome-extension://invalid/:0
[  489004ms] [ERROR] Failed to load resource: net::ERR_FAILED @ chrome-extension://invalid/:0
[  489113ms] [ERROR] Failed to load resource: net::ERR_FAILED @ chrome-extension://invalid/:0
[  489223ms] [ERROR] Failed to load resource: net::ERR_FAILED @ chrome-extension://invalid/:0
[  489332ms] [ERROR] Failed to load resource: net::ERR_FAILED @ chrome-extension://invalid/:0
[  489441ms] [ERROR] Failed to load resource: net::ERR_FAILED @ chrome-extension://invalid/:0
[  489549ms] [ERROR] Failed to load resource: net::ERR_FAILED @ chrome-extension://invalid/:0
[  489658ms] [ERROR] Failed to load resource: net::ERR_FAILED @ chrome-extension://invalid/:0
[  489767ms] [ERROR] Failed to load resource: net::ERR_FAILED @ chrome-extension://invalid/:0
[  489875ms] [ERROR] Failed to load resource: net::ERR_FAILED @ chrome-extension://invalid/:0
[  489984ms] [ERROR] Failed to load resource: net::ERR_FAILED @ chrome-extension://invalid/:0
[  490093ms] [ERROR] Failed to load resource: net::ERR_FAILED @ chrome-extension://invalid/:0
[  490205ms] [ERROR] Failed to load resource: net::ERR_FAILED @ chrome-extension://invalid/:0
[  490314ms] [ERROR] Failed to load resource: net::ERR_FAILED @ chrome-extension://invalid/:0
[  490415ms] [ERROR] Failed to load resource: net::ERR_FAILED @ chrome-extension://invalid/:0
[  490530ms] [ERROR] Failed to load resource: net::ERR_FAILED @ chrome-extension://invalid/:0
[  490632ms] [ERROR] Failed to load resource: net::ERR_FAILED @ chrome-extension://invalid/:0
[  490735ms] [ERROR] Failed to load resource: net::ERR_FAILED @ chrome-extension://invalid/:0
[  490844ms] [ERROR] Failed to load resource: net::ERR_FAILED @ chrome-extension://invalid/:0
[  490952ms] [ERROR] Failed to load resource: net::ERR_FAILED @ chrome-extension://invalid/:0
[  491060ms] [ERROR] Failed to load resource: net::ERR_FAILED @ chrome-extension://invalid/:0
[  491169ms] [ERROR] Failed to load resource: net::ERR_FAILED @ chrome-extension://invalid/:0
[  491282ms] [ERROR] Failed to load resource: net::ERR_FAILED @ chrome-extension://invalid/:0
[  491393ms] [ERROR] Failed to load resource: net::ERR_FAILED @ chrome-extension://invalid/:0
[  491495ms] [ERROR] Failed to load resource: net::ERR_FAILED @ chrome-extension://invalid/:0
[  491602ms] [ERROR] Failed to load resource: net::ERR_FAILED @ chrome-extension://invalid/:0
[  491717ms] [ERROR] Failed to load resource: net::ERR_FAILED @ chrome-extension://invalid/:0
[  491826ms] [ERROR] Failed to load resource: net::ERR_FAILED @ chrome-extension://invalid/:0
[  491936ms] [ERROR] Failed to load resource: net::ERR_FAILED @ chrome-extension://invalid/:0
[  492046ms] [ERROR] Failed to load resource: net::ERR_FAILED @ chrome-extension://invalid/:0
[  492159ms] [ERROR] Failed to load resource: net::ERR_FAILED @ chrome-extension://invalid/:0
[  492269ms] [ERROR] Failed to load resource: net::ERR_FAILED @ chrome-extension://invalid/:0
[  492377ms] [ERROR] Failed to load resource: net::ERR_FAILED @ chrome-extension://invalid/:0
[  492488ms] [ERROR] Failed to load resource: net::ERR_FAILED @ chrome-extension://invalid/:0
[  492597ms] [ERROR] Failed to load resource: net::ERR_FAILED @ chrome-extension://invalid/:0
[  492707ms] [ERROR] Failed to load resource: net::ERR_FAILED @ chrome-extension://invalid/:0
[  492816ms] [ERROR] Failed to load resource: net::ERR_FAILED @ chrome-extension://invalid/:0
[  492926ms] [ERROR] Failed to load resource: net::ERR_FAILED @ chrome-extension://invalid/:0
[  493034ms] [ERROR] Failed to load resource: net::ERR_FAILED @ chrome-extension://invalid/:0
[  493135ms] [ERROR] Failed to load resource: net::ERR_FAILED @ chrome-extension://invalid/:0
[  493236ms] [ERROR] Failed to load resource: net::ERR_FAILED @ chrome-extension://invalid/:0
[  493345ms] [ERROR] Failed to load resource: net::ERR_FAILED @ chrome-extension://invalid/:0
[  493453ms] [ERROR] Failed to load resource: net::ERR_FAILED @ chrome-extension://invalid/:0
[  493563ms] [ERROR] Failed to load resource: net::ERR_FAILED @ chrome-extension://invalid/:0
[  493665ms] [ERROR] Failed to load resource: net::ERR_FAILED @ chrome-extension://invalid/:0
[  493781ms] [ERROR] Failed to load resource: net::ERR_FAILED @ chrome-extension://invalid/:0
[  493883ms] [ERROR] Failed to load resource: net::ERR_FAILED @ chrome-extension://invalid/:0
[  493985ms] [ERROR] Failed to load resource: net::ERR_FAILED @ chrome-extension://invalid/:0
[  494096ms] [ERROR] Failed to load resource: net::ERR_FAILED @ chrome-extension://invalid/:0
[  494205ms] [ERROR] Failed to load resource: net::ERR_FAILED @ chrome-extension://invalid/:0
[  494316ms] [ERROR] Failed to load resource: net::ERR_FAILED @ chrome-extension://invalid/:0
[  494417ms] [ERROR] Failed to load resource: net::ERR_FAILED @ chrome-extension://invalid/:0
[  494524ms] [ERROR] Failed to load resource: net::ERR_FAILED @ chrome-extension://invalid/:0
[  494642ms] [ERROR] Failed to load resource: net::ERR_FAILED @ chrome-extension://invalid/:0
[  494754ms] [ERROR] Failed to load resource: net::ERR_FAILED @ chrome-extension://invalid/:0
[  494864ms] [ERROR] Failed to load resource: net::ERR_FAILED @ chrome-extension://invalid/:0
[  494972ms] [ERROR] Failed to load resource: net::ERR_FAILED @ chrome-extension://invalid/:0
[  495081ms] [ERROR] Failed to load resource: net::ERR_FAILED @ chrome-extension://invalid/:0
[  495182ms] [ERROR] Failed to load resource: net::ERR_FAILED @ chrome-extension://invalid/:0
[  495299ms] [ERROR] Failed to load resource: net::ERR_FAILED @ chrome-extension://invalid/:0
[  495409ms] [ERROR] Failed to load resource: net::ERR_FAILED @ chrome-extension://invalid/:0
[  495518ms] [ERROR] Failed to load resource: net::ERR_FAILED @ chrome-extension://invalid/:0
[  495628ms] [ERROR] Failed to load resource: net::ERR_FAILED @ chrome-extension://invalid/:0
[  495737ms] [ERROR] Failed to load resource: net::ERR_FAILED @ chrome-extension://invalid/:0
[  495846ms] [ERROR] Failed to load resource: net::ERR_FAILED @ chrome-extension://invalid/:0
[  495955ms] [ERROR] Failed to load resource: net::ERR_FAILED @ chrome-extension://invalid/:0
[  496067ms] [ERROR] Failed to load resource: net::ERR_FAILED @ chrome-extension://invalid/:0
[  496170ms] [ERROR] Failed to load resource: net::ERR_FAILED @ chrome-extension://invalid/:0
[  496284ms] [ERROR] Failed to load resource: net::ERR_FAILED @ chrome-extension://invalid/:0
[  496398ms] [ERROR] Failed to load resource: net::ERR_FAILED @ chrome-extension://invalid/:0
[  496507ms] [ERROR] Failed to load resource: net::ERR_FAILED @ chrome-extension://invalid/:0
[  496617ms] [ERROR] Failed to load resource: net::ERR_FAILED @ chrome-extension://invalid/:0
[  496729ms] [ERROR] Failed to load resource: net::ERR_FAILED @ chrome-extension://invalid/:0
[  496836ms] [ERROR] Failed to load resource: net::ERR_FAILED @ chrome-extension://invalid/:0
[  496945ms] [ERROR] Failed to load resource: net::ERR_FAILED @ chrome-extension://invalid/:0
[  497055ms] [ERROR] Failed to load resource: net::ERR_FAILED @ chrome-extension://invalid/:0
[  497161ms] [ERROR] Failed to load resource: net::ERR_FAILED @ chrome-extension://invalid/:0
[  497270ms] [ERROR] Failed to load resource: net::ERR_FAILED @ chrome-extension://invalid/:0
[  497371ms] [ERROR] Failed to load resource: net::ERR_FAILED @ chrome-extension://invalid/:0
[  497486ms] [ERROR] Failed to load resource: net::ERR_FAILED @ chrome-extension://invalid/:0
[  497594ms] [ERROR] Failed to load resource: net::ERR_FAILED @ chrome-extension://invalid/:0
[  497703ms] [ERROR] Failed to load resource: net::ERR_FAILED @ chrome-extension://invalid/:0
[  497813ms] [ERROR] Failed to load resource: net::ERR_FAILED @ chrome-extension://invalid/:0
[  497914ms] [ERROR] Failed to load resource: net::ERR_FAILED @ chrome-extension://invalid/:0
[  498021ms] [ERROR] Failed to load resource: net::ERR_FAILED @ chrome-extension://invalid/:0
[  498128ms] [ERROR] Failed to load resource: net::ERR_FAILED @ chrome-extension://invalid/:0
[  498239ms] [ERROR] Failed to load resource: net::ERR_FAILED @ chrome-extension://invalid/:0
[  498347ms] [ERROR] Failed to load resource: net::ERR_FAILED @ chrome-extension://invalid/:0
[  498457ms] [ERROR] Failed to load resource: net::ERR_FAILED @ chrome-extension://invalid/:0
[  498568ms] [ERROR] Failed to load resource: net::ERR_FAILED @ chrome-extension://invalid/:0
[  498676ms] [ERROR] Failed to load resource: net::ERR_FAILED @ chrome-extension://invalid/:0
[  498785ms] [ERROR] Failed to load resource: net::ERR_FAILED @ chrome-extension://invalid/:0
[  498892ms] [ERROR] Failed to load resource: net::ERR_FAILED @ chrome-extension://invalid/:0
[  499001ms] [ERROR] Failed to load resource: net::ERR_FAILED @ chrome-extension://invalid/:0
[  499124ms] [ERROR] Failed to load resource: net::ERR_FAILED @ chrome-extension://invalid/:0
[  499235ms] [ERROR] Failed to load resource: net::ERR_FAILED @ chrome-extension://invalid/:0
[  499342ms] [ERROR] Failed to load resource: net::ERR_FAILED @ chrome-extension://invalid/:0
[  499451ms] [ERROR] Failed to load resource: net::ERR_FAILED @ chrome-extension://invalid/:0
[  499552ms] [ERROR] Failed to load resource: net::ERR_FAILED @ chrome-extension://invalid/:0
[  499658ms] [ERROR] Failed to load resource: net::ERR_FAILED @ chrome-extension://invalid/:0
[  499768ms] [ERROR] Failed to load resource: net::ERR_FAILED @ chrome-extension://invalid/:0
[  499877ms] [ERROR] Failed to load resource: net::ERR_FAILED @ chrome-extension://invalid/:0
[  499986ms] [ERROR] Failed to load resource: net::ERR_FAILED @ chrome-extension://invalid/:0
[  500096ms] [ERROR] Failed to load resource: net::ERR_FAILED @ chrome-extension://invalid/:0
[  500197ms] [ERROR] Failed to load resource: net::ERR_FAILED @ chrome-extension://invalid/:0
[  500299ms] [ERROR] Failed to load resource: net::ERR_FAILED @ chrome-extension://invalid/:0
[  500411ms] [ERROR] Failed to load resource: net::ERR_FAILED @ chrome-extension://invalid/:0
[  500521ms] [ERROR] Failed to load resource: net::ERR_FAILED @ chrome-extension://invalid/:0
[  500622ms] [ERROR] Failed to load resource: net::ERR_FAILED @ chrome-extension://invalid/:0
[  500724ms] [ERROR] Failed to load resource: net::ERR_FAILED @ chrome-extension://invalid/:0
[  500825ms] [ERROR] Failed to load resource: net::ERR_FAILED @ chrome-extension://invalid/:0
[  500941ms] [ERROR] Failed to load resource: net::ERR_FAILED @ chrome-extension://invalid/:0
[  501050ms] [ERROR] Failed to load resource: net::ERR_FAILED @ chrome-extension://invalid/:0
[  501158ms] [ERROR] Failed to load resource: net::ERR_FAILED @ chrome-extension://invalid/:0
[  501259ms] [ERROR] Failed to load resource: net::ERR_FAILED @ chrome-extension://invalid/:0
[  501364ms] [ERROR] Failed to load resource: net::ERR_FAILED @ chrome-extension://invalid/:0
[  501476ms] [ERROR] Failed to load resource: net::ERR_FAILED @ chrome-extension://invalid/:0
[  501583ms] [ERROR] Failed to load resource: net::ERR_FAILED @ chrome-extension://invalid/:0
[  501696ms] [ERROR] Failed to load resource: net::ERR_FAILED @ chrome-extension://invalid/:0
[  501805ms] [ERROR] Failed to load resource: net::ERR_FAILED @ chrome-extension://invalid/:0
[  501913ms] [ERROR] Failed to load resource: net::ERR_FAILED @ chrome-extension://invalid/:0
[  502024ms] [ERROR] Failed to load resource: net::ERR_FAILED @ chrome-extension://invalid/:0
[  502135ms] [ERROR] Failed to load resource: net::ERR_FAILED @ chrome-extension://invalid/:0
[  502243ms] [ERROR] Failed to load resource: net::ERR_FAILED @ chrome-extension://invalid/:0
[  502351ms] [ERROR] Failed to load resource: net::ERR_FAILED @ chrome-extension://invalid/:0
[  502459ms] [ERROR] Failed to load resource: net::ERR_FAILED @ chrome-extension://invalid/:0
[  502567ms] [ERROR] Failed to load resource: net::ERR_FAILED @ chrome-extension://invalid/:0
[  502677ms] [ERROR] Failed to load resource: net::ERR_FAILED @ chrome-extension://invalid/:0
[  502778ms] [ERROR] Failed to load resource: net::ERR_FAILED @ chrome-extension://invalid/:0
[  502894ms] [ERROR] Failed to load resource: net::ERR_FAILED @ chrome-extension://invalid/:0
[  503003ms] [ERROR] Failed to load resource: net::ERR_FAILED @ chrome-extension://invalid/:0
[  503113ms] [ERROR] Failed to load resource: net::ERR_FAILED @ chrome-extension://invalid/:0
[  503223ms] [ERROR] Failed to load resource: net::ERR_FAILED @ chrome-extension://invalid/:0
[  503335ms] [ERROR] Failed to load resource: net::ERR_FAILED @ chrome-extension://invalid/:0
[  503445ms] [ERROR] Failed to load resource: net::ERR_FAILED @ chrome-extension://invalid/:0
[  503552ms] [ERROR] Failed to load resource: net::ERR_FAILED @ chrome-extension://invalid/:0
[  503663ms] [ERROR] Failed to load resource: net::ERR_FAILED @ chrome-extension://invalid/:0
[  503770ms] [ERROR] Failed to load resource: net::ERR_FAILED @ chrome-extension://invalid/:0
[  503881ms] [ERROR] Failed to load resource: net::ERR_FAILED @ chrome-extension://invalid/:0
[  503988ms] [ERROR] Failed to load resource: net::ERR_FAILED @ chrome-extension://invalid/:0
[  504097ms] [ERROR] Failed to load resource: net::ERR_FAILED @ chrome-extension://invalid/:0
[  504204ms] [ERROR] Failed to load resource: net::ERR_FAILED @ chrome-extension://invalid/:0
[  504313ms] [ERROR] Failed to load resource: net::ERR_FAILED @ chrome-extension://invalid/:0
[  504423ms] [ERROR] Failed to load resource: net::ERR_FAILED @ chrome-extension://invalid/:0
[  504525ms] [ERROR] Failed to load resource: net::ERR_FAILED @ chrome-extension://invalid/:0
[  504628ms] [ERROR] Failed to load resource: net::ERR_FAILED @ chrome-extension://invalid/:0
[  504738ms] [ERROR] Failed to load resource: net::ERR_FAILED @ chrome-extension://invalid/:0
[  504849ms] [ERROR] Failed to load resource: net::ERR_FAILED @ chrome-extension://invalid/:0
[  504960ms] [ERROR] Failed to load resource: net::ERR_FAILED @ chrome-extension://invalid/:0
[  505072ms] [ERROR] Failed to load resource: net::ERR_FAILED @ chrome-extension://invalid/:0
[  505182ms] [ERROR] Failed to load resource: net::ERR_FAILED @ chrome-extension://invalid/:0
[  505291ms] [ERROR] Failed to load resource: net::ERR_FAILED @ chrome-extension://invalid/:0
[  505402ms] [ERROR] Failed to load resource: net::ERR_FAILED @ chrome-extension://invalid/:0
[  505512ms] [ERROR] Failed to load resource: net::ERR_FAILED @ chrome-extension://invalid/:0
[  505618ms] [ERROR] Failed to load resource: net::ERR_FAILED @ chrome-extension://invalid/:0
[  505727ms] [ERROR] Failed to load resource: net::ERR_FAILED @ chrome-extension://invalid/:0
[  505828ms] [ERROR] Failed to load resource: net::ERR_FAILED @ chrome-extension://invalid/:0
[  505931ms] [ERROR] Failed to load resource: net::ERR_FAILED @ chrome-extension://invalid/:0
[  506031ms] [ERROR] Failed to load resource: net::ERR_FAILED @ chrome-extension://invalid/:0
[  506147ms] [ERROR] Failed to load resource: net::ERR_FAILED @ chrome-extension://invalid/:0
[  506256ms] [ERROR] Failed to load resource: net::ERR_FAILED @ chrome-extension://invalid/:0
[  506357ms] [ERROR] Failed to load resource: net::ERR_FAILED @ chrome-extension://invalid/:0
[  506461ms] [ERROR] Failed to load resource: net::ERR_FAILED @ chrome-extension://invalid/:0
[  506570ms] [ERROR] Failed to load resource: net::ERR_FAILED @ chrome-extension://invalid/:0
[  506682ms] [ERROR] Failed to load resource: net::ERR_FAILED @ chrome-extension://invalid/:0
[  506792ms] [ERROR] Failed to load resource: net::ERR_FAILED @ chrome-extension://invalid/:0
[  506901ms] [ERROR] Failed to load resource: net::ERR_FAILED @ chrome-extension://invalid/:0
[  507009ms] [ERROR] Failed to load resource: net::ERR_FAILED @ chrome-extension://invalid/:0
[  507118ms] [ERROR] Failed to load resource: net::ERR_FAILED @ chrome-extension://invalid/:0
[  507227ms] [ERROR] Failed to load resource: net::ERR_FAILED @ chrome-extension://invalid/:0
[  507328ms] [ERROR] Failed to load resource: net::ERR_FAILED @ chrome-extension://invalid/:0
[  507430ms] [ERROR] Failed to load resource: net::ERR_FAILED @ chrome-extension://invalid/:0
[  507540ms] [ERROR] Failed to load resource: net::ERR_FAILED @ chrome-extension://invalid/:0
[  507647ms] [ERROR] Failed to load resource: net::ERR_FAILED @ chrome-extension://invalid/:0
[  507755ms] [ERROR] Failed to load resource: net::ERR_FAILED @ chrome-extension://invalid/:0
[  507857ms] [ERROR] Failed to load resource: net::ERR_FAILED @ chrome-extension://invalid/:0
[  507958ms] [ERROR] Failed to load resource: net::ERR_FAILED @ chrome-extension://invalid/:0
[  508064ms] [ERROR] Failed to load resource: net::ERR_FAILED @ chrome-extension://invalid/:0
[  508173ms] [ERROR] Failed to load resource: net::ERR_FAILED @ chrome-extension://invalid/:0
[  508282ms] [ERROR] Failed to load resource: net::ERR_FAILED @ chrome-extension://invalid/:0
[  508390ms] [ERROR] Failed to load resource: net::ERR_FAILED @ chrome-extension://invalid/:0
[  508500ms] [ERROR] Failed to load resource: net::ERR_FAILED @ chrome-extension://invalid/:0
[  508608ms] [ERROR] Failed to load resource: net::ERR_FAILED @ chrome-extension://invalid/:0
[  508716ms] [ERROR] Failed to load resource: net::ERR_FAILED @ chrome-extension://invalid/:0
[  508821ms] [ERROR] Failed to load resource: net::ERR_FAILED @ chrome-extension://invalid/:0
[  508930ms] [ERROR] Failed to load resource: net::ERR_FAILED @ chrome-extension://invalid/:0
[  509044ms] [ERROR] Failed to load resource: net::ERR_FAILED @ chrome-extension://invalid/:0
[  509154ms] [ERROR] Failed to load resource: net::ERR_FAILED @ chrome-extension://invalid/:0
[  509261ms] [ERROR] Failed to load resource: net::ERR_FAILED @ chrome-extension://invalid/:0
[  509371ms] [ERROR] Failed to load resource: net::ERR_FAILED @ chrome-extension://invalid/:0
[  509479ms] [ERROR] Failed to load resource: net::ERR_FAILED @ chrome-extension://invalid/:0
[  509580ms] [ERROR] Failed to load resource: net::ERR_FAILED @ chrome-extension://invalid/:0
[  509684ms] [ERROR] Failed to load resource: net::ERR_FAILED @ chrome-extension://invalid/:0
[  509792ms] [ERROR] Failed to load resource: net::ERR_FAILED @ chrome-extension://invalid/:0
[  509899ms] [ERROR] Failed to load resource: net::ERR_FAILED @ chrome-extension://invalid/:0
[  510007ms] [ERROR] Failed to load resource: net::ERR_FAILED @ chrome-extension://invalid/:0
[  510116ms] [ERROR] Failed to load resource: net::ERR_FAILED @ chrome-extension://invalid/:0
[  510224ms] [ERROR] Failed to load resource: net::ERR_FAILED @ chrome-extension://invalid/:0
[  510335ms] [ERROR] Failed to load resource: net::ERR_FAILED @ chrome-extension://invalid/:0
[  510445ms] [ERROR] Failed to load resource: net::ERR_FAILED @ chrome-extension://invalid/:0
[  510547ms] [ERROR] Failed to load resource: net::ERR_FAILED @ chrome-extension://invalid/:0
[  510651ms] [ERROR] Failed to load resource: net::ERR_FAILED @ chrome-extension://invalid/:0
[  510752ms] [ERROR] Failed to load resource: net::ERR_FAILED @ chrome-extension://invalid/:0
[  510857ms] [ERROR] Failed to load resource: net::ERR_FAILED @ chrome-extension://invalid/:0
[  510966ms] [ERROR] Failed to load resource: net::ERR_FAILED @ chrome-extension://invalid/:0
[  511072ms] [ERROR] Failed to load resource: net::ERR_FAILED @ chrome-extension://invalid/:0
[  511184ms] [ERROR] Failed to load resource: net::ERR_FAILED @ chrome-extension://invalid/:0
[  511292ms] [ERROR] Failed to load resource: net::ERR_FAILED @ chrome-extension://invalid/:0
[  511402ms] [ERROR] Failed to load resource: net::ERR_FAILED @ chrome-extension://invalid/:0
[  511511ms] [ERROR] Failed to load resource: net::ERR_FAILED @ chrome-extension://invalid/:0
[  511612ms] [ERROR] Failed to load resource: net::ERR_FAILED @ chrome-extension://invalid/:0
[  511715ms] [ERROR] Failed to load resource: net::ERR_FAILED @ chrome-extension://invalid/:0
[  511817ms] [ERROR] Failed to load resource: net::ERR_FAILED @ chrome-extension://invalid/:0
[  511920ms] [ERROR] Failed to load resource: net::ERR_FAILED @ chrome-extension://invalid/:0
[  512025ms] [ERROR] Failed to load resource: net::ERR_FAILED @ chrome-extension://invalid/:0
[  512126ms] [ERROR] Failed to load resource: net::ERR_FAILED @ chrome-extension://invalid/:0
[  512227ms] [ERROR] Failed to load resource: net::ERR_FAILED @ chrome-extension://invalid/:0
[  512337ms] [ERROR] Failed to load resource: net::ERR_FAILED @ chrome-extension://invalid/:0
[  512439ms] [ERROR] Failed to load resource: net::ERR_FAILED @ chrome-extension://invalid/:0
[  512540ms] [ERROR] Failed to load resource: net::ERR_FAILED @ chrome-extension://invalid/:0
[  512641ms] [ERROR] Failed to load resource: net::ERR_FAILED @ chrome-extension://invalid/:0
[  512743ms] [ERROR] Failed to load resource: net::ERR_FAILED @ chrome-extension://invalid/:0
[  512853ms] [ERROR] Failed to load resource: net::ERR_FAILED @ chrome-extension://invalid/:0
[  512964ms] [ERROR] Failed to load resource: net::ERR_FAILED @ chrome-extension://invalid/:0
[  513073ms] [ERROR] Failed to load resource: net::ERR_FAILED @ chrome-extension://invalid/:0
[  513181ms] [ERROR] Failed to load resource: net::ERR_FAILED @ chrome-extension://invalid/:0
[  513291ms] [ERROR] Failed to load resource: net::ERR_FAILED @ chrome-extension://invalid/:0
[  513394ms] [ERROR] Failed to load resource: net::ERR_FAILED @ chrome-extension://invalid/:0
[  513508ms] [ERROR] Failed to load resource: net::ERR_FAILED @ chrome-extension://invalid/:0
[  513617ms] [ERROR] Failed to load resource: net::ERR_FAILED @ chrome-extension://invalid/:0
[  513727ms] [ERROR] Failed to load resource: net::ERR_FAILED @ chrome-extension://invalid/:0
[  513836ms] [ERROR] Failed to load resource: net::ERR_FAILED @ chrome-extension://invalid/:0
[  513943ms] [ERROR] Failed to load resource: net::ERR_FAILED @ chrome-extension://invalid/:0
[  514045ms] [ERROR] Failed to load resource: net::ERR_FAILED @ chrome-extension://invalid/:0
[  514146ms] [ERROR] Failed to load resource: net::ERR_FAILED @ chrome-extension://invalid/:0
[  514260ms] [ERROR] Failed to load resource: net::ERR_FAILED @ chrome-extension://invalid/:0
[  514369ms] [ERROR] Failed to load resource: net::ERR_FAILED @ chrome-extension://invalid/:0
[  514477ms] [ERROR] Failed to load resource: net::ERR_FAILED @ chrome-extension://invalid/:0
[  514586ms] [ERROR] Failed to load resource: net::ERR_FAILED @ chrome-extension://invalid/:0
[  514695ms] [ERROR] Failed to load resource: net::ERR_FAILED @ chrome-extension://invalid/:0
[  514807ms] [ERROR] Failed to load resource: net::ERR_FAILED @ chrome-extension://invalid/:0
[  514909ms] [ERROR] Failed to load resource: net::ERR_FAILED @ chrome-extension://invalid/:0
[  515012ms] [ERROR] Failed to load resource: net::ERR_FAILED @ chrome-extension://invalid/:0
[  515113ms] [ERROR] Failed to load resource: net::ERR_FAILED @ chrome-extension://invalid/:0
[  515226ms] [ERROR] Failed to load resource: net::ERR_FAILED @ chrome-extension://invalid/:0
[  515328ms] [ERROR] Failed to load resource: net::ERR_FAILED @ chrome-extension://invalid/:0
[  515445ms] [ERROR] Failed to load resource: net::ERR_FAILED @ chrome-extension://invalid/:0
[  515547ms] [ERROR] Failed to load resource: net::ERR_FAILED @ chrome-extension://invalid/:0
[  515650ms] [ERROR] Failed to load resource: net::ERR_FAILED @ chrome-extension://invalid/:0
[  515760ms] [ERROR] Failed to load resource: net::ERR_FAILED @ chrome-extension://invalid/:0
[  515862ms] [ERROR] Failed to load resource: net::ERR_FAILED @ chrome-extension://invalid/:0
[  515978ms] [ERROR] Failed to load resource: net::ERR_FAILED @ chrome-extension://invalid/:0
[  516086ms] [ERROR] Failed to load resource: net::ERR_FAILED @ chrome-extension://invalid/:0
[  516196ms] [ERROR] Failed to load resource: net::ERR_FAILED @ chrome-extension://invalid/:0
[  516306ms] [ERROR] Failed to load resource: net::ERR_FAILED @ chrome-extension://invalid/:0
[  516417ms] [ERROR] Failed to load resource: net::ERR_FAILED @ chrome-extension://invalid/:0
[  516523ms] [ERROR] Failed to load resource: net::ERR_FAILED @ chrome-extension://invalid/:0
[  516637ms] [ERROR] Failed to load resource: net::ERR_FAILED @ chrome-extension://invalid/:0
[  516746ms] [ERROR] Failed to load resource: net::ERR_FAILED @ chrome-extension://invalid/:0
[  516855ms] [ERROR] Failed to load resource: net::ERR_FAILED @ chrome-extension://invalid/:0
[  516966ms] [ERROR] Failed to load resource: net::ERR_FAILED @ chrome-extension://invalid/:0
[  517067ms] [ERROR] Failed to load resource: net::ERR_FAILED @ chrome-extension://invalid/:0
[  517170ms] [ERROR] Failed to load resource: net::ERR_FAILED @ chrome-extension://invalid/:0
[  517280ms] [ERROR] Failed to load resource: net::ERR_FAILED @ chrome-extension://invalid/:0
[  517389ms] [ERROR] Failed to load resource: net::ERR_FAILED @ chrome-extension://invalid/:0
[  517498ms] [ERROR] Failed to load resource: net::ERR_FAILED @ chrome-extension://invalid/:0
[  517609ms] [ERROR] Failed to load resource: net::ERR_FAILED @ chrome-extension://invalid/:0
[  517718ms] [ERROR] Failed to load resource: net::ERR_FAILED @ chrome-extension://invalid/:0
[  517822ms] [ERROR] Failed to load resource: net::ERR_FAILED @ chrome-extension://invalid/:0
[  517929ms] [ERROR] Failed to load resource: net::ERR_FAILED @ chrome-extension://invalid/:0
[  518030ms] [ERROR] Failed to load resource: net::ERR_FAILED @ chrome-extension://invalid/:0
[  518135ms] [ERROR] Failed to load resource: net::ERR_FAILED @ chrome-extension://invalid/:0
[  518236ms] [ERROR] Failed to load resource: net::ERR_FAILED @ chrome-extension://invalid/:0
[  518353ms] [ERROR] Failed to load resource: net::ERR_FAILED @ chrome-extension://invalid/:0
[  518463ms] [ERROR] Failed to load resource: net::ERR_FAILED @ chrome-extension://invalid/:0
[  518574ms] [ERROR] Failed to load resource: net::ERR_FAILED @ chrome-extension://invalid/:0
[  518684ms] [ERROR] Failed to load resource: net::ERR_FAILED @ chrome-extension://invalid/:0
[  518786ms] [ERROR] Failed to load resource: net::ERR_FAILED @ chrome-extension://invalid/:0
[  518889ms] [ERROR] Failed to load resource: net::ERR_FAILED @ chrome-extension://invalid/:0
[  518997ms] [ERROR] Failed to load resource: net::ERR_FAILED @ chrome-extension://invalid/:0
[  519106ms] [ERROR] Failed to load resource: net::ERR_FAILED @ chrome-extension://invalid/:0
[  519213ms] [ERROR] Failed to load resource: net::ERR_FAILED @ chrome-extension://invalid/:0
[  519321ms] [ERROR] Failed to load resource: net::ERR_FAILED @ chrome-extension://invalid/:0
[  519435ms] [ERROR] Failed to load resource: net::ERR_FAILED @ chrome-extension://invalid/:0
[  519544ms] [ERROR] Failed to load resource: net::ERR_FAILED @ chrome-extension://invalid/:0
[  519653ms] [ERROR] Failed to load resource: net::ERR_FAILED @ chrome-extension://invalid/:0
[  519764ms] [ERROR] Failed to load resource: net::ERR_FAILED @ chrome-extension://invalid/:0
[  519872ms] [ERROR] Failed to load resource: net::ERR_FAILED @ chrome-extension://invalid/:0
[  519985ms] [ERROR] Failed to load resource: net::ERR_FAILED @ chrome-extension://invalid/:0
[  520094ms] [ERROR] Failed to load resource: net::ERR_FAILED @ chrome-extension://invalid/:0
[  520200ms] [ERROR] Failed to load resource: net::ERR_FAILED @ chrome-extension://invalid/:0
[  520308ms] [ERROR] Failed to load resource: net::ERR_FAILED @ chrome-extension://invalid/:0
[  520416ms] [ERROR] Failed to load resource: net::ERR_FAILED @ chrome-extension://invalid/:0
[  520524ms] [ERROR] Failed to load resource: net::ERR_FAILED @ chrome-extension://invalid/:0
[  520632ms] [ERROR] Failed to load resource: net::ERR_FAILED @ chrome-extension://invalid/:0
[  520742ms] [ERROR] Failed to load resource: net::ERR_FAILED @ chrome-extension://invalid/:0
[  520849ms] [ERROR] Failed to load resource: net::ERR_FAILED @ chrome-extension://invalid/:0
[  520958ms] [ERROR] Failed to load resource: net::ERR_FAILED @ chrome-extension://invalid/:0
[  521068ms] [ERROR] Failed to load resource: net::ERR_FAILED @ chrome-extension://invalid/:0
[  521177ms] [ERROR] Failed to load resource: net::ERR_FAILED @ chrome-extension://invalid/:0
[  521285ms] [ERROR] Failed to load resource: net::ERR_FAILED @ chrome-extension://invalid/:0
[  521395ms] [ERROR] Failed to load resource: net::ERR_FAILED @ chrome-extension://invalid/:0
[  521506ms] [ERROR] Failed to load resource: net::ERR_FAILED @ chrome-extension://invalid/:0
[  521618ms] [ERROR] Failed to load resource: net::ERR_FAILED @ chrome-extension://invalid/:0
[  521727ms] [ERROR] Failed to load resource: net::ERR_FAILED @ chrome-extension://invalid/:0
[  521836ms] [ERROR] Failed to load resource: net::ERR_FAILED @ chrome-extension://invalid/:0
[  521944ms] [ERROR] Failed to load resource: net::ERR_FAILED @ chrome-extension://invalid/:0
[  522055ms] [ERROR] Failed to load resource: net::ERR_FAILED @ chrome-extension://invalid/:0
[  522164ms] [ERROR] Failed to load resource: net::ERR_FAILED @ chrome-extension://invalid/:0
[  522265ms] [ERROR] Failed to load resource: net::ERR_FAILED @ chrome-extension://invalid/:0
[  522378ms] [ERROR] Failed to load resource: net::ERR_FAILED @ chrome-extension://invalid/:0
[  522487ms] [ERROR] Failed to load resource: net::ERR_FAILED @ chrome-extension://invalid/:0
[  522588ms] [ERROR] Failed to load resource: net::ERR_FAILED @ chrome-extension://invalid/:0
[  522704ms] [ERROR] Failed to load resource: net::ERR_FAILED @ chrome-extension://invalid/:0
[  522813ms] [ERROR] Failed to load resource: net::ERR_FAILED @ chrome-extension://invalid/:0
[  522915ms] [ERROR] Failed to load resource: net::ERR_FAILED @ chrome-extension://invalid/:0
[  523017ms] [ERROR] Failed to load resource: net::ERR_FAILED @ chrome-extension://invalid/:0
[  523119ms] [ERROR] Failed to load resource: net::ERR_FAILED @ chrome-extension://invalid/:0
[  523221ms] [ERROR] Failed to load resource: net::ERR_FAILED @ chrome-extension://invalid/:0
[  523328ms] [ERROR] Failed to load resource: net::ERR_FAILED @ chrome-extension://invalid/:0
[  523438ms] [ERROR] Failed to load resource: net::ERR_FAILED @ chrome-extension://invalid/:0
[  523545ms] [ERROR] Failed to load resource: net::ERR_FAILED @ chrome-extension://invalid/:0
[  523658ms] [ERROR] Failed to load resource: net::ERR_FAILED @ chrome-extension://invalid/:0
[  523767ms] [ERROR] Failed to load resource: net::ERR_FAILED @ chrome-extension://invalid/:0
[  523878ms] [ERROR] Failed to load resource: net::ERR_FAILED @ chrome-extension://invalid/:0
[  523986ms] [ERROR] Failed to load resource: net::ERR_FAILED @ chrome-extension://invalid/:0
[  524097ms] [ERROR] Failed to load resource: net::ERR_FAILED @ chrome-extension://invalid/:0
[  524206ms] [ERROR] Failed to load resource: net::ERR_FAILED @ chrome-extension://invalid/:0
[  524315ms] [ERROR] Failed to load resource: net::ERR_FAILED @ chrome-extension://invalid/:0
[  524423ms] [ERROR] Failed to load resource: net::ERR_FAILED @ chrome-extension://invalid/:0
[  524524ms] [ERROR] Failed to load resource: net::ERR_FAILED @ chrome-extension://invalid/:0
[  524638ms] [ERROR] Failed to load resource: net::ERR_FAILED @ chrome-extension://invalid/:0
[  524747ms] [ERROR] Failed to load resource: net::ERR_FAILED @ chrome-extension://invalid/:0
[  524856ms] [ERROR] Failed to load resource: net::ERR_FAILED @ chrome-extension://invalid/:0
[  524966ms] [ERROR] Failed to load resource: net::ERR_FAILED @ chrome-extension://invalid/:0
[  525079ms] [ERROR] Failed to load resource: net::ERR_FAILED @ chrome-extension://invalid/:0
[  525187ms] [ERROR] Failed to load resource: net::ERR_FAILED @ chrome-extension://invalid/:0
[  525295ms] [ERROR] Failed to load resource: net::ERR_FAILED @ chrome-extension://invalid/:0
[  525403ms] [ERROR] Failed to load resource: net::ERR_FAILED @ chrome-extension://invalid/:0
[  525512ms] [ERROR] Failed to load resource: net::ERR_FAILED @ chrome-extension://invalid/:0
[  525618ms] [ERROR] Failed to load resource: net::ERR_FAILED @ chrome-extension://invalid/:0
[  525727ms] [ERROR] Failed to load resource: net::ERR_FAILED @ chrome-extension://invalid/:0
[  525839ms] [ERROR] Failed to load resource: net::ERR_FAILED @ chrome-extension://invalid/:0
[  525949ms] [ERROR] Failed to load resource: net::ERR_FAILED @ chrome-extension://invalid/:0
[  526051ms] [ERROR] Failed to load resource: net::ERR_FAILED @ chrome-extension://invalid/:0
[  526155ms] [ERROR] Failed to load resource: net::ERR_FAILED @ chrome-extension://invalid/:0
[  526266ms] [ERROR] Failed to load resource: net::ERR_FAILED @ chrome-extension://invalid/:0
[  526374ms] [ERROR] Failed to load resource: net::ERR_FAILED @ chrome-extension://invalid/:0
[  526482ms] [ERROR] Failed to load resource: net::ERR_FAILED @ chrome-extension://invalid/:0
[  526583ms] [ERROR] Failed to load resource: net::ERR_FAILED @ chrome-extension://invalid/:0
[  526685ms] [ERROR] Failed to load resource: net::ERR_FAILED @ chrome-extension://invalid/:0
[  526794ms] [ERROR] Failed to load resource: net::ERR_FAILED @ chrome-extension://invalid/:0
[  526903ms] [ERROR] Failed to load resource: net::ERR_FAILED @ chrome-extension://invalid/:0
[  527013ms] [ERROR] Failed to load resource: net::ERR_FAILED @ chrome-extension://invalid/:0
[  527120ms] [ERROR] Failed to load resource: net::ERR_FAILED @ chrome-extension://invalid/:0
[  527228ms] [ERROR] Failed to load resource: net::ERR_FAILED @ chrome-extension://invalid/:0
[  527338ms] [ERROR] Failed to load resource: net::ERR_FAILED @ chrome-extension://invalid/:0
[  527450ms] [ERROR] Failed to load resource: net::ERR_FAILED @ chrome-extension://invalid/:0
[  527559ms] [ERROR] Failed to load resource: net::ERR_FAILED @ chrome-extension://invalid/:0
[  527667ms] [ERROR] Failed to load resource: net::ERR_FAILED @ chrome-extension://invalid/:0
[  527776ms] [ERROR] Failed to load resource: net::ERR_FAILED @ chrome-extension://invalid/:0
[  527888ms] [ERROR] Failed to load resource: net::ERR_FAILED @ chrome-extension://invalid/:0
[  527997ms] [ERROR] Failed to load resource: net::ERR_FAILED @ chrome-extension://invalid/:0
[  528107ms] [ERROR] Failed to load resource: net::ERR_FAILED @ chrome-extension://invalid/:0
[  528215ms] [ERROR] Failed to load resource: net::ERR_FAILED @ chrome-extension://invalid/:0
[  528321ms] [ERROR] Failed to load resource: net::ERR_FAILED @ chrome-extension://invalid/:0
[  528431ms] [ERROR] Failed to load resource: net::ERR_FAILED @ chrome-extension://invalid/:0
[  528543ms] [ERROR] Failed to load resource: net::ERR_FAILED @ chrome-extension://invalid/:0
[  528654ms] [ERROR] Failed to load resource: net::ERR_FAILED @ chrome-extension://invalid/:0
[  528763ms] [ERROR] Failed to load resource: net::ERR_FAILED @ chrome-extension://invalid/:0
[  528872ms] [ERROR] Failed to load resource: net::ERR_FAILED @ chrome-extension://invalid/:0
[  528982ms] [ERROR] Failed to load resource: net::ERR_FAILED @ chrome-extension://invalid/:0
[  529083ms] [ERROR] Failed to load resource: net::ERR_FAILED @ chrome-extension://invalid/:0
[  529187ms] [ERROR] Failed to load resource: net::ERR_FAILED @ chrome-extension://invalid/:0
[  529295ms] [ERROR] Failed to load resource: net::ERR_FAILED @ chrome-extension://invalid/:0
[  529404ms] [ERROR] Failed to load resource: net::ERR_FAILED @ chrome-extension://invalid/:0
[  529518ms] [ERROR] Failed to load resource: net::ERR_FAILED @ chrome-extension://invalid/:0
[  529632ms] [ERROR] Failed to load resource: net::ERR_FAILED @ chrome-extension://invalid/:0
[  529743ms] [ERROR] Failed to load resource: net::ERR_FAILED @ chrome-extension://invalid/:0
[  529855ms] [ERROR] Failed to load resource: net::ERR_FAILED @ chrome-extension://invalid/:0
[  529968ms] [ERROR] Failed to load resource: net::ERR_FAILED @ chrome-extension://invalid/:0
[  530080ms] [ERROR] Failed to load resource: net::ERR_FAILED @ chrome-extension://invalid/:0
[  530191ms] [ERROR] Failed to load resource: net::ERR_FAILED @ chrome-extension://invalid/:0
[  530302ms] [ERROR] Failed to load resource: net::ERR_FAILED @ chrome-extension://invalid/:0
[  530412ms] [ERROR] Failed to load resource: net::ERR_FAILED @ chrome-extension://invalid/:0
[  530519ms] [ERROR] Failed to load resource: net::ERR_FAILED @ chrome-extension://invalid/:0
[  530628ms] [ERROR] Failed to load resource: net::ERR_FAILED @ chrome-extension://invalid/:0
[  530738ms] [ERROR] Failed to load resource: net::ERR_FAILED @ chrome-extension://invalid/:0
[  530848ms] [ERROR] Failed to load resource: net::ERR_FAILED @ chrome-extension://invalid/:0
[  530957ms] [ERROR] Failed to load resource: net::ERR_FAILED @ chrome-extension://invalid/:0
[  531065ms] [ERROR] Failed to load resource: net::ERR_FAILED @ chrome-extension://invalid/:0
[  531177ms] [ERROR] Failed to load resource: net::ERR_FAILED @ chrome-extension://invalid/:0
[  531284ms] [ERROR] Failed to load resource: net::ERR_FAILED @ chrome-extension://invalid/:0
[  531394ms] [ERROR] Failed to load resource: net::ERR_FAILED @ chrome-extension://invalid/:0
[  531503ms] [ERROR] Failed to load resource: net::ERR_FAILED @ chrome-extension://invalid/:0
[  531612ms] [ERROR] Failed to load resource: net::ERR_FAILED @ chrome-extension://invalid/:0
[  531720ms] [ERROR] Failed to load resource: net::ERR_FAILED @ chrome-extension://invalid/:0
[  531821ms] [ERROR] Failed to load resource: net::ERR_FAILED @ chrome-extension://invalid/:0
[  531936ms] [ERROR] Failed to load resource: net::ERR_FAILED @ chrome-extension://invalid/:0
[  532047ms] [ERROR] Failed to load resource: net::ERR_FAILED @ chrome-extension://invalid/:0
[  532159ms] [ERROR] Failed to load resource: net::ERR_FAILED @ chrome-extension://invalid/:0
[  532268ms] [ERROR] Failed to load resource: net::ERR_FAILED @ chrome-extension://invalid/:0
[  532377ms] [ERROR] Failed to load resource: net::ERR_FAILED @ chrome-extension://invalid/:0
[  532486ms] [ERROR] Failed to load resource: net::ERR_FAILED @ chrome-extension://invalid/:0
[  532599ms] [ERROR] Failed to load resource: net::ERR_FAILED @ chrome-extension://invalid/:0
[  532706ms] [ERROR] Failed to load resource: net::ERR_FAILED @ chrome-extension://invalid/:0
[  532815ms] [ERROR] Failed to load resource: net::ERR_FAILED @ chrome-extension://invalid/:0
[  532923ms] [ERROR] Failed to load resource: net::ERR_FAILED @ chrome-extension://invalid/:0
[  533024ms] [ERROR] Failed to load resource: net::ERR_FAILED @ chrome-extension://invalid/:0
[  533126ms] [ERROR] Failed to load resource: net::ERR_FAILED @ chrome-extension://invalid/:0
[  533236ms] [ERROR] Failed to load resource: net::ERR_FAILED @ chrome-extension://invalid/:0
[  533348ms] [ERROR] Failed to load resource: net::ERR_FAILED @ chrome-extension://invalid/:0
[  533450ms] [ERROR] Failed to load resource: net::ERR_FAILED @ chrome-extension://invalid/:0
[  533552ms] [ERROR] Failed to load resource: net::ERR_FAILED @ chrome-extension://invalid/:0
[  533663ms] [ERROR] Failed to load resource: net::ERR_FAILED @ chrome-extension://invalid/:0
[  533771ms] [ERROR] Failed to load resource: net::ERR_FAILED @ chrome-extension://invalid/:0
[  533877ms] [ERROR] Failed to load resource: net::ERR_FAILED @ chrome-extension://invalid/:0
[  533985ms] [ERROR] Failed to load resource: net::ERR_FAILED @ chrome-extension://invalid/:0
[  534092ms] [ERROR] Failed to load resource: net::ERR_FAILED @ chrome-extension://invalid/:0
[  534200ms] [ERROR] Failed to load resource: net::ERR_FAILED @ chrome-extension://invalid/:0
[  534308ms] [ERROR] Failed to load resource: net::ERR_FAILED @ chrome-extension://invalid/:0
[  534416ms] [ERROR] Failed to load resource: net::ERR_FAILED @ chrome-extension://invalid/:0
[  534524ms] [ERROR] Failed to load resource: net::ERR_FAILED @ chrome-extension://invalid/:0
[  534636ms] [ERROR] Failed to load resource: net::ERR_FAILED @ chrome-extension://invalid/:0
[  534747ms] [ERROR] Failed to load resource: net::ERR_FAILED @ chrome-extension://invalid/:0
[  534858ms] [ERROR] Failed to load resource: net::ERR_FAILED @ chrome-extension://invalid/:0
[  534966ms] [ERROR] Failed to load resource: net::ERR_FAILED @ chrome-extension://invalid/:0
[  535074ms] [ERROR] Failed to load resource: net::ERR_FAILED @ chrome-extension://invalid/:0
[  535182ms] [ERROR] Failed to load resource: net::ERR_FAILED @ chrome-extension://invalid/:0
[  535293ms] [ERROR] Failed to load resource: net::ERR_FAILED @ chrome-extension://invalid/:0
[  535405ms] [ERROR] Failed to load resource: net::ERR_FAILED @ chrome-extension://invalid/:0
[  535513ms] [ERROR] Failed to load resource: net::ERR_FAILED @ chrome-extension://invalid/:0
[  535618ms] [ERROR] Failed to load resource: net::ERR_FAILED @ chrome-extension://invalid/:0
[  535726ms] [ERROR] Failed to load resource: net::ERR_FAILED @ chrome-extension://invalid/:0
[  535843ms] [ERROR] Failed to load resource: net::ERR_FAILED @ chrome-extension://invalid/:0
[  535953ms] [ERROR] Failed to load resource: net::ERR_FAILED @ chrome-extension://invalid/:0
[  536063ms] [ERROR] Failed to load resource: net::ERR_FAILED @ chrome-extension://invalid/:0
[  536173ms] [ERROR] Failed to load resource: net::ERR_FAILED @ chrome-extension://invalid/:0
[  536274ms] [ERROR] Failed to load resource: net::ERR_FAILED @ chrome-extension://invalid/:0
[  536389ms] [ERROR] Failed to load resource: net::ERR_FAILED @ chrome-extension://invalid/:0
[  536497ms] [ERROR] Failed to load resource: net::ERR_FAILED @ chrome-extension://invalid/:0
[  536605ms] [ERROR] Failed to load resource: net::ERR_FAILED @ chrome-extension://invalid/:0
[  536714ms] [ERROR] Failed to load resource: net::ERR_FAILED @ chrome-extension://invalid/:0
[  536815ms] [ERROR] Failed to load resource: net::ERR_FAILED @ chrome-extension://invalid/:0
[  536919ms] [ERROR] Failed to load resource: net::ERR_FAILED @ chrome-extension://invalid/:0
[  537024ms] [ERROR] Failed to load resource: net::ERR_FAILED @ chrome-extension://invalid/:0
[  537126ms] [ERROR] Failed to load resource: net::ERR_FAILED @ chrome-extension://invalid/:0
[  537228ms] [ERROR] Failed to load resource: net::ERR_FAILED @ chrome-extension://invalid/:0
[  537338ms] [ERROR] Failed to load resource: net::ERR_FAILED @ chrome-extension://invalid/:0
[  537444ms] [ERROR] Failed to load resource: net::ERR_FAILED @ chrome-extension://invalid/:0
[  537552ms] [ERROR] Failed to load resource: net::ERR_FAILED @ chrome-extension://invalid/:0
[  537652ms] [ERROR] Failed to load resource: net::ERR_FAILED @ chrome-extension://invalid/:0
[  537754ms] [ERROR] Failed to load resource: net::ERR_FAILED @ chrome-extension://invalid/:0
[  537863ms] [ERROR] Failed to load resource: net::ERR_FAILED @ chrome-extension://invalid/:0
[  537974ms] [ERROR] Failed to load resource: net::ERR_FAILED @ chrome-extension://invalid/:0
[  538084ms] [ERROR] Failed to load resource: net::ERR_FAILED @ chrome-extension://invalid/:0
[  538185ms] [ERROR] Failed to load resource: net::ERR_FAILED @ chrome-extension://invalid/:0
[  538286ms] [ERROR] Failed to load resource: net::ERR_FAILED @ chrome-extension://invalid/:0
[  538394ms] [ERROR] Failed to load resource: net::ERR_FAILED @ chrome-extension://invalid/:0
[  538503ms] [ERROR] Failed to load resource: net::ERR_FAILED @ chrome-extension://invalid/:0
[  538610ms] [ERROR] Failed to load resource: net::ERR_FAILED @ chrome-extension://invalid/:0
[  538711ms] [ERROR] Failed to load resource: net::ERR_FAILED @ chrome-extension://invalid/:0
[  538815ms] [ERROR] Failed to load resource: net::ERR_FAILED @ chrome-extension://invalid/:0
[  538924ms] [ERROR] Failed to load resource: net::ERR_FAILED @ chrome-extension://invalid/:0
[  539027ms] [ERROR] Failed to load resource: net::ERR_FAILED @ chrome-extension://invalid/:0
[  539141ms] [ERROR] Failed to load resource: net::ERR_FAILED @ chrome-extension://invalid/:0
[  539252ms] [ERROR] Failed to load resource: net::ERR_FAILED @ chrome-extension://invalid/:0
[  539363ms] [ERROR] Failed to load resource: net::ERR_FAILED @ chrome-extension://invalid/:0
[  539473ms] [ERROR] Failed to load resource: net::ERR_FAILED @ chrome-extension://invalid/:0
[  539575ms] [ERROR] Failed to load resource: net::ERR_FAILED @ chrome-extension://invalid/:0
[  539680ms] [ERROR] Failed to load resource: net::ERR_FAILED @ chrome-extension://invalid/:0
[  539792ms] [ERROR] Failed to load resource: net::ERR_FAILED @ chrome-extension://invalid/:0
[  539902ms] [ERROR] Failed to load resource: net::ERR_FAILED @ chrome-extension://invalid/:0
[  540013ms] [ERROR] Failed to load resource: net::ERR_FAILED @ chrome-extension://invalid/:0
[  540118ms] [ERROR] Failed to load resource: net::ERR_FAILED @ chrome-extension://invalid/:0
[  540229ms] [ERROR] Failed to load resource: net::ERR_FAILED @ chrome-extension://invalid/:0
[  540342ms] [ERROR] Failed to load resource: net::ERR_FAILED @ chrome-extension://invalid/:0
[  540452ms] [ERROR] Failed to load resource: net::ERR_FAILED @ chrome-extension://invalid/:0
[  540561ms] [ERROR] Failed to load resource: net::ERR_FAILED @ chrome-extension://invalid/:0
[  540669ms] [ERROR] Failed to load resource: net::ERR_FAILED @ chrome-extension://invalid/:0
[  540770ms] [ERROR] Failed to load resource: net::ERR_FAILED @ chrome-extension://invalid/:0
[  540872ms] [ERROR] Failed to load resource: net::ERR_FAILED @ chrome-extension://invalid/:0
[  540973ms] [ERROR] Failed to load resource: net::ERR_FAILED @ chrome-extension://invalid/:0
[  541074ms] [ERROR] Failed to load resource: net::ERR_FAILED @ chrome-extension://invalid/:0
[  541181ms] [ERROR] Failed to load resource: net::ERR_FAILED @ chrome-extension://invalid/:0
[  541290ms] [ERROR] Failed to load resource: net::ERR_FAILED @ chrome-extension://invalid/:0
[  541400ms] [ERROR] Failed to load resource: net::ERR_FAILED @ chrome-extension://invalid/:0
[  541512ms] [ERROR] Failed to load resource: net::ERR_FAILED @ chrome-extension://invalid/:0
[  541618ms] [ERROR] Failed to load resource: net::ERR_FAILED @ chrome-extension://invalid/:0
[  541734ms] [ERROR] Failed to load resource: net::ERR_FAILED @ chrome-extension://invalid/:0
[  541845ms] [ERROR] Failed to load resource: net::ERR_FAILED @ chrome-extension://invalid/:0
[  541953ms] [ERROR] Failed to load resource: net::ERR_FAILED @ chrome-extension://invalid/:0
[  542064ms] [ERROR] Failed to load resource: net::ERR_FAILED @ chrome-extension://invalid/:0
[  542173ms] [ERROR] Failed to load resource: net::ERR_FAILED @ chrome-extension://invalid/:0
[  542274ms] [ERROR] Failed to load resource: net::ERR_FAILED @ chrome-extension://invalid/:0
[  542375ms] [ERROR] Failed to load resource: net::ERR_FAILED @ chrome-extension://invalid/:0
[  542483ms] [ERROR] Failed to load resource: net::ERR_FAILED @ chrome-extension://invalid/:0
[  542592ms] [ERROR] Failed to load resource: net::ERR_FAILED @ chrome-extension://invalid/:0
[  542700ms] [ERROR] Failed to load resource: net::ERR_FAILED @ chrome-extension://invalid/:0
[  542810ms] [ERROR] Failed to load resource: net::ERR_FAILED @ chrome-extension://invalid/:0
[  542915ms] [ERROR] Failed to load resource: net::ERR_FAILED @ chrome-extension://invalid/:0
[  543024ms] [ERROR] Failed to load resource: net::ERR_FAILED @ chrome-extension://invalid/:0
[  543138ms] [ERROR] Failed to load resource: net::ERR_FAILED @ chrome-extension://invalid/:0
[  543248ms] [ERROR] Failed to load resource: net::ERR_FAILED @ chrome-extension://invalid/:0
[  543358ms] [ERROR] Failed to load resource: net::ERR_FAILED @ chrome-extension://invalid/:0
[  543467ms] [ERROR] Failed to load resource: net::ERR_FAILED @ chrome-extension://invalid/:0
[  543577ms] [ERROR] Failed to load resource: net::ERR_FAILED @ chrome-extension://invalid/:0
[  543688ms] [ERROR] Failed to load resource: net::ERR_FAILED @ chrome-extension://invalid/:0
[  543796ms] [ERROR] Failed to load resource: net::ERR_FAILED @ chrome-extension://invalid/:0
[  543905ms] [ERROR] Failed to load resource: net::ERR_FAILED @ chrome-extension://invalid/:0
[  544014ms] [ERROR] Failed to load resource: net::ERR_FAILED @ chrome-extension://invalid/:0
[  544118ms] [ERROR] Failed to load resource: net::ERR_FAILED @ chrome-extension://invalid/:0
[  544220ms] [ERROR] Failed to load resource: net::ERR_FAILED @ chrome-extension://invalid/:0
[  544327ms] [ERROR] Failed to load resource: net::ERR_FAILED @ chrome-extension://invalid/:0
[  544435ms] [ERROR] Failed to load resource: net::ERR_FAILED @ chrome-extension://invalid/:0
[  544544ms] [ERROR] Failed to load resource: net::ERR_FAILED @ chrome-extension://invalid/:0
[  544652ms] [ERROR] Failed to load resource: net::ERR_FAILED @ chrome-extension://invalid/:0
[  544753ms] [ERROR] Failed to load resource: net::ERR_FAILED @ chrome-extension://invalid/:0
[  544868ms] [ERROR] Failed to load resource: net::ERR_FAILED @ chrome-extension://invalid/:0
[  544979ms] [ERROR] Failed to load resource: net::ERR_FAILED @ chrome-extension://invalid/:0
[  545087ms] [ERROR] Failed to load resource: net::ERR_FAILED @ chrome-extension://invalid/:0
[  545200ms] [ERROR] Failed to load resource: net::ERR_FAILED @ chrome-extension://invalid/:0
[  545311ms] [ERROR] Failed to load resource: net::ERR_FAILED @ chrome-extension://invalid/:0
[  545416ms] [ERROR] Failed to load resource: net::ERR_FAILED @ chrome-extension://invalid/:0
[  545517ms] [ERROR] Failed to load resource: net::ERR_FAILED @ chrome-extension://invalid/:0
[  545619ms] [ERROR] Failed to load resource: net::ERR_FAILED @ chrome-extension://invalid/:0
[  545723ms] [ERROR] Failed to load resource: net::ERR_FAILED @ chrome-extension://invalid/:0
[  545830ms] [ERROR] Failed to load resource: net::ERR_FAILED @ chrome-extension://invalid/:0
[  545941ms] [ERROR] Failed to load resource: net::ERR_FAILED @ chrome-extension://invalid/:0
[  546049ms] [ERROR] Failed to load resource: net::ERR_FAILED @ chrome-extension://invalid/:0
[  546159ms] [ERROR] Failed to load resource: net::ERR_FAILED @ chrome-extension://invalid/:0
[  546266ms] [ERROR] Failed to load resource: net::ERR_FAILED @ chrome-extension://invalid/:0
[  546374ms] [ERROR] Failed to load resource: net::ERR_FAILED @ chrome-extension://invalid/:0
[  546483ms] [ERROR] Failed to load resource: net::ERR_FAILED @ chrome-extension://invalid/:0
[  546593ms] [ERROR] Failed to load resource: net::ERR_FAILED @ chrome-extension://invalid/:0
[  546702ms] [ERROR] Failed to load resource: net::ERR_FAILED @ chrome-extension://invalid/:0
[  546811ms] [ERROR] Failed to load resource: net::ERR_FAILED @ chrome-extension://invalid/:0
[  546915ms] [ERROR] Failed to load resource: net::ERR_FAILED @ chrome-extension://invalid/:0
[  547023ms] [ERROR] Failed to load resource: net::ERR_FAILED @ chrome-extension://invalid/:0
[  547139ms] [ERROR] Failed to load resource: net::ERR_FAILED @ chrome-extension://invalid/:0
[  547240ms] [ERROR] Failed to load resource: net::ERR_FAILED @ chrome-extension://invalid/:0
[  547342ms] [ERROR] Failed to load resource: net::ERR_FAILED @ chrome-extension://invalid/:0
[  547450ms] [ERROR] Failed to load resource: net::ERR_FAILED @ chrome-extension://invalid/:0
[  547559ms] [ERROR] Failed to load resource: net::ERR_FAILED @ chrome-extension://invalid/:0
[  547668ms] [ERROR] Failed to load resource: net::ERR_FAILED @ chrome-extension://invalid/:0
[  547770ms] [ERROR] Failed to load resource: net::ERR_FAILED @ chrome-extension://invalid/:0
[  547870ms] [ERROR] Failed to load resource: net::ERR_FAILED @ chrome-extension://invalid/:0
[  547973ms] [ERROR] Failed to load resource: net::ERR_FAILED @ chrome-extension://invalid/:0
[  548075ms] [ERROR] Failed to load resource: net::ERR_FAILED @ chrome-extension://invalid/:0
[  548187ms] [ERROR] Failed to load resource: net::ERR_FAILED @ chrome-extension://invalid/:0
[  548288ms] [ERROR] Failed to load resource: net::ERR_FAILED @ chrome-extension://invalid/:0
[  548389ms] [ERROR] Failed to load resource: net::ERR_FAILED @ chrome-extension://invalid/:0
[  548491ms] [ERROR] Failed to load resource: net::ERR_FAILED @ chrome-extension://invalid/:0
[  548607ms] [ERROR] Failed to load resource: net::ERR_FAILED @ chrome-extension://invalid/:0
[  548716ms] [ERROR] Failed to load resource: net::ERR_FAILED @ chrome-extension://invalid/:0
[  548818ms] [ERROR] Failed to load resource: net::ERR_FAILED @ chrome-extension://invalid/:0
[  548919ms] [ERROR] Failed to load resource: net::ERR_FAILED @ chrome-extension://invalid/:0
[  549024ms] [ERROR] Failed to load resource: net::ERR_FAILED @ chrome-extension://invalid/:0
[  549133ms] [ERROR] Failed to load resource: net::ERR_FAILED @ chrome-extension://invalid/:0
[  549235ms] [ERROR] Failed to load resource: net::ERR_FAILED @ chrome-extension://invalid/:0
[  549337ms] [ERROR] Failed to load resource: net::ERR_FAILED @ chrome-extension://invalid/:0
[  549446ms] [ERROR] Failed to load resource: net::ERR_FAILED @ chrome-extension://invalid/:0
[  549557ms] [ERROR] Failed to load resource: net::ERR_FAILED @ chrome-extension://invalid/:0
[  549666ms] [ERROR] Failed to load resource: net::ERR_FAILED @ chrome-extension://invalid/:0
[  549776ms] [ERROR] Failed to load resource: net::ERR_FAILED @ chrome-extension://invalid/:0
[  549887ms] [ERROR] Failed to load resource: net::ERR_FAILED @ chrome-extension://invalid/:0
[  549997ms] [ERROR] Failed to load resource: net::ERR_FAILED @ chrome-extension://invalid/:0
[  550107ms] [ERROR] Failed to load resource: net::ERR_FAILED @ chrome-extension://invalid/:0
[  550215ms] [ERROR] Failed to load resource: net::ERR_FAILED @ chrome-extension://invalid/:0
[  550318ms] [ERROR] Failed to load resource: net::ERR_FAILED @ chrome-extension://invalid/:0
[  550430ms] [ERROR] Failed to load resource: net::ERR_FAILED @ chrome-extension://invalid/:0
[  550542ms] [ERROR] Failed to load resource: net::ERR_FAILED @ chrome-extension://invalid/:0
[  550653ms] [ERROR] Failed to load resource: net::ERR_FAILED @ chrome-extension://invalid/:0
[  550763ms] [ERROR] Failed to load resource: net::ERR_FAILED @ chrome-extension://invalid/:0
[  550864ms] [ERROR] Failed to load resource: net::ERR_FAILED @ chrome-extension://invalid/:0
[  550966ms] [ERROR] Failed to load resource: net::ERR_FAILED @ chrome-extension://invalid/:0
[  551073ms] [ERROR] Failed to load resource: net::ERR_FAILED @ chrome-extension://invalid/:0
[  551184ms] [ERROR] Failed to load resource: net::ERR_FAILED @ chrome-extension://invalid/:0
[  551293ms] [ERROR] Failed to load resource: net::ERR_FAILED @ chrome-extension://invalid/:0
[  551399ms] [ERROR] Failed to load resource: net::ERR_FAILED @ chrome-extension://invalid/:0
[  551513ms] [ERROR] Failed to load resource: net::ERR_FAILED @ chrome-extension://invalid/:0
[  551618ms] [ERROR] Failed to load resource: net::ERR_FAILED @ chrome-extension://invalid/:0
[  551727ms] [ERROR] Failed to load resource: net::ERR_FAILED @ chrome-extension://invalid/:0
[  551843ms] [ERROR] Failed to load resource: net::ERR_FAILED @ chrome-extension://invalid/:0
[  551951ms] [ERROR] Failed to load resource: net::ERR_FAILED @ chrome-extension://invalid/:0
[  552053ms] [ERROR] Failed to load resource: net::ERR_FAILED @ chrome-extension://invalid/:0
[  552168ms] [ERROR] Failed to load resource: net::ERR_FAILED @ chrome-extension://invalid/:0
[  552278ms] [ERROR] Failed to load resource: net::ERR_FAILED @ chrome-extension://invalid/:0
[  552387ms] [ERROR] Failed to load resource: net::ERR_FAILED @ chrome-extension://invalid/:0
[  552497ms] [ERROR] Failed to load resource: net::ERR_FAILED @ chrome-extension://invalid/:0
[  552606ms] [ERROR] Failed to load resource: net::ERR_FAILED @ chrome-extension://invalid/:0
[  552716ms] [ERROR] Failed to load resource: net::ERR_FAILED @ chrome-extension://invalid/:0
[  552821ms] [ERROR] Failed to load resource: net::ERR_FAILED @ chrome-extension://invalid/:0
[  552930ms] [ERROR] Failed to load resource: net::ERR_FAILED @ chrome-extension://invalid/:0
[  553041ms] [ERROR] Failed to load resource: net::ERR_FAILED @ chrome-extension://invalid/:0
[  553150ms] [ERROR] Failed to load resource: net::ERR_FAILED @ chrome-extension://invalid/:0
[  553260ms] [ERROR] Failed to load resource: net::ERR_FAILED @ chrome-extension://invalid/:0
[  553361ms] [ERROR] Failed to load resource: net::ERR_FAILED @ chrome-extension://invalid/:0
[  553467ms] [ERROR] Failed to load resource: net::ERR_FAILED @ chrome-extension://invalid/:0
[  553575ms] [ERROR] Failed to load resource: net::ERR_FAILED @ chrome-extension://invalid/:0
[  553684ms] [ERROR] Failed to load resource: net::ERR_FAILED @ chrome-extension://invalid/:0
[  553796ms] [ERROR] Failed to load resource: net::ERR_FAILED @ chrome-extension://invalid/:0
[  553905ms] [ERROR] Failed to load resource: net::ERR_FAILED @ chrome-extension://invalid/:0
[  554012ms] [ERROR] Failed to load resource: net::ERR_FAILED @ chrome-extension://invalid/:0
[  554118ms] [ERROR] Failed to load resource: net::ERR_FAILED @ chrome-extension://invalid/:0
[  554220ms] [ERROR] Failed to load resource: net::ERR_FAILED @ chrome-extension://invalid/:0
[  554330ms] [ERROR] Failed to load resource: net::ERR_FAILED @ chrome-extension://invalid/:0
[  554443ms] [ERROR] Failed to load resource: net::ERR_FAILED @ chrome-extension://invalid/:0
[  554552ms] [ERROR] Failed to load resource: net::ERR_FAILED @ chrome-extension://invalid/:0
[  554660ms] [ERROR] Failed to load resource: net::ERR_FAILED @ chrome-extension://invalid/:0
[  554768ms] [ERROR] Failed to load resource: net::ERR_FAILED @ chrome-extension://invalid/:0
[  554877ms] [ERROR] Failed to load resource: net::ERR_FAILED @ chrome-extension://invalid/:0
[  554987ms] [ERROR] Failed to load resource: net::ERR_FAILED @ chrome-extension://invalid/:0
[  555097ms] [ERROR] Failed to load resource: net::ERR_FAILED @ chrome-extension://invalid/:0
[  555206ms] [ERROR] Failed to load resource: net::ERR_FAILED @ chrome-extension://invalid/:0
[  555314ms] [ERROR] Failed to load resource: net::ERR_FAILED @ chrome-extension://invalid/:0
[  555415ms] [ERROR] Failed to load resource: net::ERR_FAILED @ chrome-extension://invalid/:0
[  555517ms] [ERROR] Failed to load resource: net::ERR_FAILED @ chrome-extension://invalid/:0
